ERROR 2026-05-05 13:02:38,532 log 39016 34748 Internal Server Error: /students/1/
Traceback (most recent call last):
  File "C:\Users\it.sm.UG-EMERGENCY\AppData\Local\Programs\Python\Python313\Lib\site-packages\django\db\backends\utils.py", line 89, in _execute
    return self.cursor.execute(sql, params)
           ~~~~~~~~~~~~~~~~~~~^^^^^^^^^^^^^
  File "C:\Users\it.sm.UG-EMERGENCY\AppData\Local\Programs\Python\Python313\Lib\site-packages\django\db\backends\sqlite3\base.py", line 328, in execute
    return super().execute(query, params)
           ~~~~~~~~~~~~~~~^^^^^^^^^^^^^^^
sqlite3.OperationalError: no such column: students_student.current_year

The above exception was the direct cause of the following exception:

Traceback (most recent call last):
  File "C:\Users\it.sm.UG-EMERGENCY\AppData\Local\Programs\Python\Python313\Lib\site-packages\django\core\handlers\exception.py", line 55, in inner
    response = get_response(request)
  File "C:\Users\it.sm.UG-EMERGENCY\AppData\Local\Programs\Python\Python313\Lib\site-packages\django\core\handlers\base.py", line 197, in _get_response
    response = wrapped_callback(request, *callback_args, **callback_kwargs)
  File "C:\Users\it.sm.UG-EMERGENCY\AppData\Local\Programs\Python\Python313\Lib\site-packages\django\contrib\auth\decorators.py", line 23, in _wrapper_view
    return view_func(request, *args, **kwargs)
  File "C:\Users\it.sm.UG-EMERGENCY\Desktop\uni\hospital_meal_system\ums\students\views.py", line 36, in student_detail
    student = get_object_or_404(
        Student.objects.select_related('user', 'programme__department__faculty'),
        pk=pk
    )
  File "C:\Users\it.sm.UG-EMERGENCY\AppData\Local\Programs\Python\Python313\Lib\site-packages\django\shortcuts.py", line 85, in get_object_or_404
    return queryset.get(*args, **kwargs)
           ~~~~~~~~~~~~^^^^^^^^^^^^^^^^^
  File "C:\Users\it.sm.UG-EMERGENCY\AppData\Local\Programs\Python\Python313\Lib\site-packages\django\db\models\query.py", line 635, in get
    num = len(clone)
  File "C:\Users\it.sm.UG-EMERGENCY\AppData\Local\Programs\Python\Python313\Lib\site-packages\django\db\models\query.py", line 382, in __len__
    self._fetch_all()
    ~~~~~~~~~~~~~~~^^
  File "C:\Users\it.sm.UG-EMERGENCY\AppData\Local\Programs\Python\Python313\Lib\site-packages\django\db\models\query.py", line 1886, in _fetch_all
    self._result_cache = list(self._iterable_class(self))
                         ~~~~^^^^^^^^^^^^^^^^^^^^^^^^^^^^
  File "C:\Users\it.sm.UG-EMERGENCY\AppData\Local\Programs\Python\Python313\Lib\site-packages\django\db\models\query.py", line 93, in __iter__
    results = compiler.execute_sql(
        chunked_fetch=self.chunked_fetch, chunk_size=self.chunk_size
    )
  File "C:\Users\it.sm.UG-EMERGENCY\AppData\Local\Programs\Python\Python313\Lib\site-packages\django\db\models\sql\compiler.py", line 1562, in execute_sql
    cursor.execute(sql, params)
    ~~~~~~~~~~~~~~^^^^^^^^^^^^^
  File "C:\Users\it.sm.UG-EMERGENCY\AppData\Local\Programs\Python\Python313\Lib\site-packages\django\db\backends\utils.py", line 102, in execute
    return super().execute(sql, params)
           ~~~~~~~~~~~~~~~^^^^^^^^^^^^^
  File "C:\Users\it.sm.UG-EMERGENCY\AppData\Local\Programs\Python\Python313\Lib\site-packages\django\db\backends\utils.py", line 67, in execute
    return self._execute_with_wrappers(
           ~~~~~~~~~~~~~~~~~~~~~~~~~~~^
        sql, params, many=False, executor=self._execute
        ^^^^^^^^^^^^^^^^^^^^^^^^^^^^^^^^^^^^^^^^^^^^^^^
    )
    ^
  File "C:\Users\it.sm.UG-EMERGENCY\AppData\Local\Programs\Python\Python313\Lib\site-packages\django\db\backends\utils.py", line 80, in _execute_with_wrappers
    return executor(sql, params, many, context)
  File "C:\Users\it.sm.UG-EMERGENCY\AppData\Local\Programs\Python\Python313\Lib\site-packages\django\db\backends\utils.py", line 84, in _execute
    with self.db.wrap_database_errors:
         ^^^^^^^^^^^^^^^^^^^^^^^^^^^^
  File "C:\Users\it.sm.UG-EMERGENCY\AppData\Local\Programs\Python\Python313\Lib\site-packages\django\db\utils.py", line 91, in __exit__
    raise dj_exc_value.with_traceback(traceback) from exc_value
  File "C:\Users\it.sm.UG-EMERGENCY\AppData\Local\Programs\Python\Python313\Lib\site-packages\django\db\backends\utils.py", line 89, in _execute
    return self.cursor.execute(sql, params)
           ~~~~~~~~~~~~~~~~~~~^^^^^^^^^^^^^
  File "C:\Users\it.sm.UG-EMERGENCY\AppData\Local\Programs\Python\Python313\Lib\site-packages\django\db\backends\sqlite3\base.py", line 328, in execute
    return super().execute(query, params)
           ~~~~~~~~~~~~~~~^^^^^^^^^^^^^^^
django.db.utils.OperationalError: no such column: students_student.current_year
ERROR 2026-05-05 13:02:38,547 basehttp 39016 34748 "GET /students/1/?tab=results HTTP/1.1" 500 197805
ERROR 2026-05-05 13:02:49,517 log 39016 34748 Internal Server Error: /admin/students/student/
Traceback (most recent call last):
  File "C:\Users\it.sm.UG-EMERGENCY\AppData\Local\Programs\Python\Python313\Lib\site-packages\django\db\backends\utils.py", line 89, in _execute
    return self.cursor.execute(sql, params)
           ~~~~~~~~~~~~~~~~~~~^^^^^^^^^^^^^
  File "C:\Users\it.sm.UG-EMERGENCY\AppData\Local\Programs\Python\Python313\Lib\site-packages\django\db\backends\sqlite3\base.py", line 328, in execute
    return super().execute(query, params)
           ~~~~~~~~~~~~~~~^^^^^^^^^^^^^^^
sqlite3.OperationalError: no such column: students_student.current_year

The above exception was the direct cause of the following exception:

Traceback (most recent call last):
  File "C:\Users\it.sm.UG-EMERGENCY\AppData\Local\Programs\Python\Python313\Lib\site-packages\django\core\handlers\exception.py", line 55, in inner
    response = get_response(request)
  File "C:\Users\it.sm.UG-EMERGENCY\AppData\Local\Programs\Python\Python313\Lib\site-packages\django\core\handlers\base.py", line 197, in _get_response
    response = wrapped_callback(request, *callback_args, **callback_kwargs)
  File "C:\Users\it.sm.UG-EMERGENCY\AppData\Local\Programs\Python\Python313\Lib\site-packages\django\contrib\admin\options.py", line 689, in wrapper
    return self.admin_site.admin_view(view)(*args, **kwargs)
           ~~~~~~~~~~~~~~~~~~~~~~~~~~~~~~~~^^^^^^^^^^^^^^^^^
  File "C:\Users\it.sm.UG-EMERGENCY\AppData\Local\Programs\Python\Python313\Lib\site-packages\django\utils\decorators.py", line 134, in _wrapper_view
    response = view_func(request, *args, **kwargs)
  File "C:\Users\it.sm.UG-EMERGENCY\AppData\Local\Programs\Python\Python313\Lib\site-packages\django\views\decorators\cache.py", line 62, in _wrapper_view_func
    response = view_func(request, *args, **kwargs)
  File "C:\Users\it.sm.UG-EMERGENCY\AppData\Local\Programs\Python\Python313\Lib\site-packages\django\contrib\admin\sites.py", line 242, in inner
    return view(request, *args, **kwargs)
  File "C:\Users\it.sm.UG-EMERGENCY\AppData\Local\Programs\Python\Python313\Lib\site-packages\django\utils\decorators.py", line 46, in _wrapper
    return bound_method(*args, **kwargs)
  File "C:\Users\it.sm.UG-EMERGENCY\AppData\Local\Programs\Python\Python313\Lib\site-packages\django\utils\decorators.py", line 134, in _wrapper_view
    response = view_func(request, *args, **kwargs)
  File "C:\Users\it.sm.UG-EMERGENCY\AppData\Local\Programs\Python\Python313\Lib\site-packages\django\contrib\admin\options.py", line 2068, in changelist_view
    "selection_note": _("0 of %(cnt)s selected") % {"cnt": len(cl.result_list)},
                                                           ~~~^^^^^^^^^^^^^^^^
  File "C:\Users\it.sm.UG-EMERGENCY\AppData\Local\Programs\Python\Python313\Lib\site-packages\django\db\models\query.py", line 382, in __len__
    self._fetch_all()
    ~~~~~~~~~~~~~~~^^
  File "C:\Users\it.sm.UG-EMERGENCY\AppData\Local\Programs\Python\Python313\Lib\site-packages\django\db\models\query.py", line 1886, in _fetch_all
    self._result_cache = list(self._iterable_class(self))
                         ~~~~^^^^^^^^^^^^^^^^^^^^^^^^^^^^
  File "C:\Users\it.sm.UG-EMERGENCY\AppData\Local\Programs\Python\Python313\Lib\site-packages\django\db\models\query.py", line 93, in __iter__
    results = compiler.execute_sql(
        chunked_fetch=self.chunked_fetch, chunk_size=self.chunk_size
    )
  File "C:\Users\it.sm.UG-EMERGENCY\AppData\Local\Programs\Python\Python313\Lib\site-packages\django\db\models\sql\compiler.py", line 1562, in execute_sql
    cursor.execute(sql, params)
    ~~~~~~~~~~~~~~^^^^^^^^^^^^^
  File "C:\Users\it.sm.UG-EMERGENCY\AppData\Local\Programs\Python\Python313\Lib\site-packages\django\db\backends\utils.py", line 102, in execute
    return super().execute(sql, params)
           ~~~~~~~~~~~~~~~^^^^^^^^^^^^^
  File "C:\Users\it.sm.UG-EMERGENCY\AppData\Local\Programs\Python\Python313\Lib\site-packages\django\db\backends\utils.py", line 67, in execute
    return self._execute_with_wrappers(
           ~~~~~~~~~~~~~~~~~~~~~~~~~~~^
        sql, params, many=False, executor=self._execute
        ^^^^^^^^^^^^^^^^^^^^^^^^^^^^^^^^^^^^^^^^^^^^^^^
    )
    ^
  File "C:\Users\it.sm.UG-EMERGENCY\AppData\Local\Programs\Python\Python313\Lib\site-packages\django\db\backends\utils.py", line 80, in _execute_with_wrappers
    return executor(sql, params, many, context)
  File "C:\Users\it.sm.UG-EMERGENCY\AppData\Local\Programs\Python\Python313\Lib\site-packages\django\db\backends\utils.py", line 84, in _execute
    with self.db.wrap_database_errors:
         ^^^^^^^^^^^^^^^^^^^^^^^^^^^^
  File "C:\Users\it.sm.UG-EMERGENCY\AppData\Local\Programs\Python\Python313\Lib\site-packages\django\db\utils.py", line 91, in __exit__
    raise dj_exc_value.with_traceback(traceback) from exc_value
  File "C:\Users\it.sm.UG-EMERGENCY\AppData\Local\Programs\Python\Python313\Lib\site-packages\django\db\backends\utils.py", line 89, in _execute
    return self.cursor.execute(sql, params)
           ~~~~~~~~~~~~~~~~~~~^^^^^^^^^^^^^
  File "C:\Users\it.sm.UG-EMERGENCY\AppData\Local\Programs\Python\Python313\Lib\site-packages\django\db\backends\sqlite3\base.py", line 328, in execute
    return super().execute(query, params)
           ~~~~~~~~~~~~~~~^^^^^^^^^^^^^^^
django.db.utils.OperationalError: no such column: students_student.current_year
ERROR 2026-05-05 13:02:49,527 basehttp 39016 34748 "GET /admin/students/student/ HTTP/1.1" 500 195201
ERROR 2026-05-05 13:03:29,334 log 19324 32676 Internal Server Error: /admin/students/student/
Traceback (most recent call last):
  File "C:\Users\it.sm.UG-EMERGENCY\AppData\Local\Programs\Python\Python313\Lib\site-packages\django\db\backends\utils.py", line 89, in _execute
    return self.cursor.execute(sql, params)
           ~~~~~~~~~~~~~~~~~~~^^^^^^^^^^^^^
  File "C:\Users\it.sm.UG-EMERGENCY\AppData\Local\Programs\Python\Python313\Lib\site-packages\django\db\backends\sqlite3\base.py", line 328, in execute
    return super().execute(query, params)
           ~~~~~~~~~~~~~~~^^^^^^^^^^^^^^^
sqlite3.OperationalError: no such column: students_student.current_year

The above exception was the direct cause of the following exception:

Traceback (most recent call last):
  File "C:\Users\it.sm.UG-EMERGENCY\AppData\Local\Programs\Python\Python313\Lib\site-packages\django\core\handlers\exception.py", line 55, in inner
    response = get_response(request)
  File "C:\Users\it.sm.UG-EMERGENCY\AppData\Local\Programs\Python\Python313\Lib\site-packages\django\core\handlers\base.py", line 197, in _get_response
    response = wrapped_callback(request, *callback_args, **callback_kwargs)
  File "C:\Users\it.sm.UG-EMERGENCY\AppData\Local\Programs\Python\Python313\Lib\site-packages\django\contrib\admin\options.py", line 689, in wrapper
    return self.admin_site.admin_view(view)(*args, **kwargs)
           ~~~~~~~~~~~~~~~~~~~~~~~~~~~~~~~~^^^^^^^^^^^^^^^^^
  File "C:\Users\it.sm.UG-EMERGENCY\AppData\Local\Programs\Python\Python313\Lib\site-packages\django\utils\decorators.py", line 134, in _wrapper_view
    response = view_func(request, *args, **kwargs)
  File "C:\Users\it.sm.UG-EMERGENCY\AppData\Local\Programs\Python\Python313\Lib\site-packages\django\views\decorators\cache.py", line 62, in _wrapper_view_func
    response = view_func(request, *args, **kwargs)
  File "C:\Users\it.sm.UG-EMERGENCY\AppData\Local\Programs\Python\Python313\Lib\site-packages\django\contrib\admin\sites.py", line 242, in inner
    return view(request, *args, **kwargs)
  File "C:\Users\it.sm.UG-EMERGENCY\AppData\Local\Programs\Python\Python313\Lib\site-packages\django\utils\decorators.py", line 46, in _wrapper
    return bound_method(*args, **kwargs)
  File "C:\Users\it.sm.UG-EMERGENCY\AppData\Local\Programs\Python\Python313\Lib\site-packages\django\utils\decorators.py", line 134, in _wrapper_view
    response = view_func(request, *args, **kwargs)
  File "C:\Users\it.sm.UG-EMERGENCY\AppData\Local\Programs\Python\Python313\Lib\site-packages\django\contrib\admin\options.py", line 2068, in changelist_view
    "selection_note": _("0 of %(cnt)s selected") % {"cnt": len(cl.result_list)},
                                                           ~~~^^^^^^^^^^^^^^^^
  File "C:\Users\it.sm.UG-EMERGENCY\AppData\Local\Programs\Python\Python313\Lib\site-packages\django\db\models\query.py", line 382, in __len__
    self._fetch_all()
    ~~~~~~~~~~~~~~~^^
  File "C:\Users\it.sm.UG-EMERGENCY\AppData\Local\Programs\Python\Python313\Lib\site-packages\django\db\models\query.py", line 1886, in _fetch_all
    self._result_cache = list(self._iterable_class(self))
                         ~~~~^^^^^^^^^^^^^^^^^^^^^^^^^^^^
  File "C:\Users\it.sm.UG-EMERGENCY\AppData\Local\Programs\Python\Python313\Lib\site-packages\django\db\models\query.py", line 93, in __iter__
    results = compiler.execute_sql(
        chunked_fetch=self.chunked_fetch, chunk_size=self.chunk_size
    )
  File "C:\Users\it.sm.UG-EMERGENCY\AppData\Local\Programs\Python\Python313\Lib\site-packages\django\db\models\sql\compiler.py", line 1562, in execute_sql
    cursor.execute(sql, params)
    ~~~~~~~~~~~~~~^^^^^^^^^^^^^
  File "C:\Users\it.sm.UG-EMERGENCY\AppData\Local\Programs\Python\Python313\Lib\site-packages\django\db\backends\utils.py", line 102, in execute
    return super().execute(sql, params)
           ~~~~~~~~~~~~~~~^^^^^^^^^^^^^
  File "C:\Users\it.sm.UG-EMERGENCY\AppData\Local\Programs\Python\Python313\Lib\site-packages\django\db\backends\utils.py", line 67, in execute
    return self._execute_with_wrappers(
           ~~~~~~~~~~~~~~~~~~~~~~~~~~~^
        sql, params, many=False, executor=self._execute
        ^^^^^^^^^^^^^^^^^^^^^^^^^^^^^^^^^^^^^^^^^^^^^^^
    )
    ^
  File "C:\Users\it.sm.UG-EMERGENCY\AppData\Local\Programs\Python\Python313\Lib\site-packages\django\db\backends\utils.py", line 80, in _execute_with_wrappers
    return executor(sql, params, many, context)
  File "C:\Users\it.sm.UG-EMERGENCY\AppData\Local\Programs\Python\Python313\Lib\site-packages\django\db\backends\utils.py", line 84, in _execute
    with self.db.wrap_database_errors:
         ^^^^^^^^^^^^^^^^^^^^^^^^^^^^
  File "C:\Users\it.sm.UG-EMERGENCY\AppData\Local\Programs\Python\Python313\Lib\site-packages\django\db\utils.py", line 91, in __exit__
    raise dj_exc_value.with_traceback(traceback) from exc_value
  File "C:\Users\it.sm.UG-EMERGENCY\AppData\Local\Programs\Python\Python313\Lib\site-packages\django\db\backends\utils.py", line 89, in _execute
    return self.cursor.execute(sql, params)
           ~~~~~~~~~~~~~~~~~~~^^^^^^^^^^^^^
  File "C:\Users\it.sm.UG-EMERGENCY\AppData\Local\Programs\Python\Python313\Lib\site-packages\django\db\backends\sqlite3\base.py", line 328, in execute
    return super().execute(query, params)
           ~~~~~~~~~~~~~~~^^^^^^^^^^^^^^^
django.db.utils.OperationalError: no such column: students_student.current_year
ERROR 2026-05-05 13:03:29,348 basehttp 19324 32676 "GET /admin/students/student/ HTTP/1.1" 500 195201
ERROR 2026-05-05 13:03:33,255 log 19324 32676 Internal Server Error: /students/1/
Traceback (most recent call last):
  File "C:\Users\it.sm.UG-EMERGENCY\AppData\Local\Programs\Python\Python313\Lib\site-packages\django\db\backends\utils.py", line 89, in _execute
    return self.cursor.execute(sql, params)
           ~~~~~~~~~~~~~~~~~~~^^^^^^^^^^^^^
  File "C:\Users\it.sm.UG-EMERGENCY\AppData\Local\Programs\Python\Python313\Lib\site-packages\django\db\backends\sqlite3\base.py", line 328, in execute
    return super().execute(query, params)
           ~~~~~~~~~~~~~~~^^^^^^^^^^^^^^^
sqlite3.OperationalError: no such column: students_student.current_year

The above exception was the direct cause of the following exception:

Traceback (most recent call last):
  File "C:\Users\it.sm.UG-EMERGENCY\AppData\Local\Programs\Python\Python313\Lib\site-packages\django\core\handlers\exception.py", line 55, in inner
    response = get_response(request)
  File "C:\Users\it.sm.UG-EMERGENCY\AppData\Local\Programs\Python\Python313\Lib\site-packages\django\core\handlers\base.py", line 197, in _get_response
    response = wrapped_callback(request, *callback_args, **callback_kwargs)
  File "C:\Users\it.sm.UG-EMERGENCY\AppData\Local\Programs\Python\Python313\Lib\site-packages\django\contrib\auth\decorators.py", line 23, in _wrapper_view
    return view_func(request, *args, **kwargs)
  File "C:\Users\it.sm.UG-EMERGENCY\Desktop\uni\hospital_meal_system\ums\students\views.py", line 36, in student_detail
    student = get_object_or_404(
        Student.objects.select_related('user', 'programme__department__faculty'),
        pk=pk
    )
  File "C:\Users\it.sm.UG-EMERGENCY\AppData\Local\Programs\Python\Python313\Lib\site-packages\django\shortcuts.py", line 85, in get_object_or_404
    return queryset.get(*args, **kwargs)
           ~~~~~~~~~~~~^^^^^^^^^^^^^^^^^
  File "C:\Users\it.sm.UG-EMERGENCY\AppData\Local\Programs\Python\Python313\Lib\site-packages\django\db\models\query.py", line 635, in get
    num = len(clone)
  File "C:\Users\it.sm.UG-EMERGENCY\AppData\Local\Programs\Python\Python313\Lib\site-packages\django\db\models\query.py", line 382, in __len__
    self._fetch_all()
    ~~~~~~~~~~~~~~~^^
  File "C:\Users\it.sm.UG-EMERGENCY\AppData\Local\Programs\Python\Python313\Lib\site-packages\django\db\models\query.py", line 1886, in _fetch_all
    self._result_cache = list(self._iterable_class(self))
                         ~~~~^^^^^^^^^^^^^^^^^^^^^^^^^^^^
  File "C:\Users\it.sm.UG-EMERGENCY\AppData\Local\Programs\Python\Python313\Lib\site-packages\django\db\models\query.py", line 93, in __iter__
    results = compiler.execute_sql(
        chunked_fetch=self.chunked_fetch, chunk_size=self.chunk_size
    )
  File "C:\Users\it.sm.UG-EMERGENCY\AppData\Local\Programs\Python\Python313\Lib\site-packages\django\db\models\sql\compiler.py", line 1562, in execute_sql
    cursor.execute(sql, params)
    ~~~~~~~~~~~~~~^^^^^^^^^^^^^
  File "C:\Users\it.sm.UG-EMERGENCY\AppData\Local\Programs\Python\Python313\Lib\site-packages\django\db\backends\utils.py", line 102, in execute
    return super().execute(sql, params)
           ~~~~~~~~~~~~~~~^^^^^^^^^^^^^
  File "C:\Users\it.sm.UG-EMERGENCY\AppData\Local\Programs\Python\Python313\Lib\site-packages\django\db\backends\utils.py", line 67, in execute
    return self._execute_with_wrappers(
           ~~~~~~~~~~~~~~~~~~~~~~~~~~~^
        sql, params, many=False, executor=self._execute
        ^^^^^^^^^^^^^^^^^^^^^^^^^^^^^^^^^^^^^^^^^^^^^^^
    )
    ^
  File "C:\Users\it.sm.UG-EMERGENCY\AppData\Local\Programs\Python\Python313\Lib\site-packages\django\db\backends\utils.py", line 80, in _execute_with_wrappers
    return executor(sql, params, many, context)
  File "C:\Users\it.sm.UG-EMERGENCY\AppData\Local\Programs\Python\Python313\Lib\site-packages\django\db\backends\utils.py", line 84, in _execute
    with self.db.wrap_database_errors:
         ^^^^^^^^^^^^^^^^^^^^^^^^^^^^
  File "C:\Users\it.sm.UG-EMERGENCY\AppData\Local\Programs\Python\Python313\Lib\site-packages\django\db\utils.py", line 91, in __exit__
    raise dj_exc_value.with_traceback(traceback) from exc_value
  File "C:\Users\it.sm.UG-EMERGENCY\AppData\Local\Programs\Python\Python313\Lib\site-packages\django\db\backends\utils.py", line 89, in _execute
    return self.cursor.execute(sql, params)
           ~~~~~~~~~~~~~~~~~~~^^^^^^^^^^^^^
  File "C:\Users\it.sm.UG-EMERGENCY\AppData\Local\Programs\Python\Python313\Lib\site-packages\django\db\backends\sqlite3\base.py", line 328, in execute
    return super().execute(query, params)
           ~~~~~~~~~~~~~~~^^^^^^^^^^^^^^^
django.db.utils.OperationalError: no such column: students_student.current_year
ERROR 2026-05-05 13:03:33,266 basehttp 19324 32676 "GET /students/1/?tab=results HTTP/1.1" 500 197805
ERROR 2026-05-05 13:19:51,050 log 35264 29552 Internal Server Error: /finance/invoices/create/
Traceback (most recent call last):
  File "C:\Users\it.sm.UG-EMERGENCY\AppData\Local\Programs\Python\Python313\Lib\site-packages\django\core\handlers\exception.py", line 55, in inner
    response = get_response(request)
  File "C:\Users\it.sm.UG-EMERGENCY\AppData\Local\Programs\Python\Python313\Lib\site-packages\django\core\handlers\base.py", line 197, in _get_response
    response = wrapped_callback(request, *callback_args, **callback_kwargs)
  File "C:\Users\it.sm.UG-EMERGENCY\AppData\Local\Programs\Python\Python313\Lib\site-packages\django\contrib\auth\decorators.py", line 23, in _wrapper_view
    return view_func(request, *args, **kwargs)
  File "C:\Users\it.sm.UG-EMERGENCY\Desktop\uni\hospital_meal_system\ums\accounts\decorators.py", line 13, in wrapper
    return view_func(request, *args, **kwargs)
  File "C:\Users\it.sm.UG-EMERGENCY\Desktop\uni\hospital_meal_system\ums\finance\views.py", line 126, in create_invoice
    sessions = AcademicSession.objects.all().order_by('-start_date')
  File "C:\Users\it.sm.UG-EMERGENCY\AppData\Local\Programs\Python\Python313\Lib\site-packages\django\db\models\query.py", line 1664, in order_by
    obj.query.add_ordering(*field_names)
    ~~~~~~~~~~~~~~~~~~~~~~^^^^^^^^^^^^^^
  File "C:\Users\it.sm.UG-EMERGENCY\AppData\Local\Programs\Python\Python313\Lib\site-packages\django\db\models\sql\query.py", line 2230, in add_ordering
    self.names_to_path(item.split(LOOKUP_SEP), self.model._meta)
    ~~~~~~~~~~~~~~~~~~^^^^^^^^^^^^^^^^^^^^^^^^^^^^^^^^^^^^^^^^^^
  File "C:\Users\it.sm.UG-EMERGENCY\AppData\Local\Programs\Python\Python313\Lib\site-packages\django\db\models\sql\query.py", line 1733, in names_to_path
    raise FieldError(
    ...<2 lines>...
    )
django.core.exceptions.FieldError: Cannot resolve keyword 'start_date' into field. Choices are: admissionapplication, calendar_events, created_at, fees, id, invoice, is_current, name, roomallocation, scholarship, semesters, year_enrollments
ERROR 2026-05-05 13:19:51,060 basehttp 35264 29552 "GET /finance/invoices/create/ HTTP/1.1" 500 106307
ERROR 2026-05-05 13:20:10,246 log 35264 29552 Internal Server Error: /finance/scholarships/
Traceback (most recent call last):
  File "C:\Users\it.sm.UG-EMERGENCY\AppData\Local\Programs\Python\Python313\Lib\site-packages\django\core\handlers\exception.py", line 55, in inner
    response = get_response(request)
  File "C:\Users\it.sm.UG-EMERGENCY\AppData\Local\Programs\Python\Python313\Lib\site-packages\django\core\handlers\base.py", line 197, in _get_response
    response = wrapped_callback(request, *callback_args, **callback_kwargs)
  File "C:\Users\it.sm.UG-EMERGENCY\AppData\Local\Programs\Python\Python313\Lib\site-packages\django\contrib\auth\decorators.py", line 23, in _wrapper_view
    return view_func(request, *args, **kwargs)
  File "C:\Users\it.sm.UG-EMERGENCY\Desktop\uni\hospital_meal_system\ums\accounts\decorators.py", line 13, in wrapper
    return view_func(request, *args, **kwargs)
  File "C:\Users\it.sm.UG-EMERGENCY\Desktop\uni\hospital_meal_system\ums\finance\views.py", line 322, in scholarship_list
    return render(request, 'finance/scholarship_list.html', {
        'scholarships': scholarships,
        'search': search,
        'total': total,
    })
  File "C:\Users\it.sm.UG-EMERGENCY\AppData\Local\Programs\Python\Python313\Lib\site-packages\django\shortcuts.py", line 24, in render
    content = loader.render_to_string(template_name, context, request, using=using)
  File "C:\Users\it.sm.UG-EMERGENCY\AppData\Local\Programs\Python\Python313\Lib\site-packages\django\template\loader.py", line 61, in render_to_string
    template = get_template(template_name, using=using)
  File "C:\Users\it.sm.UG-EMERGENCY\AppData\Local\Programs\Python\Python313\Lib\site-packages\django\template\loader.py", line 19, in get_template
    raise TemplateDoesNotExist(template_name, chain=chain)
django.template.exceptions.TemplateDoesNotExist: finance/scholarship_list.html
ERROR 2026-05-05 13:20:10,252 basehttp 35264 29552 "GET /finance/scholarships/ HTTP/1.1" 500 108606
ERROR 2026-05-05 13:20:45,040 log 35264 29552 Internal Server Error: /finance/invoices/
Traceback (most recent call last):
  File "C:\Users\it.sm.UG-EMERGENCY\AppData\Local\Programs\Python\Python313\Lib\site-packages\django\core\handlers\exception.py", line 55, in inner
    response = get_response(request)
  File "C:\Users\it.sm.UG-EMERGENCY\AppData\Local\Programs\Python\Python313\Lib\site-packages\django\core\handlers\base.py", line 197, in _get_response
    response = wrapped_callback(request, *callback_args, **callback_kwargs)
  File "C:\Users\it.sm.UG-EMERGENCY\AppData\Local\Programs\Python\Python313\Lib\site-packages\django\contrib\auth\decorators.py", line 23, in _wrapper_view
    return view_func(request, *args, **kwargs)
  File "C:\Users\it.sm.UG-EMERGENCY\Desktop\uni\hospital_meal_system\ums\accounts\decorators.py", line 13, in wrapper
    return view_func(request, *args, **kwargs)
  File "C:\Users\it.sm.UG-EMERGENCY\Desktop\uni\hospital_meal_system\ums\finance\views.py", line 88, in invoice_list
    sessions = AcademicSession.objects.all().order_by('-start_date')
  File "C:\Users\it.sm.UG-EMERGENCY\AppData\Local\Programs\Python\Python313\Lib\site-packages\django\db\models\query.py", line 1664, in order_by
    obj.query.add_ordering(*field_names)
    ~~~~~~~~~~~~~~~~~~~~~~^^^^^^^^^^^^^^
  File "C:\Users\it.sm.UG-EMERGENCY\AppData\Local\Programs\Python\Python313\Lib\site-packages\django\db\models\sql\query.py", line 2230, in add_ordering
    self.names_to_path(item.split(LOOKUP_SEP), self.model._meta)
    ~~~~~~~~~~~~~~~~~~^^^^^^^^^^^^^^^^^^^^^^^^^^^^^^^^^^^^^^^^^^
  File "C:\Users\it.sm.UG-EMERGENCY\AppData\Local\Programs\Python\Python313\Lib\site-packages\django\db\models\sql\query.py", line 1733, in names_to_path
    raise FieldError(
    ...<2 lines>...
    )
django.core.exceptions.FieldError: Cannot resolve keyword 'start_date' into field. Choices are: admissionapplication, calendar_events, created_at, fees, id, invoice, is_current, name, roomallocation, scholarship, semesters, year_enrollments
ERROR 2026-05-05 13:20:45,043 basehttp 35264 29552 "GET /finance/invoices/ HTTP/1.1" 500 106612
ERROR 2026-05-05 13:21:47,066 log 35264 29552 Internal Server Error: /finance/invoices/
Traceback (most recent call last):
  File "C:\Users\it.sm.UG-EMERGENCY\AppData\Local\Programs\Python\Python313\Lib\site-packages\django\core\handlers\exception.py", line 55, in inner
    response = get_response(request)
  File "C:\Users\it.sm.UG-EMERGENCY\AppData\Local\Programs\Python\Python313\Lib\site-packages\django\core\handlers\base.py", line 197, in _get_response
    response = wrapped_callback(request, *callback_args, **callback_kwargs)
  File "C:\Users\it.sm.UG-EMERGENCY\AppData\Local\Programs\Python\Python313\Lib\site-packages\django\contrib\auth\decorators.py", line 23, in _wrapper_view
    return view_func(request, *args, **kwargs)
  File "C:\Users\it.sm.UG-EMERGENCY\Desktop\uni\hospital_meal_system\ums\accounts\decorators.py", line 13, in wrapper
    return view_func(request, *args, **kwargs)
  File "C:\Users\it.sm.UG-EMERGENCY\Desktop\uni\hospital_meal_system\ums\finance\views.py", line 88, in invoice_list
    sessions = AcademicSession.objects.all().order_by('-start_date')
  File "C:\Users\it.sm.UG-EMERGENCY\AppData\Local\Programs\Python\Python313\Lib\site-packages\django\db\models\query.py", line 1664, in order_by
    obj.query.add_ordering(*field_names)
    ~~~~~~~~~~~~~~~~~~~~~~^^^^^^^^^^^^^^
  File "C:\Users\it.sm.UG-EMERGENCY\AppData\Local\Programs\Python\Python313\Lib\site-packages\django\db\models\sql\query.py", line 2230, in add_ordering
    self.names_to_path(item.split(LOOKUP_SEP), self.model._meta)
    ~~~~~~~~~~~~~~~~~~^^^^^^^^^^^^^^^^^^^^^^^^^^^^^^^^^^^^^^^^^^
  File "C:\Users\it.sm.UG-EMERGENCY\AppData\Local\Programs\Python\Python313\Lib\site-packages\django\db\models\sql\query.py", line 1733, in names_to_path
    raise FieldError(
    ...<2 lines>...
    )
django.core.exceptions.FieldError: Cannot resolve keyword 'start_date' into field. Choices are: admissionapplication, calendar_events, created_at, fees, id, invoice, is_current, name, roomallocation, scholarship, semesters, year_enrollments
ERROR 2026-05-05 13:21:47,068 basehttp 35264 29552 "GET /finance/invoices/ HTTP/1.1" 500 106612
ERROR 2026-05-05 13:23:14,706 log 35264 29552 Internal Server Error: /finance/invoices/
Traceback (most recent call last):
  File "C:\Users\it.sm.UG-EMERGENCY\AppData\Local\Programs\Python\Python313\Lib\site-packages\django\core\handlers\exception.py", line 55, in inner
    response = get_response(request)
  File "C:\Users\it.sm.UG-EMERGENCY\AppData\Local\Programs\Python\Python313\Lib\site-packages\django\core\handlers\base.py", line 197, in _get_response
    response = wrapped_callback(request, *callback_args, **callback_kwargs)
  File "C:\Users\it.sm.UG-EMERGENCY\AppData\Local\Programs\Python\Python313\Lib\site-packages\django\contrib\auth\decorators.py", line 23, in _wrapper_view
    return view_func(request, *args, **kwargs)
  File "C:\Users\it.sm.UG-EMERGENCY\Desktop\uni\hospital_meal_system\ums\accounts\decorators.py", line 13, in wrapper
    return view_func(request, *args, **kwargs)
  File "C:\Users\it.sm.UG-EMERGENCY\Desktop\uni\hospital_meal_system\ums\finance\views.py", line 88, in invoice_list
    sessions = AcademicSession.objects.all().order_by('-start_date')
  File "C:\Users\it.sm.UG-EMERGENCY\AppData\Local\Programs\Python\Python313\Lib\site-packages\django\db\models\query.py", line 1664, in order_by
    obj.query.add_ordering(*field_names)
    ~~~~~~~~~~~~~~~~~~~~~~^^^^^^^^^^^^^^
  File "C:\Users\it.sm.UG-EMERGENCY\AppData\Local\Programs\Python\Python313\Lib\site-packages\django\db\models\sql\query.py", line 2230, in add_ordering
    self.names_to_path(item.split(LOOKUP_SEP), self.model._meta)
    ~~~~~~~~~~~~~~~~~~^^^^^^^^^^^^^^^^^^^^^^^^^^^^^^^^^^^^^^^^^^
  File "C:\Users\it.sm.UG-EMERGENCY\AppData\Local\Programs\Python\Python313\Lib\site-packages\django\db\models\sql\query.py", line 1733, in names_to_path
    raise FieldError(
    ...<2 lines>...
    )
django.core.exceptions.FieldError: Cannot resolve keyword 'start_date' into field. Choices are: admissionapplication, calendar_events, created_at, fees, id, invoice, is_current, name, roomallocation, scholarship, semesters, year_enrollments
ERROR 2026-05-05 13:23:14,707 basehttp 35264 29552 "GET /finance/invoices/ HTTP/1.1" 500 106612
ERROR 2026-05-05 14:41:44,984 log 35264 42824 Internal Server Error: /finance/invoices/create/
Traceback (most recent call last):
  File "C:\Users\it.sm.UG-EMERGENCY\AppData\Local\Programs\Python\Python313\Lib\site-packages\django\core\handlers\exception.py", line 55, in inner
    response = get_response(request)
  File "C:\Users\it.sm.UG-EMERGENCY\AppData\Local\Programs\Python\Python313\Lib\site-packages\django\core\handlers\base.py", line 197, in _get_response
    response = wrapped_callback(request, *callback_args, **callback_kwargs)
  File "C:\Users\it.sm.UG-EMERGENCY\AppData\Local\Programs\Python\Python313\Lib\site-packages\django\contrib\auth\decorators.py", line 23, in _wrapper_view
    return view_func(request, *args, **kwargs)
  File "C:\Users\it.sm.UG-EMERGENCY\Desktop\uni\hospital_meal_system\ums\accounts\decorators.py", line 13, in wrapper
    return view_func(request, *args, **kwargs)
  File "C:\Users\it.sm.UG-EMERGENCY\Desktop\uni\hospital_meal_system\ums\finance\views.py", line 126, in create_invoice
    sessions = AcademicSession.objects.all().order_by('-start_date')
  File "C:\Users\it.sm.UG-EMERGENCY\AppData\Local\Programs\Python\Python313\Lib\site-packages\django\db\models\query.py", line 1664, in order_by
    obj.query.add_ordering(*field_names)
    ~~~~~~~~~~~~~~~~~~~~~~^^^^^^^^^^^^^^
  File "C:\Users\it.sm.UG-EMERGENCY\AppData\Local\Programs\Python\Python313\Lib\site-packages\django\db\models\sql\query.py", line 2230, in add_ordering
    self.names_to_path(item.split(LOOKUP_SEP), self.model._meta)
    ~~~~~~~~~~~~~~~~~~^^^^^^^^^^^^^^^^^^^^^^^^^^^^^^^^^^^^^^^^^^
  File "C:\Users\it.sm.UG-EMERGENCY\AppData\Local\Programs\Python\Python313\Lib\site-packages\django\db\models\sql\query.py", line 1733, in names_to_path
    raise FieldError(
    ...<2 lines>...
    )
django.core.exceptions.FieldError: Cannot resolve keyword 'start_date' into field. Choices are: admissionapplication, calendar_events, created_at, fees, id, invoice, is_current, name, roomallocation, scholarship, semesters, year_enrollments
ERROR 2026-05-05 14:41:44,994 basehttp 35264 42824 "GET /finance/invoices/create/ HTTP/1.1" 500 106307
ERROR 2026-05-05 14:42:26,414 log 35264 42824 Internal Server Error: /finance/invoices/
Traceback (most recent call last):
  File "C:\Users\it.sm.UG-EMERGENCY\AppData\Local\Programs\Python\Python313\Lib\site-packages\django\core\handlers\exception.py", line 55, in inner
    response = get_response(request)
  File "C:\Users\it.sm.UG-EMERGENCY\AppData\Local\Programs\Python\Python313\Lib\site-packages\django\core\handlers\base.py", line 197, in _get_response
    response = wrapped_callback(request, *callback_args, **callback_kwargs)
  File "C:\Users\it.sm.UG-EMERGENCY\AppData\Local\Programs\Python\Python313\Lib\site-packages\django\contrib\auth\decorators.py", line 23, in _wrapper_view
    return view_func(request, *args, **kwargs)
  File "C:\Users\it.sm.UG-EMERGENCY\Desktop\uni\hospital_meal_system\ums\accounts\decorators.py", line 13, in wrapper
    return view_func(request, *args, **kwargs)
  File "C:\Users\it.sm.UG-EMERGENCY\Desktop\uni\hospital_meal_system\ums\finance\views.py", line 88, in invoice_list
    sessions = AcademicSession.objects.all().order_by('-start_date')
  File "C:\Users\it.sm.UG-EMERGENCY\AppData\Local\Programs\Python\Python313\Lib\site-packages\django\db\models\query.py", line 1664, in order_by
    obj.query.add_ordering(*field_names)
    ~~~~~~~~~~~~~~~~~~~~~~^^^^^^^^^^^^^^
  File "C:\Users\it.sm.UG-EMERGENCY\AppData\Local\Programs\Python\Python313\Lib\site-packages\django\db\models\sql\query.py", line 2230, in add_ordering
    self.names_to_path(item.split(LOOKUP_SEP), self.model._meta)
    ~~~~~~~~~~~~~~~~~~^^^^^^^^^^^^^^^^^^^^^^^^^^^^^^^^^^^^^^^^^^
  File "C:\Users\it.sm.UG-EMERGENCY\AppData\Local\Programs\Python\Python313\Lib\site-packages\django\db\models\sql\query.py", line 1733, in names_to_path
    raise FieldError(
    ...<2 lines>...
    )
django.core.exceptions.FieldError: Cannot resolve keyword 'start_date' into field. Choices are: admissionapplication, calendar_events, created_at, fees, id, invoice, is_current, name, roomallocation, scholarship, semesters, year_enrollments
ERROR 2026-05-05 14:42:26,429 basehttp 35264 42824 "GET /finance/invoices/ HTTP/1.1" 500 106612
ERROR 2026-05-05 14:50:51,820 log 1288 41376 Internal Server Error: /finance/invoices/
Traceback (most recent call last):
  File "C:\Users\it.sm.UG-EMERGENCY\AppData\Local\Programs\Python\Python313\Lib\site-packages\django\db\backends\utils.py", line 89, in _execute
    return self.cursor.execute(sql, params)
           ~~~~~~~~~~~~~~~~~~~^^^^^^^^^^^^^
  File "C:\Users\it.sm.UG-EMERGENCY\AppData\Local\Programs\Python\Python313\Lib\site-packages\django\db\backends\sqlite3\base.py", line 328, in execute
    return super().execute(query, params)
           ~~~~~~~~~~~~~~~^^^^^^^^^^^^^^^
sqlite3.OperationalError: no such column: students_student.intake_id

The above exception was the direct cause of the following exception:

Traceback (most recent call last):
  File "C:\Users\it.sm.UG-EMERGENCY\AppData\Local\Programs\Python\Python313\Lib\site-packages\django\core\handlers\exception.py", line 55, in inner
    response = get_response(request)
  File "C:\Users\it.sm.UG-EMERGENCY\AppData\Local\Programs\Python\Python313\Lib\site-packages\django\core\handlers\base.py", line 197, in _get_response
    response = wrapped_callback(request, *callback_args, **callback_kwargs)
  File "C:\Users\it.sm.UG-EMERGENCY\AppData\Local\Programs\Python\Python313\Lib\site-packages\django\contrib\auth\decorators.py", line 23, in _wrapper_view
    return view_func(request, *args, **kwargs)
  File "C:\Users\it.sm.UG-EMERGENCY\Desktop\uni\hospital_meal_system\ums\accounts\decorators.py", line 13, in wrapper
    return view_func(request, *args, **kwargs)
  File "C:\Users\it.sm.UG-EMERGENCY\Desktop\uni\hospital_meal_system\ums\finance\views.py", line 93, in invoice_list
    return render(request, 'finance/invoice_list.html', {
        'invoices': invoices,
    ...<6 lines>...
        'total_balance': total_balance,
    })
  File "C:\Users\it.sm.UG-EMERGENCY\AppData\Local\Programs\Python\Python313\Lib\site-packages\django\shortcuts.py", line 24, in render
    content = loader.render_to_string(template_name, context, request, using=using)
  File "C:\Users\it.sm.UG-EMERGENCY\AppData\Local\Programs\Python\Python313\Lib\site-packages\django\template\loader.py", line 62, in render_to_string
    return template.render(context, request)
           ~~~~~~~~~~~~~~~^^^^^^^^^^^^^^^^^^
  File "C:\Users\it.sm.UG-EMERGENCY\AppData\Local\Programs\Python\Python313\Lib\site-packages\django\template\backends\django.py", line 61, in render
    return self.template.render(context)
           ~~~~~~~~~~~~~~~~~~~~^^^^^^^^^
  File "C:\Users\it.sm.UG-EMERGENCY\AppData\Local\Programs\Python\Python313\Lib\site-packages\django\template\base.py", line 175, in render
    return self._render(context)
           ~~~~~~~~~~~~^^^^^^^^^
  File "C:\Users\it.sm.UG-EMERGENCY\AppData\Local\Programs\Python\Python313\Lib\site-packages\django\template\base.py", line 167, in _render
    return self.nodelist.render(context)
           ~~~~~~~~~~~~~~~~~~~~^^^^^^^^^
  File "C:\Users\it.sm.UG-EMERGENCY\AppData\Local\Programs\Python\Python313\Lib\site-packages\django\template\base.py", line 1005, in render
    return SafeString("".join([node.render_annotated(context) for node in self]))
                               ~~~~~~~~~~~~~~~~~~~~~^^^^^^^^^
  File "C:\Users\it.sm.UG-EMERGENCY\AppData\Local\Programs\Python\Python313\Lib\site-packages\django\template\base.py", line 966, in render_annotated
    return self.render(context)
           ~~~~~~~~~~~^^^^^^^^^
  File "C:\Users\it.sm.UG-EMERGENCY\AppData\Local\Programs\Python\Python313\Lib\site-packages\django\template\loader_tags.py", line 157, in render
    return compiled_parent._render(context)
           ~~~~~~~~~~~~~~~~~~~~~~~^^^^^^^^^
  File "C:\Users\it.sm.UG-EMERGENCY\AppData\Local\Programs\Python\Python313\Lib\site-packages\django\template\base.py", line 167, in _render
    return self.nodelist.render(context)
           ~~~~~~~~~~~~~~~~~~~~^^^^^^^^^
  File "C:\Users\it.sm.UG-EMERGENCY\AppData\Local\Programs\Python\Python313\Lib\site-packages\django\template\base.py", line 1005, in render
    return SafeString("".join([node.render_annotated(context) for node in self]))
                               ~~~~~~~~~~~~~~~~~~~~~^^^^^^^^^
  File "C:\Users\it.sm.UG-EMERGENCY\AppData\Local\Programs\Python\Python313\Lib\site-packages\django\template\base.py", line 966, in render_annotated
    return self.render(context)
           ~~~~~~~~~~~^^^^^^^^^
  File "C:\Users\it.sm.UG-EMERGENCY\AppData\Local\Programs\Python\Python313\Lib\site-packages\django\template\defaulttags.py", line 321, in render
    return nodelist.render(context)
           ~~~~~~~~~~~~~~~^^^^^^^^^
  File "C:\Users\it.sm.UG-EMERGENCY\AppData\Local\Programs\Python\Python313\Lib\site-packages\django\template\base.py", line 1005, in render
    return SafeString("".join([node.render_annotated(context) for node in self]))
                               ~~~~~~~~~~~~~~~~~~~~~^^^^^^^^^
  File "C:\Users\it.sm.UG-EMERGENCY\AppData\Local\Programs\Python\Python313\Lib\site-packages\django\template\base.py", line 966, in render_annotated
    return self.render(context)
           ~~~~~~~~~~~^^^^^^^^^
  File "C:\Users\it.sm.UG-EMERGENCY\AppData\Local\Programs\Python\Python313\Lib\site-packages\django\template\loader_tags.py", line 63, in render
    result = block.nodelist.render(context)
  File "C:\Users\it.sm.UG-EMERGENCY\AppData\Local\Programs\Python\Python313\Lib\site-packages\django\template\base.py", line 1005, in render
    return SafeString("".join([node.render_annotated(context) for node in self]))
                               ~~~~~~~~~~~~~~~~~~~~~^^^^^^^^^
  File "C:\Users\it.sm.UG-EMERGENCY\AppData\Local\Programs\Python\Python313\Lib\site-packages\django\template\base.py", line 966, in render_annotated
    return self.render(context)
           ~~~~~~~~~~~^^^^^^^^^
  File "C:\Users\it.sm.UG-EMERGENCY\AppData\Local\Programs\Python\Python313\Lib\site-packages\django\template\base.py", line 1064, in render
    output = self.filter_expression.resolve(context)
  File "C:\Users\it.sm.UG-EMERGENCY\AppData\Local\Programs\Python\Python313\Lib\site-packages\django\template\base.py", line 742, in resolve
    new_obj = func(obj, *arg_vals)
  File "C:\Users\it.sm.UG-EMERGENCY\AppData\Local\Programs\Python\Python313\Lib\site-packages\django\template\defaultfilters.py", line 622, in length
    return len(value)
  File "C:\Users\it.sm.UG-EMERGENCY\AppData\Local\Programs\Python\Python313\Lib\site-packages\django\db\models\query.py", line 382, in __len__
    self._fetch_all()
    ~~~~~~~~~~~~~~~^^
  File "C:\Users\it.sm.UG-EMERGENCY\AppData\Local\Programs\Python\Python313\Lib\site-packages\django\db\models\query.py", line 1886, in _fetch_all
    self._result_cache = list(self._iterable_class(self))
                         ~~~~^^^^^^^^^^^^^^^^^^^^^^^^^^^^
  File "C:\Users\it.sm.UG-EMERGENCY\AppData\Local\Programs\Python\Python313\Lib\site-packages\django\db\models\query.py", line 93, in __iter__
    results = compiler.execute_sql(
        chunked_fetch=self.chunked_fetch, chunk_size=self.chunk_size
    )
  File "C:\Users\it.sm.UG-EMERGENCY\AppData\Local\Programs\Python\Python313\Lib\site-packages\django\db\models\sql\compiler.py", line 1562, in execute_sql
    cursor.execute(sql, params)
    ~~~~~~~~~~~~~~^^^^^^^^^^^^^
  File "C:\Users\it.sm.UG-EMERGENCY\AppData\Local\Programs\Python\Python313\Lib\site-packages\django\db\backends\utils.py", line 102, in execute
    return super().execute(sql, params)
           ~~~~~~~~~~~~~~~^^^^^^^^^^^^^
  File "C:\Users\it.sm.UG-EMERGENCY\AppData\Local\Programs\Python\Python313\Lib\site-packages\django\db\backends\utils.py", line 67, in execute
    return self._execute_with_wrappers(
           ~~~~~~~~~~~~~~~~~~~~~~~~~~~^
        sql, params, many=False, executor=self._execute
        ^^^^^^^^^^^^^^^^^^^^^^^^^^^^^^^^^^^^^^^^^^^^^^^
    )
    ^
  File "C:\Users\it.sm.UG-EMERGENCY\AppData\Local\Programs\Python\Python313\Lib\site-packages\django\db\backends\utils.py", line 80, in _execute_with_wrappers
    return executor(sql, params, many, context)
  File "C:\Users\it.sm.UG-EMERGENCY\AppData\Local\Programs\Python\Python313\Lib\site-packages\django\db\backends\utils.py", line 84, in _execute
    with self.db.wrap_database_errors:
         ^^^^^^^^^^^^^^^^^^^^^^^^^^^^
  File "C:\Users\it.sm.UG-EMERGENCY\AppData\Local\Programs\Python\Python313\Lib\site-packages\django\db\utils.py", line 91, in __exit__
    raise dj_exc_value.with_traceback(traceback) from exc_value
  File "C:\Users\it.sm.UG-EMERGENCY\AppData\Local\Programs\Python\Python313\Lib\site-packages\django\db\backends\utils.py", line 89, in _execute
    return self.cursor.execute(sql, params)
           ~~~~~~~~~~~~~~~~~~~^^^^^^^^^^^^^
  File "C:\Users\it.sm.UG-EMERGENCY\AppData\Local\Programs\Python\Python313\Lib\site-packages\django\db\backends\sqlite3\base.py", line 328, in execute
    return super().execute(query, params)
           ~~~~~~~~~~~~~~~^^^^^^^^^^^^^^^
django.db.utils.OperationalError: no such column: students_student.intake_id
ERROR 2026-05-05 14:50:51,840 basehttp 1288 41376 "GET /finance/invoices/ HTTP/1.1" 500 292891
ERROR 2026-05-05 15:05:08,484 log 42668 26512 Internal Server Error: /students/1/
Traceback (most recent call last):
  File "C:\Users\it.sm.UG-EMERGENCY\AppData\Local\Programs\Python\Python313\Lib\site-packages\django\db\backends\utils.py", line 89, in _execute
    return self.cursor.execute(sql, params)
           ~~~~~~~~~~~~~~~~~~~^^^^^^^^^^^^^
  File "C:\Users\it.sm.UG-EMERGENCY\AppData\Local\Programs\Python\Python313\Lib\site-packages\django\db\backends\sqlite3\base.py", line 328, in execute
    return super().execute(query, params)
           ~~~~~~~~~~~~~~~^^^^^^^^^^^^^^^
sqlite3.OperationalError: no such column: academics_semester.name

The above exception was the direct cause of the following exception:

Traceback (most recent call last):
  File "C:\Users\it.sm.UG-EMERGENCY\AppData\Local\Programs\Python\Python313\Lib\site-packages\django\core\handlers\exception.py", line 55, in inner
    response = get_response(request)
  File "C:\Users\it.sm.UG-EMERGENCY\AppData\Local\Programs\Python\Python313\Lib\site-packages\django\core\handlers\base.py", line 197, in _get_response
    response = wrapped_callback(request, *callback_args, **callback_kwargs)
  File "C:\Users\it.sm.UG-EMERGENCY\AppData\Local\Programs\Python\Python313\Lib\site-packages\django\contrib\auth\decorators.py", line 23, in _wrapper_view
    return view_func(request, *args, **kwargs)
  File "C:\Users\it.sm.UG-EMERGENCY\Desktop\uni\hospital_meal_system\ums\students\views.py", line 101, in student_detail
    return render(request, 'students/student_detail.html', {
        'student': student,
    ...<12 lines>...
        'active_tab': request.GET.get('tab', 'overview'),
    })
  File "C:\Users\it.sm.UG-EMERGENCY\AppData\Local\Programs\Python\Python313\Lib\site-packages\django\shortcuts.py", line 24, in render
    content = loader.render_to_string(template_name, context, request, using=using)
  File "C:\Users\it.sm.UG-EMERGENCY\AppData\Local\Programs\Python\Python313\Lib\site-packages\django\template\loader.py", line 62, in render_to_string
    return template.render(context, request)
           ~~~~~~~~~~~~~~~^^^^^^^^^^^^^^^^^^
  File "C:\Users\it.sm.UG-EMERGENCY\AppData\Local\Programs\Python\Python313\Lib\site-packages\django\template\backends\django.py", line 61, in render
    return self.template.render(context)
           ~~~~~~~~~~~~~~~~~~~~^^^^^^^^^
  File "C:\Users\it.sm.UG-EMERGENCY\AppData\Local\Programs\Python\Python313\Lib\site-packages\django\template\base.py", line 175, in render
    return self._render(context)
           ~~~~~~~~~~~~^^^^^^^^^
  File "C:\Users\it.sm.UG-EMERGENCY\AppData\Local\Programs\Python\Python313\Lib\site-packages\django\template\base.py", line 167, in _render
    return self.nodelist.render(context)
           ~~~~~~~~~~~~~~~~~~~~^^^^^^^^^
  File "C:\Users\it.sm.UG-EMERGENCY\AppData\Local\Programs\Python\Python313\Lib\site-packages\django\template\base.py", line 1005, in render
    return SafeString("".join([node.render_annotated(context) for node in self]))
                               ~~~~~~~~~~~~~~~~~~~~~^^^^^^^^^
  File "C:\Users\it.sm.UG-EMERGENCY\AppData\Local\Programs\Python\Python313\Lib\site-packages\django\template\base.py", line 966, in render_annotated
    return self.render(context)
           ~~~~~~~~~~~^^^^^^^^^
  File "C:\Users\it.sm.UG-EMERGENCY\AppData\Local\Programs\Python\Python313\Lib\site-packages\django\template\loader_tags.py", line 157, in render
    return compiled_parent._render(context)
           ~~~~~~~~~~~~~~~~~~~~~~~^^^^^^^^^
  File "C:\Users\it.sm.UG-EMERGENCY\AppData\Local\Programs\Python\Python313\Lib\site-packages\django\template\base.py", line 167, in _render
    return self.nodelist.render(context)
           ~~~~~~~~~~~~~~~~~~~~^^^^^^^^^
  File "C:\Users\it.sm.UG-EMERGENCY\AppData\Local\Programs\Python\Python313\Lib\site-packages\django\template\base.py", line 1005, in render
    return SafeString("".join([node.render_annotated(context) for node in self]))
                               ~~~~~~~~~~~~~~~~~~~~~^^^^^^^^^
  File "C:\Users\it.sm.UG-EMERGENCY\AppData\Local\Programs\Python\Python313\Lib\site-packages\django\template\base.py", line 966, in render_annotated
    return self.render(context)
           ~~~~~~~~~~~^^^^^^^^^
  File "C:\Users\it.sm.UG-EMERGENCY\AppData\Local\Programs\Python\Python313\Lib\site-packages\django\template\defaulttags.py", line 321, in render
    return nodelist.render(context)
           ~~~~~~~~~~~~~~~^^^^^^^^^
  File "C:\Users\it.sm.UG-EMERGENCY\AppData\Local\Programs\Python\Python313\Lib\site-packages\django\template\base.py", line 1005, in render
    return SafeString("".join([node.render_annotated(context) for node in self]))
                               ~~~~~~~~~~~~~~~~~~~~~^^^^^^^^^
  File "C:\Users\it.sm.UG-EMERGENCY\AppData\Local\Programs\Python\Python313\Lib\site-packages\django\template\base.py", line 966, in render_annotated
    return self.render(context)
           ~~~~~~~~~~~^^^^^^^^^
  File "C:\Users\it.sm.UG-EMERGENCY\AppData\Local\Programs\Python\Python313\Lib\site-packages\django\template\loader_tags.py", line 63, in render
    result = block.nodelist.render(context)
  File "C:\Users\it.sm.UG-EMERGENCY\AppData\Local\Programs\Python\Python313\Lib\site-packages\django\template\base.py", line 1005, in render
    return SafeString("".join([node.render_annotated(context) for node in self]))
                               ~~~~~~~~~~~~~~~~~~~~~^^^^^^^^^
  File "C:\Users\it.sm.UG-EMERGENCY\AppData\Local\Programs\Python\Python313\Lib\site-packages\django\template\base.py", line 966, in render_annotated
    return self.render(context)
           ~~~~~~~~~~~^^^^^^^^^
  File "C:\Users\it.sm.UG-EMERGENCY\AppData\Local\Programs\Python\Python313\Lib\site-packages\django\template\defaulttags.py", line 321, in render
    return nodelist.render(context)
           ~~~~~~~~~~~~~~~^^^^^^^^^
  File "C:\Users\it.sm.UG-EMERGENCY\AppData\Local\Programs\Python\Python313\Lib\site-packages\django\template\base.py", line 1005, in render
    return SafeString("".join([node.render_annotated(context) for node in self]))
                               ~~~~~~~~~~~~~~~~~~~~~^^^^^^^^^
  File "C:\Users\it.sm.UG-EMERGENCY\AppData\Local\Programs\Python\Python313\Lib\site-packages\django\template\base.py", line 966, in render_annotated
    return self.render(context)
           ~~~~~~~~~~~^^^^^^^^^
  File "C:\Users\it.sm.UG-EMERGENCY\AppData\Local\Programs\Python\Python313\Lib\site-packages\django\template\defaulttags.py", line 194, in render
    len_values = len(values)
  File "C:\Users\it.sm.UG-EMERGENCY\AppData\Local\Programs\Python\Python313\Lib\site-packages\django\db\models\query.py", line 382, in __len__
    self._fetch_all()
    ~~~~~~~~~~~~~~~^^
  File "C:\Users\it.sm.UG-EMERGENCY\AppData\Local\Programs\Python\Python313\Lib\site-packages\django\db\models\query.py", line 1886, in _fetch_all
    self._result_cache = list(self._iterable_class(self))
                         ~~~~^^^^^^^^^^^^^^^^^^^^^^^^^^^^
  File "C:\Users\it.sm.UG-EMERGENCY\AppData\Local\Programs\Python\Python313\Lib\site-packages\django\db\models\query.py", line 93, in __iter__
    results = compiler.execute_sql(
        chunked_fetch=self.chunked_fetch, chunk_size=self.chunk_size
    )
  File "C:\Users\it.sm.UG-EMERGENCY\AppData\Local\Programs\Python\Python313\Lib\site-packages\django\db\models\sql\compiler.py", line 1562, in execute_sql
    cursor.execute(sql, params)
    ~~~~~~~~~~~~~~^^^^^^^^^^^^^
  File "C:\Users\it.sm.UG-EMERGENCY\AppData\Local\Programs\Python\Python313\Lib\site-packages\django\db\backends\utils.py", line 102, in execute
    return super().execute(sql, params)
           ~~~~~~~~~~~~~~~^^^^^^^^^^^^^
  File "C:\Users\it.sm.UG-EMERGENCY\AppData\Local\Programs\Python\Python313\Lib\site-packages\django\db\backends\utils.py", line 67, in execute
    return self._execute_with_wrappers(
           ~~~~~~~~~~~~~~~~~~~~~~~~~~~^
        sql, params, many=False, executor=self._execute
        ^^^^^^^^^^^^^^^^^^^^^^^^^^^^^^^^^^^^^^^^^^^^^^^
    )
    ^
  File "C:\Users\it.sm.UG-EMERGENCY\AppData\Local\Programs\Python\Python313\Lib\site-packages\django\db\backends\utils.py", line 80, in _execute_with_wrappers
    return executor(sql, params, many, context)
  File "C:\Users\it.sm.UG-EMERGENCY\AppData\Local\Programs\Python\Python313\Lib\site-packages\django\db\backends\utils.py", line 84, in _execute
    with self.db.wrap_database_errors:
         ^^^^^^^^^^^^^^^^^^^^^^^^^^^^
  File "C:\Users\it.sm.UG-EMERGENCY\AppData\Local\Programs\Python\Python313\Lib\site-packages\django\db\utils.py", line 91, in __exit__
    raise dj_exc_value.with_traceback(traceback) from exc_value
  File "C:\Users\it.sm.UG-EMERGENCY\AppData\Local\Programs\Python\Python313\Lib\site-packages\django\db\backends\utils.py", line 89, in _execute
    return self.cursor.execute(sql, params)
           ~~~~~~~~~~~~~~~~~~~^^^^^^^^^^^^^
  File "C:\Users\it.sm.UG-EMERGENCY\AppData\Local\Programs\Python\Python313\Lib\site-packages\django\db\backends\sqlite3\base.py", line 328, in execute
    return super().execute(query, params)
           ~~~~~~~~~~~~~~~^^^^^^^^^^^^^^^
django.db.utils.OperationalError: no such column: academics_semester.name
ERROR 2026-05-05 15:05:08,510 basehttp 42668 26512 "GET /students/1/?tab=enrollments HTTP/1.1" 500 281093
ERROR 2026-05-05 15:05:20,870 log 42668 26512 Internal Server Error: /students/1/
Traceback (most recent call last):
  File "C:\Users\it.sm.UG-EMERGENCY\AppData\Local\Programs\Python\Python313\Lib\site-packages\django\db\backends\utils.py", line 89, in _execute
    return self.cursor.execute(sql, params)
           ~~~~~~~~~~~~~~~~~~~^^^^^^^^^^^^^
  File "C:\Users\it.sm.UG-EMERGENCY\AppData\Local\Programs\Python\Python313\Lib\site-packages\django\db\backends\sqlite3\base.py", line 328, in execute
    return super().execute(query, params)
           ~~~~~~~~~~~~~~~^^^^^^^^^^^^^^^
sqlite3.OperationalError: no such column: academics_semester.name

The above exception was the direct cause of the following exception:

Traceback (most recent call last):
  File "C:\Users\it.sm.UG-EMERGENCY\AppData\Local\Programs\Python\Python313\Lib\site-packages\django\core\handlers\exception.py", line 55, in inner
    response = get_response(request)
  File "C:\Users\it.sm.UG-EMERGENCY\AppData\Local\Programs\Python\Python313\Lib\site-packages\django\core\handlers\base.py", line 197, in _get_response
    response = wrapped_callback(request, *callback_args, **callback_kwargs)
  File "C:\Users\it.sm.UG-EMERGENCY\AppData\Local\Programs\Python\Python313\Lib\site-packages\django\contrib\auth\decorators.py", line 23, in _wrapper_view
    return view_func(request, *args, **kwargs)
  File "C:\Users\it.sm.UG-EMERGENCY\Desktop\uni\hospital_meal_system\ums\students\views.py", line 101, in student_detail
    return render(request, 'students/student_detail.html', {
        'student': student,
    ...<12 lines>...
        'active_tab': request.GET.get('tab', 'overview'),
    })
  File "C:\Users\it.sm.UG-EMERGENCY\AppData\Local\Programs\Python\Python313\Lib\site-packages\django\shortcuts.py", line 24, in render
    content = loader.render_to_string(template_name, context, request, using=using)
  File "C:\Users\it.sm.UG-EMERGENCY\AppData\Local\Programs\Python\Python313\Lib\site-packages\django\template\loader.py", line 62, in render_to_string
    return template.render(context, request)
           ~~~~~~~~~~~~~~~^^^^^^^^^^^^^^^^^^
  File "C:\Users\it.sm.UG-EMERGENCY\AppData\Local\Programs\Python\Python313\Lib\site-packages\django\template\backends\django.py", line 61, in render
    return self.template.render(context)
           ~~~~~~~~~~~~~~~~~~~~^^^^^^^^^
  File "C:\Users\it.sm.UG-EMERGENCY\AppData\Local\Programs\Python\Python313\Lib\site-packages\django\template\base.py", line 175, in render
    return self._render(context)
           ~~~~~~~~~~~~^^^^^^^^^
  File "C:\Users\it.sm.UG-EMERGENCY\AppData\Local\Programs\Python\Python313\Lib\site-packages\django\template\base.py", line 167, in _render
    return self.nodelist.render(context)
           ~~~~~~~~~~~~~~~~~~~~^^^^^^^^^
  File "C:\Users\it.sm.UG-EMERGENCY\AppData\Local\Programs\Python\Python313\Lib\site-packages\django\template\base.py", line 1005, in render
    return SafeString("".join([node.render_annotated(context) for node in self]))
                               ~~~~~~~~~~~~~~~~~~~~~^^^^^^^^^
  File "C:\Users\it.sm.UG-EMERGENCY\AppData\Local\Programs\Python\Python313\Lib\site-packages\django\template\base.py", line 966, in render_annotated
    return self.render(context)
           ~~~~~~~~~~~^^^^^^^^^
  File "C:\Users\it.sm.UG-EMERGENCY\AppData\Local\Programs\Python\Python313\Lib\site-packages\django\template\loader_tags.py", line 157, in render
    return compiled_parent._render(context)
           ~~~~~~~~~~~~~~~~~~~~~~~^^^^^^^^^
  File "C:\Users\it.sm.UG-EMERGENCY\AppData\Local\Programs\Python\Python313\Lib\site-packages\django\template\base.py", line 167, in _render
    return self.nodelist.render(context)
           ~~~~~~~~~~~~~~~~~~~~^^^^^^^^^
  File "C:\Users\it.sm.UG-EMERGENCY\AppData\Local\Programs\Python\Python313\Lib\site-packages\django\template\base.py", line 1005, in render
    return SafeString("".join([node.render_annotated(context) for node in self]))
                               ~~~~~~~~~~~~~~~~~~~~~^^^^^^^^^
  File "C:\Users\it.sm.UG-EMERGENCY\AppData\Local\Programs\Python\Python313\Lib\site-packages\django\template\base.py", line 966, in render_annotated
    return self.render(context)
           ~~~~~~~~~~~^^^^^^^^^
  File "C:\Users\it.sm.UG-EMERGENCY\AppData\Local\Programs\Python\Python313\Lib\site-packages\django\template\defaulttags.py", line 321, in render
    return nodelist.render(context)
           ~~~~~~~~~~~~~~~^^^^^^^^^
  File "C:\Users\it.sm.UG-EMERGENCY\AppData\Local\Programs\Python\Python313\Lib\site-packages\django\template\base.py", line 1005, in render
    return SafeString("".join([node.render_annotated(context) for node in self]))
                               ~~~~~~~~~~~~~~~~~~~~~^^^^^^^^^
  File "C:\Users\it.sm.UG-EMERGENCY\AppData\Local\Programs\Python\Python313\Lib\site-packages\django\template\base.py", line 966, in render_annotated
    return self.render(context)
           ~~~~~~~~~~~^^^^^^^^^
  File "C:\Users\it.sm.UG-EMERGENCY\AppData\Local\Programs\Python\Python313\Lib\site-packages\django\template\loader_tags.py", line 63, in render
    result = block.nodelist.render(context)
  File "C:\Users\it.sm.UG-EMERGENCY\AppData\Local\Programs\Python\Python313\Lib\site-packages\django\template\base.py", line 1005, in render
    return SafeString("".join([node.render_annotated(context) for node in self]))
                               ~~~~~~~~~~~~~~~~~~~~~^^^^^^^^^
  File "C:\Users\it.sm.UG-EMERGENCY\AppData\Local\Programs\Python\Python313\Lib\site-packages\django\template\base.py", line 966, in render_annotated
    return self.render(context)
           ~~~~~~~~~~~^^^^^^^^^
  File "C:\Users\it.sm.UG-EMERGENCY\AppData\Local\Programs\Python\Python313\Lib\site-packages\django\template\defaulttags.py", line 321, in render
    return nodelist.render(context)
           ~~~~~~~~~~~~~~~^^^^^^^^^
  File "C:\Users\it.sm.UG-EMERGENCY\AppData\Local\Programs\Python\Python313\Lib\site-packages\django\template\base.py", line 1005, in render
    return SafeString("".join([node.render_annotated(context) for node in self]))
                               ~~~~~~~~~~~~~~~~~~~~~^^^^^^^^^
  File "C:\Users\it.sm.UG-EMERGENCY\AppData\Local\Programs\Python\Python313\Lib\site-packages\django\template\base.py", line 966, in render_annotated
    return self.render(context)
           ~~~~~~~~~~~^^^^^^^^^
  File "C:\Users\it.sm.UG-EMERGENCY\AppData\Local\Programs\Python\Python313\Lib\site-packages\django\template\defaulttags.py", line 194, in render
    len_values = len(values)
  File "C:\Users\it.sm.UG-EMERGENCY\AppData\Local\Programs\Python\Python313\Lib\site-packages\django\db\models\query.py", line 382, in __len__
    self._fetch_all()
    ~~~~~~~~~~~~~~~^^
  File "C:\Users\it.sm.UG-EMERGENCY\AppData\Local\Programs\Python\Python313\Lib\site-packages\django\db\models\query.py", line 1886, in _fetch_all
    self._result_cache = list(self._iterable_class(self))
                         ~~~~^^^^^^^^^^^^^^^^^^^^^^^^^^^^
  File "C:\Users\it.sm.UG-EMERGENCY\AppData\Local\Programs\Python\Python313\Lib\site-packages\django\db\models\query.py", line 93, in __iter__
    results = compiler.execute_sql(
        chunked_fetch=self.chunked_fetch, chunk_size=self.chunk_size
    )
  File "C:\Users\it.sm.UG-EMERGENCY\AppData\Local\Programs\Python\Python313\Lib\site-packages\django\db\models\sql\compiler.py", line 1562, in execute_sql
    cursor.execute(sql, params)
    ~~~~~~~~~~~~~~^^^^^^^^^^^^^
  File "C:\Users\it.sm.UG-EMERGENCY\AppData\Local\Programs\Python\Python313\Lib\site-packages\django\db\backends\utils.py", line 102, in execute
    return super().execute(sql, params)
           ~~~~~~~~~~~~~~~^^^^^^^^^^^^^
  File "C:\Users\it.sm.UG-EMERGENCY\AppData\Local\Programs\Python\Python313\Lib\site-packages\django\db\backends\utils.py", line 67, in execute
    return self._execute_with_wrappers(
           ~~~~~~~~~~~~~~~~~~~~~~~~~~~^
        sql, params, many=False, executor=self._execute
        ^^^^^^^^^^^^^^^^^^^^^^^^^^^^^^^^^^^^^^^^^^^^^^^
    )
    ^
  File "C:\Users\it.sm.UG-EMERGENCY\AppData\Local\Programs\Python\Python313\Lib\site-packages\django\db\backends\utils.py", line 80, in _execute_with_wrappers
    return executor(sql, params, many, context)
  File "C:\Users\it.sm.UG-EMERGENCY\AppData\Local\Programs\Python\Python313\Lib\site-packages\django\db\backends\utils.py", line 84, in _execute
    with self.db.wrap_database_errors:
         ^^^^^^^^^^^^^^^^^^^^^^^^^^^^
  File "C:\Users\it.sm.UG-EMERGENCY\AppData\Local\Programs\Python\Python313\Lib\site-packages\django\db\utils.py", line 91, in __exit__
    raise dj_exc_value.with_traceback(traceback) from exc_value
  File "C:\Users\it.sm.UG-EMERGENCY\AppData\Local\Programs\Python\Python313\Lib\site-packages\django\db\backends\utils.py", line 89, in _execute
    return self.cursor.execute(sql, params)
           ~~~~~~~~~~~~~~~~~~~^^^^^^^^^^^^^
  File "C:\Users\it.sm.UG-EMERGENCY\AppData\Local\Programs\Python\Python313\Lib\site-packages\django\db\backends\sqlite3\base.py", line 328, in execute
    return super().execute(query, params)
           ~~~~~~~~~~~~~~~^^^^^^^^^^^^^^^
django.db.utils.OperationalError: no such column: academics_semester.name
ERROR 2026-05-05 15:05:20,875 basehttp 42668 26512 "GET /students/1/?tab=enrollments HTTP/1.1" 500 281093
ERROR 2026-05-05 15:05:39,469 log 42668 26512 Internal Server Error: /students/1/
Traceback (most recent call last):
  File "C:\Users\it.sm.UG-EMERGENCY\AppData\Local\Programs\Python\Python313\Lib\site-packages\django\db\backends\utils.py", line 89, in _execute
    return self.cursor.execute(sql, params)
           ~~~~~~~~~~~~~~~~~~~^^^^^^^^^^^^^
  File "C:\Users\it.sm.UG-EMERGENCY\AppData\Local\Programs\Python\Python313\Lib\site-packages\django\db\backends\sqlite3\base.py", line 328, in execute
    return super().execute(query, params)
           ~~~~~~~~~~~~~~~^^^^^^^^^^^^^^^
sqlite3.OperationalError: no such column: academics_semester.name

The above exception was the direct cause of the following exception:

Traceback (most recent call last):
  File "C:\Users\it.sm.UG-EMERGENCY\AppData\Local\Programs\Python\Python313\Lib\site-packages\django\core\handlers\exception.py", line 55, in inner
    response = get_response(request)
  File "C:\Users\it.sm.UG-EMERGENCY\AppData\Local\Programs\Python\Python313\Lib\site-packages\django\core\handlers\base.py", line 197, in _get_response
    response = wrapped_callback(request, *callback_args, **callback_kwargs)
  File "C:\Users\it.sm.UG-EMERGENCY\AppData\Local\Programs\Python\Python313\Lib\site-packages\django\contrib\auth\decorators.py", line 23, in _wrapper_view
    return view_func(request, *args, **kwargs)
  File "C:\Users\it.sm.UG-EMERGENCY\Desktop\uni\hospital_meal_system\ums\students\views.py", line 101, in student_detail
    return render(request, 'students/student_detail.html', {
        'student': student,
    ...<12 lines>...
        'active_tab': request.GET.get('tab', 'overview'),
    })
  File "C:\Users\it.sm.UG-EMERGENCY\AppData\Local\Programs\Python\Python313\Lib\site-packages\django\shortcuts.py", line 24, in render
    content = loader.render_to_string(template_name, context, request, using=using)
  File "C:\Users\it.sm.UG-EMERGENCY\AppData\Local\Programs\Python\Python313\Lib\site-packages\django\template\loader.py", line 62, in render_to_string
    return template.render(context, request)
           ~~~~~~~~~~~~~~~^^^^^^^^^^^^^^^^^^
  File "C:\Users\it.sm.UG-EMERGENCY\AppData\Local\Programs\Python\Python313\Lib\site-packages\django\template\backends\django.py", line 61, in render
    return self.template.render(context)
           ~~~~~~~~~~~~~~~~~~~~^^^^^^^^^
  File "C:\Users\it.sm.UG-EMERGENCY\AppData\Local\Programs\Python\Python313\Lib\site-packages\django\template\base.py", line 175, in render
    return self._render(context)
           ~~~~~~~~~~~~^^^^^^^^^
  File "C:\Users\it.sm.UG-EMERGENCY\AppData\Local\Programs\Python\Python313\Lib\site-packages\django\template\base.py", line 167, in _render
    return self.nodelist.render(context)
           ~~~~~~~~~~~~~~~~~~~~^^^^^^^^^
  File "C:\Users\it.sm.UG-EMERGENCY\AppData\Local\Programs\Python\Python313\Lib\site-packages\django\template\base.py", line 1005, in render
    return SafeString("".join([node.render_annotated(context) for node in self]))
                               ~~~~~~~~~~~~~~~~~~~~~^^^^^^^^^
  File "C:\Users\it.sm.UG-EMERGENCY\AppData\Local\Programs\Python\Python313\Lib\site-packages\django\template\base.py", line 966, in render_annotated
    return self.render(context)
           ~~~~~~~~~~~^^^^^^^^^
  File "C:\Users\it.sm.UG-EMERGENCY\AppData\Local\Programs\Python\Python313\Lib\site-packages\django\template\loader_tags.py", line 157, in render
    return compiled_parent._render(context)
           ~~~~~~~~~~~~~~~~~~~~~~~^^^^^^^^^
  File "C:\Users\it.sm.UG-EMERGENCY\AppData\Local\Programs\Python\Python313\Lib\site-packages\django\template\base.py", line 167, in _render
    return self.nodelist.render(context)
           ~~~~~~~~~~~~~~~~~~~~^^^^^^^^^
  File "C:\Users\it.sm.UG-EMERGENCY\AppData\Local\Programs\Python\Python313\Lib\site-packages\django\template\base.py", line 1005, in render
    return SafeString("".join([node.render_annotated(context) for node in self]))
                               ~~~~~~~~~~~~~~~~~~~~~^^^^^^^^^
  File "C:\Users\it.sm.UG-EMERGENCY\AppData\Local\Programs\Python\Python313\Lib\site-packages\django\template\base.py", line 966, in render_annotated
    return self.render(context)
           ~~~~~~~~~~~^^^^^^^^^
  File "C:\Users\it.sm.UG-EMERGENCY\AppData\Local\Programs\Python\Python313\Lib\site-packages\django\template\defaulttags.py", line 321, in render
    return nodelist.render(context)
           ~~~~~~~~~~~~~~~^^^^^^^^^
  File "C:\Users\it.sm.UG-EMERGENCY\AppData\Local\Programs\Python\Python313\Lib\site-packages\django\template\base.py", line 1005, in render
    return SafeString("".join([node.render_annotated(context) for node in self]))
                               ~~~~~~~~~~~~~~~~~~~~~^^^^^^^^^
  File "C:\Users\it.sm.UG-EMERGENCY\AppData\Local\Programs\Python\Python313\Lib\site-packages\django\template\base.py", line 966, in render_annotated
    return self.render(context)
           ~~~~~~~~~~~^^^^^^^^^
  File "C:\Users\it.sm.UG-EMERGENCY\AppData\Local\Programs\Python\Python313\Lib\site-packages\django\template\loader_tags.py", line 63, in render
    result = block.nodelist.render(context)
  File "C:\Users\it.sm.UG-EMERGENCY\AppData\Local\Programs\Python\Python313\Lib\site-packages\django\template\base.py", line 1005, in render
    return SafeString("".join([node.render_annotated(context) for node in self]))
                               ~~~~~~~~~~~~~~~~~~~~~^^^^^^^^^
  File "C:\Users\it.sm.UG-EMERGENCY\AppData\Local\Programs\Python\Python313\Lib\site-packages\django\template\base.py", line 966, in render_annotated
    return self.render(context)
           ~~~~~~~~~~~^^^^^^^^^
  File "C:\Users\it.sm.UG-EMERGENCY\AppData\Local\Programs\Python\Python313\Lib\site-packages\django\template\defaulttags.py", line 321, in render
    return nodelist.render(context)
           ~~~~~~~~~~~~~~~^^^^^^^^^
  File "C:\Users\it.sm.UG-EMERGENCY\AppData\Local\Programs\Python\Python313\Lib\site-packages\django\template\base.py", line 1005, in render
    return SafeString("".join([node.render_annotated(context) for node in self]))
                               ~~~~~~~~~~~~~~~~~~~~~^^^^^^^^^
  File "C:\Users\it.sm.UG-EMERGENCY\AppData\Local\Programs\Python\Python313\Lib\site-packages\django\template\base.py", line 966, in render_annotated
    return self.render(context)
           ~~~~~~~~~~~^^^^^^^^^
  File "C:\Users\it.sm.UG-EMERGENCY\AppData\Local\Programs\Python\Python313\Lib\site-packages\django\template\defaulttags.py", line 194, in render
    len_values = len(values)
  File "C:\Users\it.sm.UG-EMERGENCY\AppData\Local\Programs\Python\Python313\Lib\site-packages\django\db\models\query.py", line 382, in __len__
    self._fetch_all()
    ~~~~~~~~~~~~~~~^^
  File "C:\Users\it.sm.UG-EMERGENCY\AppData\Local\Programs\Python\Python313\Lib\site-packages\django\db\models\query.py", line 1886, in _fetch_all
    self._result_cache = list(self._iterable_class(self))
                         ~~~~^^^^^^^^^^^^^^^^^^^^^^^^^^^^
  File "C:\Users\it.sm.UG-EMERGENCY\AppData\Local\Programs\Python\Python313\Lib\site-packages\django\db\models\query.py", line 93, in __iter__
    results = compiler.execute_sql(
        chunked_fetch=self.chunked_fetch, chunk_size=self.chunk_size
    )
  File "C:\Users\it.sm.UG-EMERGENCY\AppData\Local\Programs\Python\Python313\Lib\site-packages\django\db\models\sql\compiler.py", line 1562, in execute_sql
    cursor.execute(sql, params)
    ~~~~~~~~~~~~~~^^^^^^^^^^^^^
  File "C:\Users\it.sm.UG-EMERGENCY\AppData\Local\Programs\Python\Python313\Lib\site-packages\django\db\backends\utils.py", line 102, in execute
    return super().execute(sql, params)
           ~~~~~~~~~~~~~~~^^^^^^^^^^^^^
  File "C:\Users\it.sm.UG-EMERGENCY\AppData\Local\Programs\Python\Python313\Lib\site-packages\django\db\backends\utils.py", line 67, in execute
    return self._execute_with_wrappers(
           ~~~~~~~~~~~~~~~~~~~~~~~~~~~^
        sql, params, many=False, executor=self._execute
        ^^^^^^^^^^^^^^^^^^^^^^^^^^^^^^^^^^^^^^^^^^^^^^^
    )
    ^
  File "C:\Users\it.sm.UG-EMERGENCY\AppData\Local\Programs\Python\Python313\Lib\site-packages\django\db\backends\utils.py", line 80, in _execute_with_wrappers
    return executor(sql, params, many, context)
  File "C:\Users\it.sm.UG-EMERGENCY\AppData\Local\Programs\Python\Python313\Lib\site-packages\django\db\backends\utils.py", line 84, in _execute
    with self.db.wrap_database_errors:
         ^^^^^^^^^^^^^^^^^^^^^^^^^^^^
  File "C:\Users\it.sm.UG-EMERGENCY\AppData\Local\Programs\Python\Python313\Lib\site-packages\django\db\utils.py", line 91, in __exit__
    raise dj_exc_value.with_traceback(traceback) from exc_value
  File "C:\Users\it.sm.UG-EMERGENCY\AppData\Local\Programs\Python\Python313\Lib\site-packages\django\db\backends\utils.py", line 89, in _execute
    return self.cursor.execute(sql, params)
           ~~~~~~~~~~~~~~~~~~~^^^^^^^^^^^^^
  File "C:\Users\it.sm.UG-EMERGENCY\AppData\Local\Programs\Python\Python313\Lib\site-packages\django\db\backends\sqlite3\base.py", line 328, in execute
    return super().execute(query, params)
           ~~~~~~~~~~~~~~~^^^^^^^^^^^^^^^
django.db.utils.OperationalError: no such column: academics_semester.name
ERROR 2026-05-05 15:05:39,473 basehttp 42668 26512 "GET /students/1/?tab=enrollments HTTP/1.1" 500 281093
ERROR 2026-05-05 17:17:34,838 log 31876 28260 Internal Server Error: /finance/invoices/
Traceback (most recent call last):
  File "C:\Users\it.sm.UG-EMERGENCY\AppData\Local\Programs\Python\Python313\Lib\site-packages\django\db\backends\utils.py", line 89, in _execute
    return self.cursor.execute(sql, params)
           ~~~~~~~~~~~~~~~~~~~^^^^^^^^^^^^^
  File "C:\Users\it.sm.UG-EMERGENCY\AppData\Local\Programs\Python\Python313\Lib\site-packages\django\db\backends\sqlite3\base.py", line 328, in execute
    return super().execute(query, params)
           ~~~~~~~~~~~~~~~^^^^^^^^^^^^^^^
sqlite3.OperationalError: no such column: academics_semester.code

The above exception was the direct cause of the following exception:

Traceback (most recent call last):
  File "C:\Users\it.sm.UG-EMERGENCY\AppData\Local\Programs\Python\Python313\Lib\site-packages\django\core\handlers\exception.py", line 55, in inner
    response = get_response(request)
  File "C:\Users\it.sm.UG-EMERGENCY\AppData\Local\Programs\Python\Python313\Lib\site-packages\django\core\handlers\base.py", line 197, in _get_response
    response = wrapped_callback(request, *callback_args, **callback_kwargs)
  File "C:\Users\it.sm.UG-EMERGENCY\AppData\Local\Programs\Python\Python313\Lib\site-packages\django\contrib\auth\decorators.py", line 23, in _wrapper_view
    return view_func(request, *args, **kwargs)
  File "C:\Users\it.sm.UG-EMERGENCY\Desktop\uni\hospital_meal_system\ums\accounts\decorators.py", line 13, in wrapper
    return view_func(request, *args, **kwargs)
  File "C:\Users\it.sm.UG-EMERGENCY\Desktop\uni\hospital_meal_system\ums\finance\views.py", line 93, in invoice_list
    return render(request, 'finance/invoice_list.html', {
        'invoices': invoices,
    ...<6 lines>...
        'total_balance': total_balance,
    })
  File "C:\Users\it.sm.UG-EMERGENCY\AppData\Local\Programs\Python\Python313\Lib\site-packages\django\shortcuts.py", line 24, in render
    content = loader.render_to_string(template_name, context, request, using=using)
  File "C:\Users\it.sm.UG-EMERGENCY\AppData\Local\Programs\Python\Python313\Lib\site-packages\django\template\loader.py", line 62, in render_to_string
    return template.render(context, request)
           ~~~~~~~~~~~~~~~^^^^^^^^^^^^^^^^^^
  File "C:\Users\it.sm.UG-EMERGENCY\AppData\Local\Programs\Python\Python313\Lib\site-packages\django\template\backends\django.py", line 61, in render
    return self.template.render(context)
           ~~~~~~~~~~~~~~~~~~~~^^^^^^^^^
  File "C:\Users\it.sm.UG-EMERGENCY\AppData\Local\Programs\Python\Python313\Lib\site-packages\django\template\base.py", line 175, in render
    return self._render(context)
           ~~~~~~~~~~~~^^^^^^^^^
  File "C:\Users\it.sm.UG-EMERGENCY\AppData\Local\Programs\Python\Python313\Lib\site-packages\django\template\base.py", line 167, in _render
    return self.nodelist.render(context)
           ~~~~~~~~~~~~~~~~~~~~^^^^^^^^^
  File "C:\Users\it.sm.UG-EMERGENCY\AppData\Local\Programs\Python\Python313\Lib\site-packages\django\template\base.py", line 1005, in render
    return SafeString("".join([node.render_annotated(context) for node in self]))
                               ~~~~~~~~~~~~~~~~~~~~~^^^^^^^^^
  File "C:\Users\it.sm.UG-EMERGENCY\AppData\Local\Programs\Python\Python313\Lib\site-packages\django\template\base.py", line 966, in render_annotated
    return self.render(context)
           ~~~~~~~~~~~^^^^^^^^^
  File "C:\Users\it.sm.UG-EMERGENCY\AppData\Local\Programs\Python\Python313\Lib\site-packages\django\template\loader_tags.py", line 157, in render
    return compiled_parent._render(context)
           ~~~~~~~~~~~~~~~~~~~~~~~^^^^^^^^^
  File "C:\Users\it.sm.UG-EMERGENCY\AppData\Local\Programs\Python\Python313\Lib\site-packages\django\template\base.py", line 167, in _render
    return self.nodelist.render(context)
           ~~~~~~~~~~~~~~~~~~~~^^^^^^^^^
  File "C:\Users\it.sm.UG-EMERGENCY\AppData\Local\Programs\Python\Python313\Lib\site-packages\django\template\base.py", line 1005, in render
    return SafeString("".join([node.render_annotated(context) for node in self]))
                               ~~~~~~~~~~~~~~~~~~~~~^^^^^^^^^
  File "C:\Users\it.sm.UG-EMERGENCY\AppData\Local\Programs\Python\Python313\Lib\site-packages\django\template\base.py", line 966, in render_annotated
    return self.render(context)
           ~~~~~~~~~~~^^^^^^^^^
  File "C:\Users\it.sm.UG-EMERGENCY\AppData\Local\Programs\Python\Python313\Lib\site-packages\django\template\defaulttags.py", line 321, in render
    return nodelist.render(context)
           ~~~~~~~~~~~~~~~^^^^^^^^^
  File "C:\Users\it.sm.UG-EMERGENCY\AppData\Local\Programs\Python\Python313\Lib\site-packages\django\template\base.py", line 1005, in render
    return SafeString("".join([node.render_annotated(context) for node in self]))
                               ~~~~~~~~~~~~~~~~~~~~~^^^^^^^^^
  File "C:\Users\it.sm.UG-EMERGENCY\AppData\Local\Programs\Python\Python313\Lib\site-packages\django\template\base.py", line 966, in render_annotated
    return self.render(context)
           ~~~~~~~~~~~^^^^^^^^^
  File "C:\Users\it.sm.UG-EMERGENCY\AppData\Local\Programs\Python\Python313\Lib\site-packages\django\template\loader_tags.py", line 63, in render
    result = block.nodelist.render(context)
  File "C:\Users\it.sm.UG-EMERGENCY\AppData\Local\Programs\Python\Python313\Lib\site-packages\django\template\base.py", line 1005, in render
    return SafeString("".join([node.render_annotated(context) for node in self]))
                               ~~~~~~~~~~~~~~~~~~~~~^^^^^^^^^
  File "C:\Users\it.sm.UG-EMERGENCY\AppData\Local\Programs\Python\Python313\Lib\site-packages\django\template\base.py", line 966, in render_annotated
    return self.render(context)
           ~~~~~~~~~~~^^^^^^^^^
  File "C:\Users\it.sm.UG-EMERGENCY\AppData\Local\Programs\Python\Python313\Lib\site-packages\django\template\base.py", line 1064, in render
    output = self.filter_expression.resolve(context)
  File "C:\Users\it.sm.UG-EMERGENCY\AppData\Local\Programs\Python\Python313\Lib\site-packages\django\template\base.py", line 742, in resolve
    new_obj = func(obj, *arg_vals)
  File "C:\Users\it.sm.UG-EMERGENCY\AppData\Local\Programs\Python\Python313\Lib\site-packages\django\template\defaultfilters.py", line 622, in length
    return len(value)
  File "C:\Users\it.sm.UG-EMERGENCY\AppData\Local\Programs\Python\Python313\Lib\site-packages\django\db\models\query.py", line 382, in __len__
    self._fetch_all()
    ~~~~~~~~~~~~~~~^^
  File "C:\Users\it.sm.UG-EMERGENCY\AppData\Local\Programs\Python\Python313\Lib\site-packages\django\db\models\query.py", line 1886, in _fetch_all
    self._result_cache = list(self._iterable_class(self))
                         ~~~~^^^^^^^^^^^^^^^^^^^^^^^^^^^^
  File "C:\Users\it.sm.UG-EMERGENCY\AppData\Local\Programs\Python\Python313\Lib\site-packages\django\db\models\query.py", line 93, in __iter__
    results = compiler.execute_sql(
        chunked_fetch=self.chunked_fetch, chunk_size=self.chunk_size
    )
  File "C:\Users\it.sm.UG-EMERGENCY\AppData\Local\Programs\Python\Python313\Lib\site-packages\django\db\models\sql\compiler.py", line 1562, in execute_sql
    cursor.execute(sql, params)
    ~~~~~~~~~~~~~~^^^^^^^^^^^^^
  File "C:\Users\it.sm.UG-EMERGENCY\AppData\Local\Programs\Python\Python313\Lib\site-packages\django\db\backends\utils.py", line 102, in execute
    return super().execute(sql, params)
           ~~~~~~~~~~~~~~~^^^^^^^^^^^^^
  File "C:\Users\it.sm.UG-EMERGENCY\AppData\Local\Programs\Python\Python313\Lib\site-packages\django\db\backends\utils.py", line 67, in execute
    return self._execute_with_wrappers(
           ~~~~~~~~~~~~~~~~~~~~~~~~~~~^
        sql, params, many=False, executor=self._execute
        ^^^^^^^^^^^^^^^^^^^^^^^^^^^^^^^^^^^^^^^^^^^^^^^
    )
    ^
  File "C:\Users\it.sm.UG-EMERGENCY\AppData\Local\Programs\Python\Python313\Lib\site-packages\django\db\backends\utils.py", line 80, in _execute_with_wrappers
    return executor(sql, params, many, context)
  File "C:\Users\it.sm.UG-EMERGENCY\AppData\Local\Programs\Python\Python313\Lib\site-packages\django\db\backends\utils.py", line 84, in _execute
    with self.db.wrap_database_errors:
         ^^^^^^^^^^^^^^^^^^^^^^^^^^^^
  File "C:\Users\it.sm.UG-EMERGENCY\AppData\Local\Programs\Python\Python313\Lib\site-packages\django\db\utils.py", line 91, in __exit__
    raise dj_exc_value.with_traceback(traceback) from exc_value
  File "C:\Users\it.sm.UG-EMERGENCY\AppData\Local\Programs\Python\Python313\Lib\site-packages\django\db\backends\utils.py", line 89, in _execute
    return self.cursor.execute(sql, params)
           ~~~~~~~~~~~~~~~~~~~^^^^^^^^^^^^^
  File "C:\Users\it.sm.UG-EMERGENCY\AppData\Local\Programs\Python\Python313\Lib\site-packages\django\db\backends\sqlite3\base.py", line 328, in execute
    return super().execute(query, params)
           ~~~~~~~~~~~~~~~^^^^^^^^^^^^^^^
django.db.utils.OperationalError: no such column: academics_semester.code
ERROR 2026-05-05 17:17:34,893 basehttp 31876 28260 "GET /finance/invoices/ HTTP/1.1" 500 289443
ERROR 2026-05-05 17:17:43,000 log 31876 28260 Internal Server Error: /students/1/
Traceback (most recent call last):
  File "C:\Users\it.sm.UG-EMERGENCY\AppData\Local\Programs\Python\Python313\Lib\site-packages\django\db\backends\utils.py", line 89, in _execute
    return self.cursor.execute(sql, params)
           ~~~~~~~~~~~~~~~~~~~^^^^^^^^^^^^^
  File "C:\Users\it.sm.UG-EMERGENCY\AppData\Local\Programs\Python\Python313\Lib\site-packages\django\db\backends\sqlite3\base.py", line 328, in execute
    return super().execute(query, params)
           ~~~~~~~~~~~~~~~^^^^^^^^^^^^^^^
sqlite3.OperationalError: no such column: academics_course.semester_id

The above exception was the direct cause of the following exception:

Traceback (most recent call last):
  File "C:\Users\it.sm.UG-EMERGENCY\AppData\Local\Programs\Python\Python313\Lib\site-packages\django\core\handlers\exception.py", line 55, in inner
    response = get_response(request)
  File "C:\Users\it.sm.UG-EMERGENCY\AppData\Local\Programs\Python\Python313\Lib\site-packages\django\core\handlers\base.py", line 197, in _get_response
    response = wrapped_callback(request, *callback_args, **callback_kwargs)
  File "C:\Users\it.sm.UG-EMERGENCY\AppData\Local\Programs\Python\Python313\Lib\site-packages\django\contrib\auth\decorators.py", line 23, in _wrapper_view
    return view_func(request, *args, **kwargs)
  File "C:\Users\it.sm.UG-EMERGENCY\Desktop\uni\hospital_meal_system\ums\students\views.py", line 99, in student_detail
    graduation = student.check_graduation_eligibility()
  File "C:\Users\it.sm.UG-EMERGENCY\Desktop\uni\hospital_meal_system\ums\students\models.py", line 104, in check_graduation_eligibility
    for r in StudentResult.objects.filter(
             ~~~~~~~~~~~~~~~~~~~~~~~~~~~~~
        student=self, is_published=True, grade_point__gte=1.0
        ~~~~~~~~~~~~~~~~~~~~~~~~~~~~~~~~~~~~~~~~~~~~~~~~~~~~~
    ).select_related('course_allocation__course')
    ~~~~~~~~~~~~~~~~^^^^^^^^^^^^^^^^^^^^^^^^^^^^^
  File "C:\Users\it.sm.UG-EMERGENCY\AppData\Local\Programs\Python\Python313\Lib\site-packages\django\db\models\query.py", line 400, in __iter__
    self._fetch_all()
    ~~~~~~~~~~~~~~~^^
  File "C:\Users\it.sm.UG-EMERGENCY\AppData\Local\Programs\Python\Python313\Lib\site-packages\django\db\models\query.py", line 1886, in _fetch_all
    self._result_cache = list(self._iterable_class(self))
                         ~~~~^^^^^^^^^^^^^^^^^^^^^^^^^^^^
  File "C:\Users\it.sm.UG-EMERGENCY\AppData\Local\Programs\Python\Python313\Lib\site-packages\django\db\models\query.py", line 93, in __iter__
    results = compiler.execute_sql(
        chunked_fetch=self.chunked_fetch, chunk_size=self.chunk_size
    )
  File "C:\Users\it.sm.UG-EMERGENCY\AppData\Local\Programs\Python\Python313\Lib\site-packages\django\db\models\sql\compiler.py", line 1562, in execute_sql
    cursor.execute(sql, params)
    ~~~~~~~~~~~~~~^^^^^^^^^^^^^
  File "C:\Users\it.sm.UG-EMERGENCY\AppData\Local\Programs\Python\Python313\Lib\site-packages\django\db\backends\utils.py", line 102, in execute
    return super().execute(sql, params)
           ~~~~~~~~~~~~~~~^^^^^^^^^^^^^
  File "C:\Users\it.sm.UG-EMERGENCY\AppData\Local\Programs\Python\Python313\Lib\site-packages\django\db\backends\utils.py", line 67, in execute
    return self._execute_with_wrappers(
           ~~~~~~~~~~~~~~~~~~~~~~~~~~~^
        sql, params, many=False, executor=self._execute
        ^^^^^^^^^^^^^^^^^^^^^^^^^^^^^^^^^^^^^^^^^^^^^^^
    )
    ^
  File "C:\Users\it.sm.UG-EMERGENCY\AppData\Local\Programs\Python\Python313\Lib\site-packages\django\db\backends\utils.py", line 80, in _execute_with_wrappers
    return executor(sql, params, many, context)
  File "C:\Users\it.sm.UG-EMERGENCY\AppData\Local\Programs\Python\Python313\Lib\site-packages\django\db\backends\utils.py", line 84, in _execute
    with self.db.wrap_database_errors:
         ^^^^^^^^^^^^^^^^^^^^^^^^^^^^
  File "C:\Users\it.sm.UG-EMERGENCY\AppData\Local\Programs\Python\Python313\Lib\site-packages\django\db\utils.py", line 91, in __exit__
    raise dj_exc_value.with_traceback(traceback) from exc_value
  File "C:\Users\it.sm.UG-EMERGENCY\AppData\Local\Programs\Python\Python313\Lib\site-packages\django\db\backends\utils.py", line 89, in _execute
    return self.cursor.execute(sql, params)
           ~~~~~~~~~~~~~~~~~~~^^^^^^^^^^^^^
  File "C:\Users\it.sm.UG-EMERGENCY\AppData\Local\Programs\Python\Python313\Lib\site-packages\django\db\backends\sqlite3\base.py", line 328, in execute
    return super().execute(query, params)
           ~~~~~~~~~~~~~~~^^^^^^^^^^^^^^^
django.db.utils.OperationalError: no such column: academics_course.semester_id
ERROR 2026-05-05 17:17:43,007 basehttp 31876 28260 "GET /students/1/ HTTP/1.1" 500 184132
ERROR 2026-05-05 17:21:31,422 log 31876 28260 Internal Server Error: /students/1/
Traceback (most recent call last):
  File "C:\Users\it.sm.UG-EMERGENCY\AppData\Local\Programs\Python\Python313\Lib\site-packages\django\db\backends\utils.py", line 89, in _execute
    return self.cursor.execute(sql, params)
           ~~~~~~~~~~~~~~~~~~~^^^^^^^^^^^^^
  File "C:\Users\it.sm.UG-EMERGENCY\AppData\Local\Programs\Python\Python313\Lib\site-packages\django\db\backends\sqlite3\base.py", line 328, in execute
    return super().execute(query, params)
           ~~~~~~~~~~~~~~~^^^^^^^^^^^^^^^
sqlite3.OperationalError: no such column: academics_course.semester_id

The above exception was the direct cause of the following exception:

Traceback (most recent call last):
  File "C:\Users\it.sm.UG-EMERGENCY\AppData\Local\Programs\Python\Python313\Lib\site-packages\django\core\handlers\exception.py", line 55, in inner
    response = get_response(request)
  File "C:\Users\it.sm.UG-EMERGENCY\AppData\Local\Programs\Python\Python313\Lib\site-packages\django\core\handlers\base.py", line 197, in _get_response
    response = wrapped_callback(request, *callback_args, **callback_kwargs)
  File "C:\Users\it.sm.UG-EMERGENCY\AppData\Local\Programs\Python\Python313\Lib\site-packages\django\contrib\auth\decorators.py", line 23, in _wrapper_view
    return view_func(request, *args, **kwargs)
  File "C:\Users\it.sm.UG-EMERGENCY\Desktop\uni\hospital_meal_system\ums\students\views.py", line 99, in student_detail
    graduation = student.check_graduation_eligibility()
  File "C:\Users\it.sm.UG-EMERGENCY\Desktop\uni\hospital_meal_system\ums\students\models.py", line 104, in check_graduation_eligibility
    for r in StudentResult.objects.filter(
             ~~~~~~~~~~~~~~~~~~~~~~~~~~~~~
        student=self, is_published=True, grade_point__gte=1.0
        ~~~~~~~~~~~~~~~~~~~~~~~~~~~~~~~~~~~~~~~~~~~~~~~~~~~~~
    ).select_related('course_allocation__course')
    ~~~~~~~~~~~~~~~~^^^^^^^^^^^^^^^^^^^^^^^^^^^^^
  File "C:\Users\it.sm.UG-EMERGENCY\AppData\Local\Programs\Python\Python313\Lib\site-packages\django\db\models\query.py", line 400, in __iter__
    self._fetch_all()
    ~~~~~~~~~~~~~~~^^
  File "C:\Users\it.sm.UG-EMERGENCY\AppData\Local\Programs\Python\Python313\Lib\site-packages\django\db\models\query.py", line 1886, in _fetch_all
    self._result_cache = list(self._iterable_class(self))
                         ~~~~^^^^^^^^^^^^^^^^^^^^^^^^^^^^
  File "C:\Users\it.sm.UG-EMERGENCY\AppData\Local\Programs\Python\Python313\Lib\site-packages\django\db\models\query.py", line 93, in __iter__
    results = compiler.execute_sql(
        chunked_fetch=self.chunked_fetch, chunk_size=self.chunk_size
    )
  File "C:\Users\it.sm.UG-EMERGENCY\AppData\Local\Programs\Python\Python313\Lib\site-packages\django\db\models\sql\compiler.py", line 1562, in execute_sql
    cursor.execute(sql, params)
    ~~~~~~~~~~~~~~^^^^^^^^^^^^^
  File "C:\Users\it.sm.UG-EMERGENCY\AppData\Local\Programs\Python\Python313\Lib\site-packages\django\db\backends\utils.py", line 102, in execute
    return super().execute(sql, params)
           ~~~~~~~~~~~~~~~^^^^^^^^^^^^^
  File "C:\Users\it.sm.UG-EMERGENCY\AppData\Local\Programs\Python\Python313\Lib\site-packages\django\db\backends\utils.py", line 67, in execute
    return self._execute_with_wrappers(
           ~~~~~~~~~~~~~~~~~~~~~~~~~~~^
        sql, params, many=False, executor=self._execute
        ^^^^^^^^^^^^^^^^^^^^^^^^^^^^^^^^^^^^^^^^^^^^^^^
    )
    ^
  File "C:\Users\it.sm.UG-EMERGENCY\AppData\Local\Programs\Python\Python313\Lib\site-packages\django\db\backends\utils.py", line 80, in _execute_with_wrappers
    return executor(sql, params, many, context)
  File "C:\Users\it.sm.UG-EMERGENCY\AppData\Local\Programs\Python\Python313\Lib\site-packages\django\db\backends\utils.py", line 84, in _execute
    with self.db.wrap_database_errors:
         ^^^^^^^^^^^^^^^^^^^^^^^^^^^^
  File "C:\Users\it.sm.UG-EMERGENCY\AppData\Local\Programs\Python\Python313\Lib\site-packages\django\db\utils.py", line 91, in __exit__
    raise dj_exc_value.with_traceback(traceback) from exc_value
  File "C:\Users\it.sm.UG-EMERGENCY\AppData\Local\Programs\Python\Python313\Lib\site-packages\django\db\backends\utils.py", line 89, in _execute
    return self.cursor.execute(sql, params)
           ~~~~~~~~~~~~~~~~~~~^^^^^^^^^^^^^
  File "C:\Users\it.sm.UG-EMERGENCY\AppData\Local\Programs\Python\Python313\Lib\site-packages\django\db\backends\sqlite3\base.py", line 328, in execute
    return super().execute(query, params)
           ~~~~~~~~~~~~~~~^^^^^^^^^^^^^^^
django.db.utils.OperationalError: no such column: academics_course.semester_id
ERROR 2026-05-05 17:21:31,433 basehttp 31876 28260 "GET /students/1/ HTTP/1.1" 500 184132
ERROR 2026-05-05 17:52:58,868 log 31876 23612 Internal Server Error: /students/1/
Traceback (most recent call last):
  File "C:\Users\it.sm.UG-EMERGENCY\AppData\Local\Programs\Python\Python313\Lib\site-packages\django\core\handlers\exception.py", line 55, in inner
    response = get_response(request)
  File "C:\Users\it.sm.UG-EMERGENCY\AppData\Local\Programs\Python\Python313\Lib\site-packages\django\core\handlers\base.py", line 197, in _get_response
    response = wrapped_callback(request, *callback_args, **callback_kwargs)
  File "C:\Users\it.sm.UG-EMERGENCY\AppData\Local\Programs\Python\Python313\Lib\site-packages\django\contrib\auth\decorators.py", line 23, in _wrapper_view
    return view_func(request, *args, **kwargs)
  File "C:\Users\it.sm.UG-EMERGENCY\Desktop\uni\hospital_meal_system\ums\students\views.py", line 101, in student_detail
    return render(request, 'students/student_detail.html', {
        'student': student,
    ...<12 lines>...
        'active_tab': request.GET.get('tab', 'overview'),
    })
  File "C:\Users\it.sm.UG-EMERGENCY\AppData\Local\Programs\Python\Python313\Lib\site-packages\django\shortcuts.py", line 24, in render
    content = loader.render_to_string(template_name, context, request, using=using)
  File "C:\Users\it.sm.UG-EMERGENCY\AppData\Local\Programs\Python\Python313\Lib\site-packages\django\template\loader.py", line 62, in render_to_string
    return template.render(context, request)
           ~~~~~~~~~~~~~~~^^^^^^^^^^^^^^^^^^
  File "C:\Users\it.sm.UG-EMERGENCY\AppData\Local\Programs\Python\Python313\Lib\site-packages\django\template\backends\django.py", line 61, in render
    return self.template.render(context)
           ~~~~~~~~~~~~~~~~~~~~^^^^^^^^^
  File "C:\Users\it.sm.UG-EMERGENCY\AppData\Local\Programs\Python\Python313\Lib\site-packages\django\template\base.py", line 175, in render
    return self._render(context)
           ~~~~~~~~~~~~^^^^^^^^^
  File "C:\Users\it.sm.UG-EMERGENCY\AppData\Local\Programs\Python\Python313\Lib\site-packages\django\template\base.py", line 167, in _render
    return self.nodelist.render(context)
           ~~~~~~~~~~~~~~~~~~~~^^^^^^^^^
  File "C:\Users\it.sm.UG-EMERGENCY\AppData\Local\Programs\Python\Python313\Lib\site-packages\django\template\base.py", line 1005, in render
    return SafeString("".join([node.render_annotated(context) for node in self]))
                               ~~~~~~~~~~~~~~~~~~~~~^^^^^^^^^
  File "C:\Users\it.sm.UG-EMERGENCY\AppData\Local\Programs\Python\Python313\Lib\site-packages\django\template\base.py", line 966, in render_annotated
    return self.render(context)
           ~~~~~~~~~~~^^^^^^^^^
  File "C:\Users\it.sm.UG-EMERGENCY\AppData\Local\Programs\Python\Python313\Lib\site-packages\django\template\loader_tags.py", line 157, in render
    return compiled_parent._render(context)
           ~~~~~~~~~~~~~~~~~~~~~~~^^^^^^^^^
  File "C:\Users\it.sm.UG-EMERGENCY\AppData\Local\Programs\Python\Python313\Lib\site-packages\django\template\base.py", line 167, in _render
    return self.nodelist.render(context)
           ~~~~~~~~~~~~~~~~~~~~^^^^^^^^^
  File "C:\Users\it.sm.UG-EMERGENCY\AppData\Local\Programs\Python\Python313\Lib\site-packages\django\template\base.py", line 1005, in render
    return SafeString("".join([node.render_annotated(context) for node in self]))
                               ~~~~~~~~~~~~~~~~~~~~~^^^^^^^^^
  File "C:\Users\it.sm.UG-EMERGENCY\AppData\Local\Programs\Python\Python313\Lib\site-packages\django\template\base.py", line 966, in render_annotated
    return self.render(context)
           ~~~~~~~~~~~^^^^^^^^^
  File "C:\Users\it.sm.UG-EMERGENCY\AppData\Local\Programs\Python\Python313\Lib\site-packages\django\template\defaulttags.py", line 321, in render
    return nodelist.render(context)
           ~~~~~~~~~~~~~~~^^^^^^^^^
  File "C:\Users\it.sm.UG-EMERGENCY\AppData\Local\Programs\Python\Python313\Lib\site-packages\django\template\base.py", line 1005, in render
    return SafeString("".join([node.render_annotated(context) for node in self]))
                               ~~~~~~~~~~~~~~~~~~~~~^^^^^^^^^
  File "C:\Users\it.sm.UG-EMERGENCY\AppData\Local\Programs\Python\Python313\Lib\site-packages\django\template\base.py", line 966, in render_annotated
    return self.render(context)
           ~~~~~~~~~~~^^^^^^^^^
  File "C:\Users\it.sm.UG-EMERGENCY\AppData\Local\Programs\Python\Python313\Lib\site-packages\django\template\loader_tags.py", line 63, in render
    result = block.nodelist.render(context)
  File "C:\Users\it.sm.UG-EMERGENCY\AppData\Local\Programs\Python\Python313\Lib\site-packages\django\template\base.py", line 1005, in render
    return SafeString("".join([node.render_annotated(context) for node in self]))
                               ~~~~~~~~~~~~~~~~~~~~~^^^^^^^^^
  File "C:\Users\it.sm.UG-EMERGENCY\AppData\Local\Programs\Python\Python313\Lib\site-packages\django\template\base.py", line 966, in render_annotated
    return self.render(context)
           ~~~~~~~~~~~^^^^^^^^^
  File "C:\Users\it.sm.UG-EMERGENCY\AppData\Local\Programs\Python\Python313\Lib\site-packages\django\template\defaulttags.py", line 321, in render
    return nodelist.render(context)
           ~~~~~~~~~~~~~~~^^^^^^^^^
  File "C:\Users\it.sm.UG-EMERGENCY\AppData\Local\Programs\Python\Python313\Lib\site-packages\django\template\base.py", line 1005, in render
    return SafeString("".join([node.render_annotated(context) for node in self]))
                               ~~~~~~~~~~~~~~~~~~~~~^^^^^^^^^
  File "C:\Users\it.sm.UG-EMERGENCY\AppData\Local\Programs\Python\Python313\Lib\site-packages\django\template\base.py", line 966, in render_annotated
    return self.render(context)
           ~~~~~~~~~~~^^^^^^^^^
  File "C:\Users\it.sm.UG-EMERGENCY\AppData\Local\Programs\Python\Python313\Lib\site-packages\django\template\base.py", line 1064, in render
    output = self.filter_expression.resolve(context)
  File "C:\Users\it.sm.UG-EMERGENCY\AppData\Local\Programs\Python\Python313\Lib\site-packages\django\template\base.py", line 742, in resolve
    new_obj = func(obj, *arg_vals)
  File "C:\Users\it.sm.UG-EMERGENCY\AppData\Local\Programs\Python\Python313\Lib\site-packages\django\template\defaultfilters.py", line 622, in length
    return len(value)
  File "C:\Users\it.sm.UG-EMERGENCY\AppData\Local\Programs\Python\Python313\Lib\site-packages\django\db\models\query.py", line 382, in __len__
    self._fetch_all()
    ~~~~~~~~~~~~~~~^^
  File "C:\Users\it.sm.UG-EMERGENCY\AppData\Local\Programs\Python\Python313\Lib\site-packages\django\db\models\query.py", line 1886, in _fetch_all
    self._result_cache = list(self._iterable_class(self))
                         ~~~~^^^^^^^^^^^^^^^^^^^^^^^^^^^^
  File "C:\Users\it.sm.UG-EMERGENCY\AppData\Local\Programs\Python\Python313\Lib\site-packages\django\db\models\query.py", line 93, in __iter__
    results = compiler.execute_sql(
        chunked_fetch=self.chunked_fetch, chunk_size=self.chunk_size
    )
  File "C:\Users\it.sm.UG-EMERGENCY\AppData\Local\Programs\Python\Python313\Lib\site-packages\django\db\models\sql\compiler.py", line 1549, in execute_sql
    sql, params = self.as_sql()
                  ~~~~~~~~~~~^^
  File "C:\Users\it.sm.UG-EMERGENCY\AppData\Local\Programs\Python\Python313\Lib\site-packages\django\db\models\sql\compiler.py", line 736, in as_sql
    extra_select, order_by, group_by = self.pre_sql_setup(
                                       ~~~~~~~~~~~~~~~~~~^
        with_col_aliases=with_col_aliases or bool(combinator),
        ^^^^^^^^^^^^^^^^^^^^^^^^^^^^^^^^^^^^^^^^^^^^^^^^^^^^^^
    )
    ^
  File "C:\Users\it.sm.UG-EMERGENCY\AppData\Local\Programs\Python\Python313\Lib\site-packages\django\db\models\sql\compiler.py", line 84, in pre_sql_setup
    self.setup_query(with_col_aliases=with_col_aliases)
    ~~~~~~~~~~~~~~~~^^^^^^^^^^^^^^^^^^^^^^^^^^^^^^^^^^^
  File "C:\Users\it.sm.UG-EMERGENCY\AppData\Local\Programs\Python\Python313\Lib\site-packages\django\db\models\sql\compiler.py", line 73, in setup_query
    self.select, self.klass_info, self.annotation_col_map = self.get_select(
                                                            ~~~~~~~~~~~~~~~^
        with_col_aliases=with_col_aliases,
        ^^^^^^^^^^^^^^^^^^^^^^^^^^^^^^^^^^
    )
    ^
  File "C:\Users\it.sm.UG-EMERGENCY\AppData\Local\Programs\Python\Python313\Lib\site-packages\django\db\models\sql\compiler.py", line 279, in get_select
    related_klass_infos = self.get_related_selections(select, select_mask)
  File "C:\Users\it.sm.UG-EMERGENCY\AppData\Local\Programs\Python\Python313\Lib\site-packages\django\db\models\sql\compiler.py", line 1235, in get_related_selections
    next_klass_infos = self.get_related_selections(
        select,
    ...<5 lines>...
        restricted,
    )
  File "C:\Users\it.sm.UG-EMERGENCY\AppData\Local\Programs\Python\Python313\Lib\site-packages\django\db\models\sql\compiler.py", line 1367, in get_related_selections
    raise FieldError(
    ...<6 lines>...
    )
django.core.exceptions.FieldError: Invalid field name(s) given in select_related: 'session'. Choices are: (none)
ERROR 2026-05-05 17:52:58,914 basehttp 31876 23612 "GET /students/1/ HTTP/1.1" 500 269006
ERROR 2026-05-05 17:55:31,143 log 13324 28524 Internal Server Error: /students/1/
Traceback (most recent call last):
  File "C:\Users\it.sm.UG-EMERGENCY\AppData\Local\Programs\Python\Python313\Lib\site-packages\django\core\handlers\exception.py", line 55, in inner
    response = get_response(request)
  File "C:\Users\it.sm.UG-EMERGENCY\AppData\Local\Programs\Python\Python313\Lib\site-packages\django\core\handlers\base.py", line 197, in _get_response
    response = wrapped_callback(request, *callback_args, **callback_kwargs)
  File "C:\Users\it.sm.UG-EMERGENCY\AppData\Local\Programs\Python\Python313\Lib\site-packages\django\contrib\auth\decorators.py", line 23, in _wrapper_view
    return view_func(request, *args, **kwargs)
  File "C:\Users\it.sm.UG-EMERGENCY\Desktop\uni\hospital_meal_system\ums\students\views.py", line 101, in student_detail
    return render(request, 'students/student_detail.html', {
        'student': student,
    ...<12 lines>...
        'active_tab': request.GET.get('tab', 'overview'),
    })
  File "C:\Users\it.sm.UG-EMERGENCY\AppData\Local\Programs\Python\Python313\Lib\site-packages\django\shortcuts.py", line 24, in render
    content = loader.render_to_string(template_name, context, request, using=using)
  File "C:\Users\it.sm.UG-EMERGENCY\AppData\Local\Programs\Python\Python313\Lib\site-packages\django\template\loader.py", line 62, in render_to_string
    return template.render(context, request)
           ~~~~~~~~~~~~~~~^^^^^^^^^^^^^^^^^^
  File "C:\Users\it.sm.UG-EMERGENCY\AppData\Local\Programs\Python\Python313\Lib\site-packages\django\template\backends\django.py", line 61, in render
    return self.template.render(context)
           ~~~~~~~~~~~~~~~~~~~~^^^^^^^^^
  File "C:\Users\it.sm.UG-EMERGENCY\AppData\Local\Programs\Python\Python313\Lib\site-packages\django\template\base.py", line 175, in render
    return self._render(context)
           ~~~~~~~~~~~~^^^^^^^^^
  File "C:\Users\it.sm.UG-EMERGENCY\AppData\Local\Programs\Python\Python313\Lib\site-packages\django\template\base.py", line 167, in _render
    return self.nodelist.render(context)
           ~~~~~~~~~~~~~~~~~~~~^^^^^^^^^
  File "C:\Users\it.sm.UG-EMERGENCY\AppData\Local\Programs\Python\Python313\Lib\site-packages\django\template\base.py", line 1005, in render
    return SafeString("".join([node.render_annotated(context) for node in self]))
                               ~~~~~~~~~~~~~~~~~~~~~^^^^^^^^^
  File "C:\Users\it.sm.UG-EMERGENCY\AppData\Local\Programs\Python\Python313\Lib\site-packages\django\template\base.py", line 966, in render_annotated
    return self.render(context)
           ~~~~~~~~~~~^^^^^^^^^
  File "C:\Users\it.sm.UG-EMERGENCY\AppData\Local\Programs\Python\Python313\Lib\site-packages\django\template\loader_tags.py", line 157, in render
    return compiled_parent._render(context)
           ~~~~~~~~~~~~~~~~~~~~~~~^^^^^^^^^
  File "C:\Users\it.sm.UG-EMERGENCY\AppData\Local\Programs\Python\Python313\Lib\site-packages\django\template\base.py", line 167, in _render
    return self.nodelist.render(context)
           ~~~~~~~~~~~~~~~~~~~~^^^^^^^^^
  File "C:\Users\it.sm.UG-EMERGENCY\AppData\Local\Programs\Python\Python313\Lib\site-packages\django\template\base.py", line 1005, in render
    return SafeString("".join([node.render_annotated(context) for node in self]))
                               ~~~~~~~~~~~~~~~~~~~~~^^^^^^^^^
  File "C:\Users\it.sm.UG-EMERGENCY\AppData\Local\Programs\Python\Python313\Lib\site-packages\django\template\base.py", line 966, in render_annotated
    return self.render(context)
           ~~~~~~~~~~~^^^^^^^^^
  File "C:\Users\it.sm.UG-EMERGENCY\AppData\Local\Programs\Python\Python313\Lib\site-packages\django\template\defaulttags.py", line 321, in render
    return nodelist.render(context)
           ~~~~~~~~~~~~~~~^^^^^^^^^
  File "C:\Users\it.sm.UG-EMERGENCY\AppData\Local\Programs\Python\Python313\Lib\site-packages\django\template\base.py", line 1005, in render
    return SafeString("".join([node.render_annotated(context) for node in self]))
                               ~~~~~~~~~~~~~~~~~~~~~^^^^^^^^^
  File "C:\Users\it.sm.UG-EMERGENCY\AppData\Local\Programs\Python\Python313\Lib\site-packages\django\template\base.py", line 966, in render_annotated
    return self.render(context)
           ~~~~~~~~~~~^^^^^^^^^
  File "C:\Users\it.sm.UG-EMERGENCY\AppData\Local\Programs\Python\Python313\Lib\site-packages\django\template\loader_tags.py", line 63, in render
    result = block.nodelist.render(context)
  File "C:\Users\it.sm.UG-EMERGENCY\AppData\Local\Programs\Python\Python313\Lib\site-packages\django\template\base.py", line 1005, in render
    return SafeString("".join([node.render_annotated(context) for node in self]))
                               ~~~~~~~~~~~~~~~~~~~~~^^^^^^^^^
  File "C:\Users\it.sm.UG-EMERGENCY\AppData\Local\Programs\Python\Python313\Lib\site-packages\django\template\base.py", line 966, in render_annotated
    return self.render(context)
           ~~~~~~~~~~~^^^^^^^^^
  File "C:\Users\it.sm.UG-EMERGENCY\AppData\Local\Programs\Python\Python313\Lib\site-packages\django\template\defaulttags.py", line 321, in render
    return nodelist.render(context)
           ~~~~~~~~~~~~~~~^^^^^^^^^
  File "C:\Users\it.sm.UG-EMERGENCY\AppData\Local\Programs\Python\Python313\Lib\site-packages\django\template\base.py", line 1005, in render
    return SafeString("".join([node.render_annotated(context) for node in self]))
                               ~~~~~~~~~~~~~~~~~~~~~^^^^^^^^^
  File "C:\Users\it.sm.UG-EMERGENCY\AppData\Local\Programs\Python\Python313\Lib\site-packages\django\template\base.py", line 966, in render_annotated
    return self.render(context)
           ~~~~~~~~~~~^^^^^^^^^
  File "C:\Users\it.sm.UG-EMERGENCY\AppData\Local\Programs\Python\Python313\Lib\site-packages\django\template\base.py", line 1064, in render
    output = self.filter_expression.resolve(context)
  File "C:\Users\it.sm.UG-EMERGENCY\AppData\Local\Programs\Python\Python313\Lib\site-packages\django\template\base.py", line 742, in resolve
    new_obj = func(obj, *arg_vals)
  File "C:\Users\it.sm.UG-EMERGENCY\AppData\Local\Programs\Python\Python313\Lib\site-packages\django\template\defaultfilters.py", line 622, in length
    return len(value)
  File "C:\Users\it.sm.UG-EMERGENCY\AppData\Local\Programs\Python\Python313\Lib\site-packages\django\db\models\query.py", line 382, in __len__
    self._fetch_all()
    ~~~~~~~~~~~~~~~^^
  File "C:\Users\it.sm.UG-EMERGENCY\AppData\Local\Programs\Python\Python313\Lib\site-packages\django\db\models\query.py", line 1886, in _fetch_all
    self._result_cache = list(self._iterable_class(self))
                         ~~~~^^^^^^^^^^^^^^^^^^^^^^^^^^^^
  File "C:\Users\it.sm.UG-EMERGENCY\AppData\Local\Programs\Python\Python313\Lib\site-packages\django\db\models\query.py", line 93, in __iter__
    results = compiler.execute_sql(
        chunked_fetch=self.chunked_fetch, chunk_size=self.chunk_size
    )
  File "C:\Users\it.sm.UG-EMERGENCY\AppData\Local\Programs\Python\Python313\Lib\site-packages\django\db\models\sql\compiler.py", line 1549, in execute_sql
    sql, params = self.as_sql()
                  ~~~~~~~~~~~^^
  File "C:\Users\it.sm.UG-EMERGENCY\AppData\Local\Programs\Python\Python313\Lib\site-packages\django\db\models\sql\compiler.py", line 736, in as_sql
    extra_select, order_by, group_by = self.pre_sql_setup(
                                       ~~~~~~~~~~~~~~~~~~^
        with_col_aliases=with_col_aliases or bool(combinator),
        ^^^^^^^^^^^^^^^^^^^^^^^^^^^^^^^^^^^^^^^^^^^^^^^^^^^^^^
    )
    ^
  File "C:\Users\it.sm.UG-EMERGENCY\AppData\Local\Programs\Python\Python313\Lib\site-packages\django\db\models\sql\compiler.py", line 84, in pre_sql_setup
    self.setup_query(with_col_aliases=with_col_aliases)
    ~~~~~~~~~~~~~~~~^^^^^^^^^^^^^^^^^^^^^^^^^^^^^^^^^^^
  File "C:\Users\it.sm.UG-EMERGENCY\AppData\Local\Programs\Python\Python313\Lib\site-packages\django\db\models\sql\compiler.py", line 73, in setup_query
    self.select, self.klass_info, self.annotation_col_map = self.get_select(
                                                            ~~~~~~~~~~~~~~~^
        with_col_aliases=with_col_aliases,
        ^^^^^^^^^^^^^^^^^^^^^^^^^^^^^^^^^^
    )
    ^
  File "C:\Users\it.sm.UG-EMERGENCY\AppData\Local\Programs\Python\Python313\Lib\site-packages\django\db\models\sql\compiler.py", line 279, in get_select
    related_klass_infos = self.get_related_selections(select, select_mask)
  File "C:\Users\it.sm.UG-EMERGENCY\AppData\Local\Programs\Python\Python313\Lib\site-packages\django\db\models\sql\compiler.py", line 1235, in get_related_selections
    next_klass_infos = self.get_related_selections(
        select,
    ...<5 lines>...
        restricted,
    )
  File "C:\Users\it.sm.UG-EMERGENCY\AppData\Local\Programs\Python\Python313\Lib\site-packages\django\db\models\sql\compiler.py", line 1367, in get_related_selections
    raise FieldError(
    ...<6 lines>...
    )
django.core.exceptions.FieldError: Invalid field name(s) given in select_related: 'session'. Choices are: (none)
ERROR 2026-05-05 17:55:31,186 basehttp 13324 28524 "GET /students/1/ HTTP/1.1" 500 268726
WARNING 2026-05-05 18:01:00,513 basehttp 21588 32376 "GET /static/jet/css/themes/light-indigo/select2.theme.css?v=1.3.10 HTTP/1.1" 404 2010
WARNING 2026-05-05 18:01:00,520 basehttp 21588 22800 "GET /static/jet/css/themes/light-indigo/jquery-ui.theme.css?v=1.3.10 HTTP/1.1" 404 2016
WARNING 2026-05-05 18:01:00,525 basehttp 21588 27768 "GET /static/jet/css/themes/light-indigo/base.css?v=1.3.10 HTTP/1.1" 404 1983
WARNING 2026-05-05 18:01:08,363 basehttp 21588 40384 "GET /static/jet/css/themes/light-indigo/base.css?v=1.3.10 HTTP/1.1" 404 1983
WARNING 2026-05-05 18:01:08,363 basehttp 21588 42088 "GET /static/jet/css/themes/light-indigo/select2.theme.css?v=1.3.10 HTTP/1.1" 404 2010
WARNING 2026-05-05 18:01:08,369 basehttp 21588 40720 "GET /static/jet/css/themes/light-indigo/jquery-ui.theme.css?v=1.3.10 HTTP/1.1" 404 2016
WARNING 2026-05-05 18:01:51,260 basehttp 35280 1452 "GET /static/jet/css/themes/light-indigo/base.css?v=1.3.10 HTTP/1.1" 404 1983
WARNING 2026-05-05 18:01:51,262 basehttp 35280 33688 "GET /static/jet/css/themes/light-indigo/jquery-ui.theme.css?v=1.3.10 HTTP/1.1" 404 2016
WARNING 2026-05-05 18:01:51,262 basehttp 35280 1816 "GET /static/jet/css/themes/light-indigo/select2.theme.css?v=1.3.10 HTTP/1.1" 404 2010
ERROR 2026-05-05 18:14:12,358 log 41736 12104 Internal Server Error: /students/1/
Traceback (most recent call last):
  File "C:\Users\it.sm.UG-EMERGENCY\AppData\Local\Programs\Python\Python313\Lib\site-packages\django\db\backends\utils.py", line 89, in _execute
    return self.cursor.execute(sql, params)
           ~~~~~~~~~~~~~~~~~~~^^^^^^^^^^^^^
  File "C:\Users\it.sm.UG-EMERGENCY\AppData\Local\Programs\Python\Python313\Lib\site-packages\django\db\backends\sqlite3\base.py", line 328, in execute
    return super().execute(query, params)
           ~~~~~~~~~~~~~~~^^^^^^^^^^^^^^^
sqlite3.OperationalError: no such column: students_student.current_year_id

The above exception was the direct cause of the following exception:

Traceback (most recent call last):
  File "C:\Users\it.sm.UG-EMERGENCY\AppData\Local\Programs\Python\Python313\Lib\site-packages\django\core\handlers\exception.py", line 55, in inner
    response = get_response(request)
  File "C:\Users\it.sm.UG-EMERGENCY\AppData\Local\Programs\Python\Python313\Lib\site-packages\django\core\handlers\base.py", line 197, in _get_response
    response = wrapped_callback(request, *callback_args, **callback_kwargs)
  File "C:\Users\it.sm.UG-EMERGENCY\AppData\Local\Programs\Python\Python313\Lib\site-packages\django\contrib\auth\decorators.py", line 23, in _wrapper_view
    return view_func(request, *args, **kwargs)
  File "C:\Users\it.sm.UG-EMERGENCY\Desktop\uni\hospital_meal_system\ums\students\views.py", line 36, in student_detail
    student = get_object_or_404(
        Student.objects.select_related('user', 'programme__department__faculty'),
        pk=pk
    )
  File "C:\Users\it.sm.UG-EMERGENCY\AppData\Local\Programs\Python\Python313\Lib\site-packages\django\shortcuts.py", line 85, in get_object_or_404
    return queryset.get(*args, **kwargs)
           ~~~~~~~~~~~~^^^^^^^^^^^^^^^^^
  File "C:\Users\it.sm.UG-EMERGENCY\AppData\Local\Programs\Python\Python313\Lib\site-packages\django\db\models\query.py", line 635, in get
    num = len(clone)
  File "C:\Users\it.sm.UG-EMERGENCY\AppData\Local\Programs\Python\Python313\Lib\site-packages\django\db\models\query.py", line 382, in __len__
    self._fetch_all()
    ~~~~~~~~~~~~~~~^^
  File "C:\Users\it.sm.UG-EMERGENCY\AppData\Local\Programs\Python\Python313\Lib\site-packages\django\db\models\query.py", line 1886, in _fetch_all
    self._result_cache = list(self._iterable_class(self))
                         ~~~~^^^^^^^^^^^^^^^^^^^^^^^^^^^^
  File "C:\Users\it.sm.UG-EMERGENCY\AppData\Local\Programs\Python\Python313\Lib\site-packages\django\db\models\query.py", line 93, in __iter__
    results = compiler.execute_sql(
        chunked_fetch=self.chunked_fetch, chunk_size=self.chunk_size
    )
  File "C:\Users\it.sm.UG-EMERGENCY\AppData\Local\Programs\Python\Python313\Lib\site-packages\django\db\models\sql\compiler.py", line 1562, in execute_sql
    cursor.execute(sql, params)
    ~~~~~~~~~~~~~~^^^^^^^^^^^^^
  File "C:\Users\it.sm.UG-EMERGENCY\AppData\Local\Programs\Python\Python313\Lib\site-packages\django\db\backends\utils.py", line 102, in execute
    return super().execute(sql, params)
           ~~~~~~~~~~~~~~~^^^^^^^^^^^^^
  File "C:\Users\it.sm.UG-EMERGENCY\AppData\Local\Programs\Python\Python313\Lib\site-packages\django\db\backends\utils.py", line 67, in execute
    return self._execute_with_wrappers(
           ~~~~~~~~~~~~~~~~~~~~~~~~~~~^
        sql, params, many=False, executor=self._execute
        ^^^^^^^^^^^^^^^^^^^^^^^^^^^^^^^^^^^^^^^^^^^^^^^
    )
    ^
  File "C:\Users\it.sm.UG-EMERGENCY\AppData\Local\Programs\Python\Python313\Lib\site-packages\django\db\backends\utils.py", line 80, in _execute_with_wrappers
    return executor(sql, params, many, context)
  File "C:\Users\it.sm.UG-EMERGENCY\AppData\Local\Programs\Python\Python313\Lib\site-packages\django\db\backends\utils.py", line 84, in _execute
    with self.db.wrap_database_errors:
         ^^^^^^^^^^^^^^^^^^^^^^^^^^^^
  File "C:\Users\it.sm.UG-EMERGENCY\AppData\Local\Programs\Python\Python313\Lib\site-packages\django\db\utils.py", line 91, in __exit__
    raise dj_exc_value.with_traceback(traceback) from exc_value
  File "C:\Users\it.sm.UG-EMERGENCY\AppData\Local\Programs\Python\Python313\Lib\site-packages\django\db\backends\utils.py", line 89, in _execute
    return self.cursor.execute(sql, params)
           ~~~~~~~~~~~~~~~~~~~^^^^^^^^^^^^^
  File "C:\Users\it.sm.UG-EMERGENCY\AppData\Local\Programs\Python\Python313\Lib\site-packages\django\db\backends\sqlite3\base.py", line 328, in execute
    return super().execute(query, params)
           ~~~~~~~~~~~~~~~^^^^^^^^^^^^^^^
django.db.utils.OperationalError: no such column: students_student.current_year_id
ERROR 2026-05-05 18:14:12,392 basehttp 41736 12104 "GET /students/1/ HTTP/1.1" 500 197967
ERROR 2026-05-05 18:18:22,787 log 41736 15676 Internal Server Error: /students/
Traceback (most recent call last):
  File "C:\Users\it.sm.UG-EMERGENCY\AppData\Local\Programs\Python\Python313\Lib\site-packages\django\db\backends\utils.py", line 89, in _execute
    return self.cursor.execute(sql, params)
           ~~~~~~~~~~~~~~~~~~~^^^^^^^^^^^^^
  File "C:\Users\it.sm.UG-EMERGENCY\AppData\Local\Programs\Python\Python313\Lib\site-packages\django\db\backends\sqlite3\base.py", line 328, in execute
    return super().execute(query, params)
           ~~~~~~~~~~~~~~~^^^^^^^^^^^^^^^
sqlite3.OperationalError: no such column: students_student.current_year_id

The above exception was the direct cause of the following exception:

Traceback (most recent call last):
  File "C:\Users\it.sm.UG-EMERGENCY\AppData\Local\Programs\Python\Python313\Lib\site-packages\django\core\handlers\exception.py", line 55, in inner
    response = get_response(request)
  File "C:\Users\it.sm.UG-EMERGENCY\AppData\Local\Programs\Python\Python313\Lib\site-packages\django\core\handlers\base.py", line 197, in _get_response
    response = wrapped_callback(request, *callback_args, **callback_kwargs)
  File "C:\Users\it.sm.UG-EMERGENCY\AppData\Local\Programs\Python\Python313\Lib\site-packages\django\contrib\auth\decorators.py", line 23, in _wrapper_view
    return view_func(request, *args, **kwargs)
  File "C:\Users\it.sm.UG-EMERGENCY\Desktop\uni\hospital_meal_system\ums\accounts\decorators.py", line 13, in wrapper
    return view_func(request, *args, **kwargs)
  File "C:\Users\it.sm.UG-EMERGENCY\Desktop\uni\hospital_meal_system\ums\students\views.py", line 28, in student_list
    return render(request, 'students/student_list.html', {
        'students': students,
        'statuses': Student.Status.choices,
    })
  File "C:\Users\it.sm.UG-EMERGENCY\AppData\Local\Programs\Python\Python313\Lib\site-packages\django\shortcuts.py", line 24, in render
    content = loader.render_to_string(template_name, context, request, using=using)
  File "C:\Users\it.sm.UG-EMERGENCY\AppData\Local\Programs\Python\Python313\Lib\site-packages\django\template\loader.py", line 62, in render_to_string
    return template.render(context, request)
           ~~~~~~~~~~~~~~~^^^^^^^^^^^^^^^^^^
  File "C:\Users\it.sm.UG-EMERGENCY\AppData\Local\Programs\Python\Python313\Lib\site-packages\django\template\backends\django.py", line 61, in render
    return self.template.render(context)
           ~~~~~~~~~~~~~~~~~~~~^^^^^^^^^
  File "C:\Users\it.sm.UG-EMERGENCY\AppData\Local\Programs\Python\Python313\Lib\site-packages\django\template\base.py", line 175, in render
    return self._render(context)
           ~~~~~~~~~~~~^^^^^^^^^
  File "C:\Users\it.sm.UG-EMERGENCY\AppData\Local\Programs\Python\Python313\Lib\site-packages\django\template\base.py", line 167, in _render
    return self.nodelist.render(context)
           ~~~~~~~~~~~~~~~~~~~~^^^^^^^^^
  File "C:\Users\it.sm.UG-EMERGENCY\AppData\Local\Programs\Python\Python313\Lib\site-packages\django\template\base.py", line 1005, in render
    return SafeString("".join([node.render_annotated(context) for node in self]))
                               ~~~~~~~~~~~~~~~~~~~~~^^^^^^^^^
  File "C:\Users\it.sm.UG-EMERGENCY\AppData\Local\Programs\Python\Python313\Lib\site-packages\django\template\base.py", line 966, in render_annotated
    return self.render(context)
           ~~~~~~~~~~~^^^^^^^^^
  File "C:\Users\it.sm.UG-EMERGENCY\AppData\Local\Programs\Python\Python313\Lib\site-packages\django\template\loader_tags.py", line 157, in render
    return compiled_parent._render(context)
           ~~~~~~~~~~~~~~~~~~~~~~~^^^^^^^^^
  File "C:\Users\it.sm.UG-EMERGENCY\AppData\Local\Programs\Python\Python313\Lib\site-packages\django\template\base.py", line 167, in _render
    return self.nodelist.render(context)
           ~~~~~~~~~~~~~~~~~~~~^^^^^^^^^
  File "C:\Users\it.sm.UG-EMERGENCY\AppData\Local\Programs\Python\Python313\Lib\site-packages\django\template\base.py", line 1005, in render
    return SafeString("".join([node.render_annotated(context) for node in self]))
                               ~~~~~~~~~~~~~~~~~~~~~^^^^^^^^^
  File "C:\Users\it.sm.UG-EMERGENCY\AppData\Local\Programs\Python\Python313\Lib\site-packages\django\template\base.py", line 966, in render_annotated
    return self.render(context)
           ~~~~~~~~~~~^^^^^^^^^
  File "C:\Users\it.sm.UG-EMERGENCY\AppData\Local\Programs\Python\Python313\Lib\site-packages\django\template\defaulttags.py", line 321, in render
    return nodelist.render(context)
           ~~~~~~~~~~~~~~~^^^^^^^^^
  File "C:\Users\it.sm.UG-EMERGENCY\AppData\Local\Programs\Python\Python313\Lib\site-packages\django\template\base.py", line 1005, in render
    return SafeString("".join([node.render_annotated(context) for node in self]))
                               ~~~~~~~~~~~~~~~~~~~~~^^^^^^^^^
  File "C:\Users\it.sm.UG-EMERGENCY\AppData\Local\Programs\Python\Python313\Lib\site-packages\django\template\base.py", line 966, in render_annotated
    return self.render(context)
           ~~~~~~~~~~~^^^^^^^^^
  File "C:\Users\it.sm.UG-EMERGENCY\AppData\Local\Programs\Python\Python313\Lib\site-packages\django\template\loader_tags.py", line 63, in render
    result = block.nodelist.render(context)
  File "C:\Users\it.sm.UG-EMERGENCY\AppData\Local\Programs\Python\Python313\Lib\site-packages\django\template\base.py", line 1005, in render
    return SafeString("".join([node.render_annotated(context) for node in self]))
                               ~~~~~~~~~~~~~~~~~~~~~^^^^^^^^^
  File "C:\Users\it.sm.UG-EMERGENCY\AppData\Local\Programs\Python\Python313\Lib\site-packages\django\template\base.py", line 966, in render_annotated
    return self.render(context)
           ~~~~~~~~~~~^^^^^^^^^
  File "C:\Users\it.sm.UG-EMERGENCY\AppData\Local\Programs\Python\Python313\Lib\site-packages\django\template\defaulttags.py", line 194, in render
    len_values = len(values)
  File "C:\Users\it.sm.UG-EMERGENCY\AppData\Local\Programs\Python\Python313\Lib\site-packages\django\db\models\query.py", line 382, in __len__
    self._fetch_all()
    ~~~~~~~~~~~~~~~^^
  File "C:\Users\it.sm.UG-EMERGENCY\AppData\Local\Programs\Python\Python313\Lib\site-packages\django\db\models\query.py", line 1886, in _fetch_all
    self._result_cache = list(self._iterable_class(self))
                         ~~~~^^^^^^^^^^^^^^^^^^^^^^^^^^^^
  File "C:\Users\it.sm.UG-EMERGENCY\AppData\Local\Programs\Python\Python313\Lib\site-packages\django\db\models\query.py", line 93, in __iter__
    results = compiler.execute_sql(
        chunked_fetch=self.chunked_fetch, chunk_size=self.chunk_size
    )
  File "C:\Users\it.sm.UG-EMERGENCY\AppData\Local\Programs\Python\Python313\Lib\site-packages\django\db\models\sql\compiler.py", line 1562, in execute_sql
    cursor.execute(sql, params)
    ~~~~~~~~~~~~~~^^^^^^^^^^^^^
  File "C:\Users\it.sm.UG-EMERGENCY\AppData\Local\Programs\Python\Python313\Lib\site-packages\django\db\backends\utils.py", line 102, in execute
    return super().execute(sql, params)
           ~~~~~~~~~~~~~~~^^^^^^^^^^^^^
  File "C:\Users\it.sm.UG-EMERGENCY\AppData\Local\Programs\Python\Python313\Lib\site-packages\django\db\backends\utils.py", line 67, in execute
    return self._execute_with_wrappers(
           ~~~~~~~~~~~~~~~~~~~~~~~~~~~^
        sql, params, many=False, executor=self._execute
        ^^^^^^^^^^^^^^^^^^^^^^^^^^^^^^^^^^^^^^^^^^^^^^^
    )
    ^
  File "C:\Users\it.sm.UG-EMERGENCY\AppData\Local\Programs\Python\Python313\Lib\site-packages\django\db\backends\utils.py", line 80, in _execute_with_wrappers
    return executor(sql, params, many, context)
  File "C:\Users\it.sm.UG-EMERGENCY\AppData\Local\Programs\Python\Python313\Lib\site-packages\django\db\backends\utils.py", line 84, in _execute
    with self.db.wrap_database_errors:
         ^^^^^^^^^^^^^^^^^^^^^^^^^^^^
  File "C:\Users\it.sm.UG-EMERGENCY\AppData\Local\Programs\Python\Python313\Lib\site-packages\django\db\utils.py", line 91, in __exit__
    raise dj_exc_value.with_traceback(traceback) from exc_value
  File "C:\Users\it.sm.UG-EMERGENCY\AppData\Local\Programs\Python\Python313\Lib\site-packages\django\db\backends\utils.py", line 89, in _execute
    return self.cursor.execute(sql, params)
           ~~~~~~~~~~~~~~~~~~~^^^^^^^^^^^^^
  File "C:\Users\it.sm.UG-EMERGENCY\AppData\Local\Programs\Python\Python313\Lib\site-packages\django\db\backends\sqlite3\base.py", line 328, in execute
    return super().execute(query, params)
           ~~~~~~~~~~~~~~~^^^^^^^^^^^^^^^
django.db.utils.OperationalError: no such column: students_student.current_year_id
ERROR 2026-05-05 18:18:22,831 basehttp 41736 15676 "GET /students/ HTTP/1.1" 500 268799
ERROR 2026-05-05 18:18:33,061 log 41736 15676 Internal Server Error: /students/
Traceback (most recent call last):
  File "C:\Users\it.sm.UG-EMERGENCY\AppData\Local\Programs\Python\Python313\Lib\site-packages\django\db\backends\utils.py", line 89, in _execute
    return self.cursor.execute(sql, params)
           ~~~~~~~~~~~~~~~~~~~^^^^^^^^^^^^^
  File "C:\Users\it.sm.UG-EMERGENCY\AppData\Local\Programs\Python\Python313\Lib\site-packages\django\db\backends\sqlite3\base.py", line 328, in execute
    return super().execute(query, params)
           ~~~~~~~~~~~~~~~^^^^^^^^^^^^^^^
sqlite3.OperationalError: no such column: students_student.current_year_id

The above exception was the direct cause of the following exception:

Traceback (most recent call last):
  File "C:\Users\it.sm.UG-EMERGENCY\AppData\Local\Programs\Python\Python313\Lib\site-packages\django\core\handlers\exception.py", line 55, in inner
    response = get_response(request)
  File "C:\Users\it.sm.UG-EMERGENCY\AppData\Local\Programs\Python\Python313\Lib\site-packages\django\core\handlers\base.py", line 197, in _get_response
    response = wrapped_callback(request, *callback_args, **callback_kwargs)
  File "C:\Users\it.sm.UG-EMERGENCY\AppData\Local\Programs\Python\Python313\Lib\site-packages\django\contrib\auth\decorators.py", line 23, in _wrapper_view
    return view_func(request, *args, **kwargs)
  File "C:\Users\it.sm.UG-EMERGENCY\Desktop\uni\hospital_meal_system\ums\accounts\decorators.py", line 13, in wrapper
    return view_func(request, *args, **kwargs)
  File "C:\Users\it.sm.UG-EMERGENCY\Desktop\uni\hospital_meal_system\ums\students\views.py", line 28, in student_list
    return render(request, 'students/student_list.html', {
        'students': students,
        'statuses': Student.Status.choices,
    })
  File "C:\Users\it.sm.UG-EMERGENCY\AppData\Local\Programs\Python\Python313\Lib\site-packages\django\shortcuts.py", line 24, in render
    content = loader.render_to_string(template_name, context, request, using=using)
  File "C:\Users\it.sm.UG-EMERGENCY\AppData\Local\Programs\Python\Python313\Lib\site-packages\django\template\loader.py", line 62, in render_to_string
    return template.render(context, request)
           ~~~~~~~~~~~~~~~^^^^^^^^^^^^^^^^^^
  File "C:\Users\it.sm.UG-EMERGENCY\AppData\Local\Programs\Python\Python313\Lib\site-packages\django\template\backends\django.py", line 61, in render
    return self.template.render(context)
           ~~~~~~~~~~~~~~~~~~~~^^^^^^^^^
  File "C:\Users\it.sm.UG-EMERGENCY\AppData\Local\Programs\Python\Python313\Lib\site-packages\django\template\base.py", line 175, in render
    return self._render(context)
           ~~~~~~~~~~~~^^^^^^^^^
  File "C:\Users\it.sm.UG-EMERGENCY\AppData\Local\Programs\Python\Python313\Lib\site-packages\django\template\base.py", line 167, in _render
    return self.nodelist.render(context)
           ~~~~~~~~~~~~~~~~~~~~^^^^^^^^^
  File "C:\Users\it.sm.UG-EMERGENCY\AppData\Local\Programs\Python\Python313\Lib\site-packages\django\template\base.py", line 1005, in render
    return SafeString("".join([node.render_annotated(context) for node in self]))
                               ~~~~~~~~~~~~~~~~~~~~~^^^^^^^^^
  File "C:\Users\it.sm.UG-EMERGENCY\AppData\Local\Programs\Python\Python313\Lib\site-packages\django\template\base.py", line 966, in render_annotated
    return self.render(context)
           ~~~~~~~~~~~^^^^^^^^^
  File "C:\Users\it.sm.UG-EMERGENCY\AppData\Local\Programs\Python\Python313\Lib\site-packages\django\template\loader_tags.py", line 157, in render
    return compiled_parent._render(context)
           ~~~~~~~~~~~~~~~~~~~~~~~^^^^^^^^^
  File "C:\Users\it.sm.UG-EMERGENCY\AppData\Local\Programs\Python\Python313\Lib\site-packages\django\template\base.py", line 167, in _render
    return self.nodelist.render(context)
           ~~~~~~~~~~~~~~~~~~~~^^^^^^^^^
  File "C:\Users\it.sm.UG-EMERGENCY\AppData\Local\Programs\Python\Python313\Lib\site-packages\django\template\base.py", line 1005, in render
    return SafeString("".join([node.render_annotated(context) for node in self]))
                               ~~~~~~~~~~~~~~~~~~~~~^^^^^^^^^
  File "C:\Users\it.sm.UG-EMERGENCY\AppData\Local\Programs\Python\Python313\Lib\site-packages\django\template\base.py", line 966, in render_annotated
    return self.render(context)
           ~~~~~~~~~~~^^^^^^^^^
  File "C:\Users\it.sm.UG-EMERGENCY\AppData\Local\Programs\Python\Python313\Lib\site-packages\django\template\defaulttags.py", line 321, in render
    return nodelist.render(context)
           ~~~~~~~~~~~~~~~^^^^^^^^^
  File "C:\Users\it.sm.UG-EMERGENCY\AppData\Local\Programs\Python\Python313\Lib\site-packages\django\template\base.py", line 1005, in render
    return SafeString("".join([node.render_annotated(context) for node in self]))
                               ~~~~~~~~~~~~~~~~~~~~~^^^^^^^^^
  File "C:\Users\it.sm.UG-EMERGENCY\AppData\Local\Programs\Python\Python313\Lib\site-packages\django\template\base.py", line 966, in render_annotated
    return self.render(context)
           ~~~~~~~~~~~^^^^^^^^^
  File "C:\Users\it.sm.UG-EMERGENCY\AppData\Local\Programs\Python\Python313\Lib\site-packages\django\template\loader_tags.py", line 63, in render
    result = block.nodelist.render(context)
  File "C:\Users\it.sm.UG-EMERGENCY\AppData\Local\Programs\Python\Python313\Lib\site-packages\django\template\base.py", line 1005, in render
    return SafeString("".join([node.render_annotated(context) for node in self]))
                               ~~~~~~~~~~~~~~~~~~~~~^^^^^^^^^
  File "C:\Users\it.sm.UG-EMERGENCY\AppData\Local\Programs\Python\Python313\Lib\site-packages\django\template\base.py", line 966, in render_annotated
    return self.render(context)
           ~~~~~~~~~~~^^^^^^^^^
  File "C:\Users\it.sm.UG-EMERGENCY\AppData\Local\Programs\Python\Python313\Lib\site-packages\django\template\defaulttags.py", line 194, in render
    len_values = len(values)
  File "C:\Users\it.sm.UG-EMERGENCY\AppData\Local\Programs\Python\Python313\Lib\site-packages\django\db\models\query.py", line 382, in __len__
    self._fetch_all()
    ~~~~~~~~~~~~~~~^^
  File "C:\Users\it.sm.UG-EMERGENCY\AppData\Local\Programs\Python\Python313\Lib\site-packages\django\db\models\query.py", line 1886, in _fetch_all
    self._result_cache = list(self._iterable_class(self))
                         ~~~~^^^^^^^^^^^^^^^^^^^^^^^^^^^^
  File "C:\Users\it.sm.UG-EMERGENCY\AppData\Local\Programs\Python\Python313\Lib\site-packages\django\db\models\query.py", line 93, in __iter__
    results = compiler.execute_sql(
        chunked_fetch=self.chunked_fetch, chunk_size=self.chunk_size
    )
  File "C:\Users\it.sm.UG-EMERGENCY\AppData\Local\Programs\Python\Python313\Lib\site-packages\django\db\models\sql\compiler.py", line 1562, in execute_sql
    cursor.execute(sql, params)
    ~~~~~~~~~~~~~~^^^^^^^^^^^^^
  File "C:\Users\it.sm.UG-EMERGENCY\AppData\Local\Programs\Python\Python313\Lib\site-packages\django\db\backends\utils.py", line 102, in execute
    return super().execute(sql, params)
           ~~~~~~~~~~~~~~~^^^^^^^^^^^^^
  File "C:\Users\it.sm.UG-EMERGENCY\AppData\Local\Programs\Python\Python313\Lib\site-packages\django\db\backends\utils.py", line 67, in execute
    return self._execute_with_wrappers(
           ~~~~~~~~~~~~~~~~~~~~~~~~~~~^
        sql, params, many=False, executor=self._execute
        ^^^^^^^^^^^^^^^^^^^^^^^^^^^^^^^^^^^^^^^^^^^^^^^
    )
    ^
  File "C:\Users\it.sm.UG-EMERGENCY\AppData\Local\Programs\Python\Python313\Lib\site-packages\django\db\backends\utils.py", line 80, in _execute_with_wrappers
    return executor(sql, params, many, context)
  File "C:\Users\it.sm.UG-EMERGENCY\AppData\Local\Programs\Python\Python313\Lib\site-packages\django\db\backends\utils.py", line 84, in _execute
    with self.db.wrap_database_errors:
         ^^^^^^^^^^^^^^^^^^^^^^^^^^^^
  File "C:\Users\it.sm.UG-EMERGENCY\AppData\Local\Programs\Python\Python313\Lib\site-packages\django\db\utils.py", line 91, in __exit__
    raise dj_exc_value.with_traceback(traceback) from exc_value
  File "C:\Users\it.sm.UG-EMERGENCY\AppData\Local\Programs\Python\Python313\Lib\site-packages\django\db\backends\utils.py", line 89, in _execute
    return self.cursor.execute(sql, params)
           ~~~~~~~~~~~~~~~~~~~^^^^^^^^^^^^^
  File "C:\Users\it.sm.UG-EMERGENCY\AppData\Local\Programs\Python\Python313\Lib\site-packages\django\db\backends\sqlite3\base.py", line 328, in execute
    return super().execute(query, params)
           ~~~~~~~~~~~~~~~^^^^^^^^^^^^^^^
django.db.utils.OperationalError: no such column: students_student.current_year_id
ERROR 2026-05-05 18:18:33,074 basehttp 41736 15676 "GET /students/ HTTP/1.1" 500 268799
ERROR 2026-05-05 18:18:34,342 log 41736 15676 Internal Server Error: /students/
Traceback (most recent call last):
  File "C:\Users\it.sm.UG-EMERGENCY\AppData\Local\Programs\Python\Python313\Lib\site-packages\django\db\backends\utils.py", line 89, in _execute
    return self.cursor.execute(sql, params)
           ~~~~~~~~~~~~~~~~~~~^^^^^^^^^^^^^
  File "C:\Users\it.sm.UG-EMERGENCY\AppData\Local\Programs\Python\Python313\Lib\site-packages\django\db\backends\sqlite3\base.py", line 328, in execute
    return super().execute(query, params)
           ~~~~~~~~~~~~~~~^^^^^^^^^^^^^^^
sqlite3.OperationalError: no such column: students_student.current_year_id

The above exception was the direct cause of the following exception:

Traceback (most recent call last):
  File "C:\Users\it.sm.UG-EMERGENCY\AppData\Local\Programs\Python\Python313\Lib\site-packages\django\core\handlers\exception.py", line 55, in inner
    response = get_response(request)
  File "C:\Users\it.sm.UG-EMERGENCY\AppData\Local\Programs\Python\Python313\Lib\site-packages\django\core\handlers\base.py", line 197, in _get_response
    response = wrapped_callback(request, *callback_args, **callback_kwargs)
  File "C:\Users\it.sm.UG-EMERGENCY\AppData\Local\Programs\Python\Python313\Lib\site-packages\django\contrib\auth\decorators.py", line 23, in _wrapper_view
    return view_func(request, *args, **kwargs)
  File "C:\Users\it.sm.UG-EMERGENCY\Desktop\uni\hospital_meal_system\ums\accounts\decorators.py", line 13, in wrapper
    return view_func(request, *args, **kwargs)
  File "C:\Users\it.sm.UG-EMERGENCY\Desktop\uni\hospital_meal_system\ums\students\views.py", line 28, in student_list
    return render(request, 'students/student_list.html', {
        'students': students,
        'statuses': Student.Status.choices,
    })
  File "C:\Users\it.sm.UG-EMERGENCY\AppData\Local\Programs\Python\Python313\Lib\site-packages\django\shortcuts.py", line 24, in render
    content = loader.render_to_string(template_name, context, request, using=using)
  File "C:\Users\it.sm.UG-EMERGENCY\AppData\Local\Programs\Python\Python313\Lib\site-packages\django\template\loader.py", line 62, in render_to_string
    return template.render(context, request)
           ~~~~~~~~~~~~~~~^^^^^^^^^^^^^^^^^^
  File "C:\Users\it.sm.UG-EMERGENCY\AppData\Local\Programs\Python\Python313\Lib\site-packages\django\template\backends\django.py", line 61, in render
    return self.template.render(context)
           ~~~~~~~~~~~~~~~~~~~~^^^^^^^^^
  File "C:\Users\it.sm.UG-EMERGENCY\AppData\Local\Programs\Python\Python313\Lib\site-packages\django\template\base.py", line 175, in render
    return self._render(context)
           ~~~~~~~~~~~~^^^^^^^^^
  File "C:\Users\it.sm.UG-EMERGENCY\AppData\Local\Programs\Python\Python313\Lib\site-packages\django\template\base.py", line 167, in _render
    return self.nodelist.render(context)
           ~~~~~~~~~~~~~~~~~~~~^^^^^^^^^
  File "C:\Users\it.sm.UG-EMERGENCY\AppData\Local\Programs\Python\Python313\Lib\site-packages\django\template\base.py", line 1005, in render
    return SafeString("".join([node.render_annotated(context) for node in self]))
                               ~~~~~~~~~~~~~~~~~~~~~^^^^^^^^^
  File "C:\Users\it.sm.UG-EMERGENCY\AppData\Local\Programs\Python\Python313\Lib\site-packages\django\template\base.py", line 966, in render_annotated
    return self.render(context)
           ~~~~~~~~~~~^^^^^^^^^
  File "C:\Users\it.sm.UG-EMERGENCY\AppData\Local\Programs\Python\Python313\Lib\site-packages\django\template\loader_tags.py", line 157, in render
    return compiled_parent._render(context)
           ~~~~~~~~~~~~~~~~~~~~~~~^^^^^^^^^
  File "C:\Users\it.sm.UG-EMERGENCY\AppData\Local\Programs\Python\Python313\Lib\site-packages\django\template\base.py", line 167, in _render
    return self.nodelist.render(context)
           ~~~~~~~~~~~~~~~~~~~~^^^^^^^^^
  File "C:\Users\it.sm.UG-EMERGENCY\AppData\Local\Programs\Python\Python313\Lib\site-packages\django\template\base.py", line 1005, in render
    return SafeString("".join([node.render_annotated(context) for node in self]))
                               ~~~~~~~~~~~~~~~~~~~~~^^^^^^^^^
  File "C:\Users\it.sm.UG-EMERGENCY\AppData\Local\Programs\Python\Python313\Lib\site-packages\django\template\base.py", line 966, in render_annotated
    return self.render(context)
           ~~~~~~~~~~~^^^^^^^^^
  File "C:\Users\it.sm.UG-EMERGENCY\AppData\Local\Programs\Python\Python313\Lib\site-packages\django\template\defaulttags.py", line 321, in render
    return nodelist.render(context)
           ~~~~~~~~~~~~~~~^^^^^^^^^
  File "C:\Users\it.sm.UG-EMERGENCY\AppData\Local\Programs\Python\Python313\Lib\site-packages\django\template\base.py", line 1005, in render
    return SafeString("".join([node.render_annotated(context) for node in self]))
                               ~~~~~~~~~~~~~~~~~~~~~^^^^^^^^^
  File "C:\Users\it.sm.UG-EMERGENCY\AppData\Local\Programs\Python\Python313\Lib\site-packages\django\template\base.py", line 966, in render_annotated
    return self.render(context)
           ~~~~~~~~~~~^^^^^^^^^
  File "C:\Users\it.sm.UG-EMERGENCY\AppData\Local\Programs\Python\Python313\Lib\site-packages\django\template\loader_tags.py", line 63, in render
    result = block.nodelist.render(context)
  File "C:\Users\it.sm.UG-EMERGENCY\AppData\Local\Programs\Python\Python313\Lib\site-packages\django\template\base.py", line 1005, in render
    return SafeString("".join([node.render_annotated(context) for node in self]))
                               ~~~~~~~~~~~~~~~~~~~~~^^^^^^^^^
  File "C:\Users\it.sm.UG-EMERGENCY\AppData\Local\Programs\Python\Python313\Lib\site-packages\django\template\base.py", line 966, in render_annotated
    return self.render(context)
           ~~~~~~~~~~~^^^^^^^^^
  File "C:\Users\it.sm.UG-EMERGENCY\AppData\Local\Programs\Python\Python313\Lib\site-packages\django\template\defaulttags.py", line 194, in render
    len_values = len(values)
  File "C:\Users\it.sm.UG-EMERGENCY\AppData\Local\Programs\Python\Python313\Lib\site-packages\django\db\models\query.py", line 382, in __len__
    self._fetch_all()
    ~~~~~~~~~~~~~~~^^
  File "C:\Users\it.sm.UG-EMERGENCY\AppData\Local\Programs\Python\Python313\Lib\site-packages\django\db\models\query.py", line 1886, in _fetch_all
    self._result_cache = list(self._iterable_class(self))
                         ~~~~^^^^^^^^^^^^^^^^^^^^^^^^^^^^
  File "C:\Users\it.sm.UG-EMERGENCY\AppData\Local\Programs\Python\Python313\Lib\site-packages\django\db\models\query.py", line 93, in __iter__
    results = compiler.execute_sql(
        chunked_fetch=self.chunked_fetch, chunk_size=self.chunk_size
    )
  File "C:\Users\it.sm.UG-EMERGENCY\AppData\Local\Programs\Python\Python313\Lib\site-packages\django\db\models\sql\compiler.py", line 1562, in execute_sql
    cursor.execute(sql, params)
    ~~~~~~~~~~~~~~^^^^^^^^^^^^^
  File "C:\Users\it.sm.UG-EMERGENCY\AppData\Local\Programs\Python\Python313\Lib\site-packages\django\db\backends\utils.py", line 102, in execute
    return super().execute(sql, params)
           ~~~~~~~~~~~~~~~^^^^^^^^^^^^^
  File "C:\Users\it.sm.UG-EMERGENCY\AppData\Local\Programs\Python\Python313\Lib\site-packages\django\db\backends\utils.py", line 67, in execute
    return self._execute_with_wrappers(
           ~~~~~~~~~~~~~~~~~~~~~~~~~~~^
        sql, params, many=False, executor=self._execute
        ^^^^^^^^^^^^^^^^^^^^^^^^^^^^^^^^^^^^^^^^^^^^^^^
    )
    ^
  File "C:\Users\it.sm.UG-EMERGENCY\AppData\Local\Programs\Python\Python313\Lib\site-packages\django\db\backends\utils.py", line 80, in _execute_with_wrappers
    return executor(sql, params, many, context)
  File "C:\Users\it.sm.UG-EMERGENCY\AppData\Local\Programs\Python\Python313\Lib\site-packages\django\db\backends\utils.py", line 84, in _execute
    with self.db.wrap_database_errors:
         ^^^^^^^^^^^^^^^^^^^^^^^^^^^^
  File "C:\Users\it.sm.UG-EMERGENCY\AppData\Local\Programs\Python\Python313\Lib\site-packages\django\db\utils.py", line 91, in __exit__
    raise dj_exc_value.with_traceback(traceback) from exc_value
  File "C:\Users\it.sm.UG-EMERGENCY\AppData\Local\Programs\Python\Python313\Lib\site-packages\django\db\backends\utils.py", line 89, in _execute
    return self.cursor.execute(sql, params)
           ~~~~~~~~~~~~~~~~~~~^^^^^^^^^^^^^
  File "C:\Users\it.sm.UG-EMERGENCY\AppData\Local\Programs\Python\Python313\Lib\site-packages\django\db\backends\sqlite3\base.py", line 328, in execute
    return super().execute(query, params)
           ~~~~~~~~~~~~~~~^^^^^^^^^^^^^^^
django.db.utils.OperationalError: no such column: students_student.current_year_id
ERROR 2026-05-05 18:18:34,354 basehttp 41736 15676 "GET /students/ HTTP/1.1" 500 268799
ERROR 2026-05-05 18:18:35,521 log 41736 15676 Internal Server Error: /students/
Traceback (most recent call last):
  File "C:\Users\it.sm.UG-EMERGENCY\AppData\Local\Programs\Python\Python313\Lib\site-packages\django\db\backends\utils.py", line 89, in _execute
    return self.cursor.execute(sql, params)
           ~~~~~~~~~~~~~~~~~~~^^^^^^^^^^^^^
  File "C:\Users\it.sm.UG-EMERGENCY\AppData\Local\Programs\Python\Python313\Lib\site-packages\django\db\backends\sqlite3\base.py", line 328, in execute
    return super().execute(query, params)
           ~~~~~~~~~~~~~~~^^^^^^^^^^^^^^^
sqlite3.OperationalError: no such column: students_student.current_year_id

The above exception was the direct cause of the following exception:

Traceback (most recent call last):
  File "C:\Users\it.sm.UG-EMERGENCY\AppData\Local\Programs\Python\Python313\Lib\site-packages\django\core\handlers\exception.py", line 55, in inner
    response = get_response(request)
  File "C:\Users\it.sm.UG-EMERGENCY\AppData\Local\Programs\Python\Python313\Lib\site-packages\django\core\handlers\base.py", line 197, in _get_response
    response = wrapped_callback(request, *callback_args, **callback_kwargs)
  File "C:\Users\it.sm.UG-EMERGENCY\AppData\Local\Programs\Python\Python313\Lib\site-packages\django\contrib\auth\decorators.py", line 23, in _wrapper_view
    return view_func(request, *args, **kwargs)
  File "C:\Users\it.sm.UG-EMERGENCY\Desktop\uni\hospital_meal_system\ums\accounts\decorators.py", line 13, in wrapper
    return view_func(request, *args, **kwargs)
  File "C:\Users\it.sm.UG-EMERGENCY\Desktop\uni\hospital_meal_system\ums\students\views.py", line 28, in student_list
    return render(request, 'students/student_list.html', {
        'students': students,
        'statuses': Student.Status.choices,
    })
  File "C:\Users\it.sm.UG-EMERGENCY\AppData\Local\Programs\Python\Python313\Lib\site-packages\django\shortcuts.py", line 24, in render
    content = loader.render_to_string(template_name, context, request, using=using)
  File "C:\Users\it.sm.UG-EMERGENCY\AppData\Local\Programs\Python\Python313\Lib\site-packages\django\template\loader.py", line 62, in render_to_string
    return template.render(context, request)
           ~~~~~~~~~~~~~~~^^^^^^^^^^^^^^^^^^
  File "C:\Users\it.sm.UG-EMERGENCY\AppData\Local\Programs\Python\Python313\Lib\site-packages\django\template\backends\django.py", line 61, in render
    return self.template.render(context)
           ~~~~~~~~~~~~~~~~~~~~^^^^^^^^^
  File "C:\Users\it.sm.UG-EMERGENCY\AppData\Local\Programs\Python\Python313\Lib\site-packages\django\template\base.py", line 175, in render
    return self._render(context)
           ~~~~~~~~~~~~^^^^^^^^^
  File "C:\Users\it.sm.UG-EMERGENCY\AppData\Local\Programs\Python\Python313\Lib\site-packages\django\template\base.py", line 167, in _render
    return self.nodelist.render(context)
           ~~~~~~~~~~~~~~~~~~~~^^^^^^^^^
  File "C:\Users\it.sm.UG-EMERGENCY\AppData\Local\Programs\Python\Python313\Lib\site-packages\django\template\base.py", line 1005, in render
    return SafeString("".join([node.render_annotated(context) for node in self]))
                               ~~~~~~~~~~~~~~~~~~~~~^^^^^^^^^
  File "C:\Users\it.sm.UG-EMERGENCY\AppData\Local\Programs\Python\Python313\Lib\site-packages\django\template\base.py", line 966, in render_annotated
    return self.render(context)
           ~~~~~~~~~~~^^^^^^^^^
  File "C:\Users\it.sm.UG-EMERGENCY\AppData\Local\Programs\Python\Python313\Lib\site-packages\django\template\loader_tags.py", line 157, in render
    return compiled_parent._render(context)
           ~~~~~~~~~~~~~~~~~~~~~~~^^^^^^^^^
  File "C:\Users\it.sm.UG-EMERGENCY\AppData\Local\Programs\Python\Python313\Lib\site-packages\django\template\base.py", line 167, in _render
    return self.nodelist.render(context)
           ~~~~~~~~~~~~~~~~~~~~^^^^^^^^^
  File "C:\Users\it.sm.UG-EMERGENCY\AppData\Local\Programs\Python\Python313\Lib\site-packages\django\template\base.py", line 1005, in render
    return SafeString("".join([node.render_annotated(context) for node in self]))
                               ~~~~~~~~~~~~~~~~~~~~~^^^^^^^^^
  File "C:\Users\it.sm.UG-EMERGENCY\AppData\Local\Programs\Python\Python313\Lib\site-packages\django\template\base.py", line 966, in render_annotated
    return self.render(context)
           ~~~~~~~~~~~^^^^^^^^^
  File "C:\Users\it.sm.UG-EMERGENCY\AppData\Local\Programs\Python\Python313\Lib\site-packages\django\template\defaulttags.py", line 321, in render
    return nodelist.render(context)
           ~~~~~~~~~~~~~~~^^^^^^^^^
  File "C:\Users\it.sm.UG-EMERGENCY\AppData\Local\Programs\Python\Python313\Lib\site-packages\django\template\base.py", line 1005, in render
    return SafeString("".join([node.render_annotated(context) for node in self]))
                               ~~~~~~~~~~~~~~~~~~~~~^^^^^^^^^
  File "C:\Users\it.sm.UG-EMERGENCY\AppData\Local\Programs\Python\Python313\Lib\site-packages\django\template\base.py", line 966, in render_annotated
    return self.render(context)
           ~~~~~~~~~~~^^^^^^^^^
  File "C:\Users\it.sm.UG-EMERGENCY\AppData\Local\Programs\Python\Python313\Lib\site-packages\django\template\loader_tags.py", line 63, in render
    result = block.nodelist.render(context)
  File "C:\Users\it.sm.UG-EMERGENCY\AppData\Local\Programs\Python\Python313\Lib\site-packages\django\template\base.py", line 1005, in render
    return SafeString("".join([node.render_annotated(context) for node in self]))
                               ~~~~~~~~~~~~~~~~~~~~~^^^^^^^^^
  File "C:\Users\it.sm.UG-EMERGENCY\AppData\Local\Programs\Python\Python313\Lib\site-packages\django\template\base.py", line 966, in render_annotated
    return self.render(context)
           ~~~~~~~~~~~^^^^^^^^^
  File "C:\Users\it.sm.UG-EMERGENCY\AppData\Local\Programs\Python\Python313\Lib\site-packages\django\template\defaulttags.py", line 194, in render
    len_values = len(values)
  File "C:\Users\it.sm.UG-EMERGENCY\AppData\Local\Programs\Python\Python313\Lib\site-packages\django\db\models\query.py", line 382, in __len__
    self._fetch_all()
    ~~~~~~~~~~~~~~~^^
  File "C:\Users\it.sm.UG-EMERGENCY\AppData\Local\Programs\Python\Python313\Lib\site-packages\django\db\models\query.py", line 1886, in _fetch_all
    self._result_cache = list(self._iterable_class(self))
                         ~~~~^^^^^^^^^^^^^^^^^^^^^^^^^^^^
  File "C:\Users\it.sm.UG-EMERGENCY\AppData\Local\Programs\Python\Python313\Lib\site-packages\django\db\models\query.py", line 93, in __iter__
    results = compiler.execute_sql(
        chunked_fetch=self.chunked_fetch, chunk_size=self.chunk_size
    )
  File "C:\Users\it.sm.UG-EMERGENCY\AppData\Local\Programs\Python\Python313\Lib\site-packages\django\db\models\sql\compiler.py", line 1562, in execute_sql
    cursor.execute(sql, params)
    ~~~~~~~~~~~~~~^^^^^^^^^^^^^
  File "C:\Users\it.sm.UG-EMERGENCY\AppData\Local\Programs\Python\Python313\Lib\site-packages\django\db\backends\utils.py", line 102, in execute
    return super().execute(sql, params)
           ~~~~~~~~~~~~~~~^^^^^^^^^^^^^
  File "C:\Users\it.sm.UG-EMERGENCY\AppData\Local\Programs\Python\Python313\Lib\site-packages\django\db\backends\utils.py", line 67, in execute
    return self._execute_with_wrappers(
           ~~~~~~~~~~~~~~~~~~~~~~~~~~~^
        sql, params, many=False, executor=self._execute
        ^^^^^^^^^^^^^^^^^^^^^^^^^^^^^^^^^^^^^^^^^^^^^^^
    )
    ^
  File "C:\Users\it.sm.UG-EMERGENCY\AppData\Local\Programs\Python\Python313\Lib\site-packages\django\db\backends\utils.py", line 80, in _execute_with_wrappers
    return executor(sql, params, many, context)
  File "C:\Users\it.sm.UG-EMERGENCY\AppData\Local\Programs\Python\Python313\Lib\site-packages\django\db\backends\utils.py", line 84, in _execute
    with self.db.wrap_database_errors:
         ^^^^^^^^^^^^^^^^^^^^^^^^^^^^
  File "C:\Users\it.sm.UG-EMERGENCY\AppData\Local\Programs\Python\Python313\Lib\site-packages\django\db\utils.py", line 91, in __exit__
    raise dj_exc_value.with_traceback(traceback) from exc_value
  File "C:\Users\it.sm.UG-EMERGENCY\AppData\Local\Programs\Python\Python313\Lib\site-packages\django\db\backends\utils.py", line 89, in _execute
    return self.cursor.execute(sql, params)
           ~~~~~~~~~~~~~~~~~~~^^^^^^^^^^^^^
  File "C:\Users\it.sm.UG-EMERGENCY\AppData\Local\Programs\Python\Python313\Lib\site-packages\django\db\backends\sqlite3\base.py", line 328, in execute
    return super().execute(query, params)
           ~~~~~~~~~~~~~~~^^^^^^^^^^^^^^^
django.db.utils.OperationalError: no such column: students_student.current_year_id
ERROR 2026-05-05 18:18:35,534 basehttp 41736 15676 "GET /students/ HTTP/1.1" 500 268799
ERROR 2026-05-05 18:18:36,677 log 41736 15676 Internal Server Error: /students/
Traceback (most recent call last):
  File "C:\Users\it.sm.UG-EMERGENCY\AppData\Local\Programs\Python\Python313\Lib\site-packages\django\db\backends\utils.py", line 89, in _execute
    return self.cursor.execute(sql, params)
           ~~~~~~~~~~~~~~~~~~~^^^^^^^^^^^^^
  File "C:\Users\it.sm.UG-EMERGENCY\AppData\Local\Programs\Python\Python313\Lib\site-packages\django\db\backends\sqlite3\base.py", line 328, in execute
    return super().execute(query, params)
           ~~~~~~~~~~~~~~~^^^^^^^^^^^^^^^
sqlite3.OperationalError: no such column: students_student.current_year_id

The above exception was the direct cause of the following exception:

Traceback (most recent call last):
  File "C:\Users\it.sm.UG-EMERGENCY\AppData\Local\Programs\Python\Python313\Lib\site-packages\django\core\handlers\exception.py", line 55, in inner
    response = get_response(request)
  File "C:\Users\it.sm.UG-EMERGENCY\AppData\Local\Programs\Python\Python313\Lib\site-packages\django\core\handlers\base.py", line 197, in _get_response
    response = wrapped_callback(request, *callback_args, **callback_kwargs)
  File "C:\Users\it.sm.UG-EMERGENCY\AppData\Local\Programs\Python\Python313\Lib\site-packages\django\contrib\auth\decorators.py", line 23, in _wrapper_view
    return view_func(request, *args, **kwargs)
  File "C:\Users\it.sm.UG-EMERGENCY\Desktop\uni\hospital_meal_system\ums\accounts\decorators.py", line 13, in wrapper
    return view_func(request, *args, **kwargs)
  File "C:\Users\it.sm.UG-EMERGENCY\Desktop\uni\hospital_meal_system\ums\students\views.py", line 28, in student_list
    return render(request, 'students/student_list.html', {
        'students': students,
        'statuses': Student.Status.choices,
    })
  File "C:\Users\it.sm.UG-EMERGENCY\AppData\Local\Programs\Python\Python313\Lib\site-packages\django\shortcuts.py", line 24, in render
    content = loader.render_to_string(template_name, context, request, using=using)
  File "C:\Users\it.sm.UG-EMERGENCY\AppData\Local\Programs\Python\Python313\Lib\site-packages\django\template\loader.py", line 62, in render_to_string
    return template.render(context, request)
           ~~~~~~~~~~~~~~~^^^^^^^^^^^^^^^^^^
  File "C:\Users\it.sm.UG-EMERGENCY\AppData\Local\Programs\Python\Python313\Lib\site-packages\django\template\backends\django.py", line 61, in render
    return self.template.render(context)
           ~~~~~~~~~~~~~~~~~~~~^^^^^^^^^
  File "C:\Users\it.sm.UG-EMERGENCY\AppData\Local\Programs\Python\Python313\Lib\site-packages\django\template\base.py", line 175, in render
    return self._render(context)
           ~~~~~~~~~~~~^^^^^^^^^
  File "C:\Users\it.sm.UG-EMERGENCY\AppData\Local\Programs\Python\Python313\Lib\site-packages\django\template\base.py", line 167, in _render
    return self.nodelist.render(context)
           ~~~~~~~~~~~~~~~~~~~~^^^^^^^^^
  File "C:\Users\it.sm.UG-EMERGENCY\AppData\Local\Programs\Python\Python313\Lib\site-packages\django\template\base.py", line 1005, in render
    return SafeString("".join([node.render_annotated(context) for node in self]))
                               ~~~~~~~~~~~~~~~~~~~~~^^^^^^^^^
  File "C:\Users\it.sm.UG-EMERGENCY\AppData\Local\Programs\Python\Python313\Lib\site-packages\django\template\base.py", line 966, in render_annotated
    return self.render(context)
           ~~~~~~~~~~~^^^^^^^^^
  File "C:\Users\it.sm.UG-EMERGENCY\AppData\Local\Programs\Python\Python313\Lib\site-packages\django\template\loader_tags.py", line 157, in render
    return compiled_parent._render(context)
           ~~~~~~~~~~~~~~~~~~~~~~~^^^^^^^^^
  File "C:\Users\it.sm.UG-EMERGENCY\AppData\Local\Programs\Python\Python313\Lib\site-packages\django\template\base.py", line 167, in _render
    return self.nodelist.render(context)
           ~~~~~~~~~~~~~~~~~~~~^^^^^^^^^
  File "C:\Users\it.sm.UG-EMERGENCY\AppData\Local\Programs\Python\Python313\Lib\site-packages\django\template\base.py", line 1005, in render
    return SafeString("".join([node.render_annotated(context) for node in self]))
                               ~~~~~~~~~~~~~~~~~~~~~^^^^^^^^^
  File "C:\Users\it.sm.UG-EMERGENCY\AppData\Local\Programs\Python\Python313\Lib\site-packages\django\template\base.py", line 966, in render_annotated
    return self.render(context)
           ~~~~~~~~~~~^^^^^^^^^
  File "C:\Users\it.sm.UG-EMERGENCY\AppData\Local\Programs\Python\Python313\Lib\site-packages\django\template\defaulttags.py", line 321, in render
    return nodelist.render(context)
           ~~~~~~~~~~~~~~~^^^^^^^^^
  File "C:\Users\it.sm.UG-EMERGENCY\AppData\Local\Programs\Python\Python313\Lib\site-packages\django\template\base.py", line 1005, in render
    return SafeString("".join([node.render_annotated(context) for node in self]))
                               ~~~~~~~~~~~~~~~~~~~~~^^^^^^^^^
  File "C:\Users\it.sm.UG-EMERGENCY\AppData\Local\Programs\Python\Python313\Lib\site-packages\django\template\base.py", line 966, in render_annotated
    return self.render(context)
           ~~~~~~~~~~~^^^^^^^^^
  File "C:\Users\it.sm.UG-EMERGENCY\AppData\Local\Programs\Python\Python313\Lib\site-packages\django\template\loader_tags.py", line 63, in render
    result = block.nodelist.render(context)
  File "C:\Users\it.sm.UG-EMERGENCY\AppData\Local\Programs\Python\Python313\Lib\site-packages\django\template\base.py", line 1005, in render
    return SafeString("".join([node.render_annotated(context) for node in self]))
                               ~~~~~~~~~~~~~~~~~~~~~^^^^^^^^^
  File "C:\Users\it.sm.UG-EMERGENCY\AppData\Local\Programs\Python\Python313\Lib\site-packages\django\template\base.py", line 966, in render_annotated
    return self.render(context)
           ~~~~~~~~~~~^^^^^^^^^
  File "C:\Users\it.sm.UG-EMERGENCY\AppData\Local\Programs\Python\Python313\Lib\site-packages\django\template\defaulttags.py", line 194, in render
    len_values = len(values)
  File "C:\Users\it.sm.UG-EMERGENCY\AppData\Local\Programs\Python\Python313\Lib\site-packages\django\db\models\query.py", line 382, in __len__
    self._fetch_all()
    ~~~~~~~~~~~~~~~^^
  File "C:\Users\it.sm.UG-EMERGENCY\AppData\Local\Programs\Python\Python313\Lib\site-packages\django\db\models\query.py", line 1886, in _fetch_all
    self._result_cache = list(self._iterable_class(self))
                         ~~~~^^^^^^^^^^^^^^^^^^^^^^^^^^^^
  File "C:\Users\it.sm.UG-EMERGENCY\AppData\Local\Programs\Python\Python313\Lib\site-packages\django\db\models\query.py", line 93, in __iter__
    results = compiler.execute_sql(
        chunked_fetch=self.chunked_fetch, chunk_size=self.chunk_size
    )
  File "C:\Users\it.sm.UG-EMERGENCY\AppData\Local\Programs\Python\Python313\Lib\site-packages\django\db\models\sql\compiler.py", line 1562, in execute_sql
    cursor.execute(sql, params)
    ~~~~~~~~~~~~~~^^^^^^^^^^^^^
  File "C:\Users\it.sm.UG-EMERGENCY\AppData\Local\Programs\Python\Python313\Lib\site-packages\django\db\backends\utils.py", line 102, in execute
    return super().execute(sql, params)
           ~~~~~~~~~~~~~~~^^^^^^^^^^^^^
  File "C:\Users\it.sm.UG-EMERGENCY\AppData\Local\Programs\Python\Python313\Lib\site-packages\django\db\backends\utils.py", line 67, in execute
    return self._execute_with_wrappers(
           ~~~~~~~~~~~~~~~~~~~~~~~~~~~^
        sql, params, many=False, executor=self._execute
        ^^^^^^^^^^^^^^^^^^^^^^^^^^^^^^^^^^^^^^^^^^^^^^^
    )
    ^
  File "C:\Users\it.sm.UG-EMERGENCY\AppData\Local\Programs\Python\Python313\Lib\site-packages\django\db\backends\utils.py", line 80, in _execute_with_wrappers
    return executor(sql, params, many, context)
  File "C:\Users\it.sm.UG-EMERGENCY\AppData\Local\Programs\Python\Python313\Lib\site-packages\django\db\backends\utils.py", line 84, in _execute
    with self.db.wrap_database_errors:
         ^^^^^^^^^^^^^^^^^^^^^^^^^^^^
  File "C:\Users\it.sm.UG-EMERGENCY\AppData\Local\Programs\Python\Python313\Lib\site-packages\django\db\utils.py", line 91, in __exit__
    raise dj_exc_value.with_traceback(traceback) from exc_value
  File "C:\Users\it.sm.UG-EMERGENCY\AppData\Local\Programs\Python\Python313\Lib\site-packages\django\db\backends\utils.py", line 89, in _execute
    return self.cursor.execute(sql, params)
           ~~~~~~~~~~~~~~~~~~~^^^^^^^^^^^^^
  File "C:\Users\it.sm.UG-EMERGENCY\AppData\Local\Programs\Python\Python313\Lib\site-packages\django\db\backends\sqlite3\base.py", line 328, in execute
    return super().execute(query, params)
           ~~~~~~~~~~~~~~~^^^^^^^^^^^^^^^
django.db.utils.OperationalError: no such column: students_student.current_year_id
ERROR 2026-05-05 18:18:36,685 basehttp 41736 15676 "GET /students/ HTTP/1.1" 500 268799
ERROR 2026-05-05 18:18:37,760 log 41736 15676 Internal Server Error: /students/
Traceback (most recent call last):
  File "C:\Users\it.sm.UG-EMERGENCY\AppData\Local\Programs\Python\Python313\Lib\site-packages\django\db\backends\utils.py", line 89, in _execute
    return self.cursor.execute(sql, params)
           ~~~~~~~~~~~~~~~~~~~^^^^^^^^^^^^^
  File "C:\Users\it.sm.UG-EMERGENCY\AppData\Local\Programs\Python\Python313\Lib\site-packages\django\db\backends\sqlite3\base.py", line 328, in execute
    return super().execute(query, params)
           ~~~~~~~~~~~~~~~^^^^^^^^^^^^^^^
sqlite3.OperationalError: no such column: students_student.current_year_id

The above exception was the direct cause of the following exception:

Traceback (most recent call last):
  File "C:\Users\it.sm.UG-EMERGENCY\AppData\Local\Programs\Python\Python313\Lib\site-packages\django\core\handlers\exception.py", line 55, in inner
    response = get_response(request)
  File "C:\Users\it.sm.UG-EMERGENCY\AppData\Local\Programs\Python\Python313\Lib\site-packages\django\core\handlers\base.py", line 197, in _get_response
    response = wrapped_callback(request, *callback_args, **callback_kwargs)
  File "C:\Users\it.sm.UG-EMERGENCY\AppData\Local\Programs\Python\Python313\Lib\site-packages\django\contrib\auth\decorators.py", line 23, in _wrapper_view
    return view_func(request, *args, **kwargs)
  File "C:\Users\it.sm.UG-EMERGENCY\Desktop\uni\hospital_meal_system\ums\accounts\decorators.py", line 13, in wrapper
    return view_func(request, *args, **kwargs)
  File "C:\Users\it.sm.UG-EMERGENCY\Desktop\uni\hospital_meal_system\ums\students\views.py", line 28, in student_list
    return render(request, 'students/student_list.html', {
        'students': students,
        'statuses': Student.Status.choices,
    })
  File "C:\Users\it.sm.UG-EMERGENCY\AppData\Local\Programs\Python\Python313\Lib\site-packages\django\shortcuts.py", line 24, in render
    content = loader.render_to_string(template_name, context, request, using=using)
  File "C:\Users\it.sm.UG-EMERGENCY\AppData\Local\Programs\Python\Python313\Lib\site-packages\django\template\loader.py", line 62, in render_to_string
    return template.render(context, request)
           ~~~~~~~~~~~~~~~^^^^^^^^^^^^^^^^^^
  File "C:\Users\it.sm.UG-EMERGENCY\AppData\Local\Programs\Python\Python313\Lib\site-packages\django\template\backends\django.py", line 61, in render
    return self.template.render(context)
           ~~~~~~~~~~~~~~~~~~~~^^^^^^^^^
  File "C:\Users\it.sm.UG-EMERGENCY\AppData\Local\Programs\Python\Python313\Lib\site-packages\django\template\base.py", line 175, in render
    return self._render(context)
           ~~~~~~~~~~~~^^^^^^^^^
  File "C:\Users\it.sm.UG-EMERGENCY\AppData\Local\Programs\Python\Python313\Lib\site-packages\django\template\base.py", line 167, in _render
    return self.nodelist.render(context)
           ~~~~~~~~~~~~~~~~~~~~^^^^^^^^^
  File "C:\Users\it.sm.UG-EMERGENCY\AppData\Local\Programs\Python\Python313\Lib\site-packages\django\template\base.py", line 1005, in render
    return SafeString("".join([node.render_annotated(context) for node in self]))
                               ~~~~~~~~~~~~~~~~~~~~~^^^^^^^^^
  File "C:\Users\it.sm.UG-EMERGENCY\AppData\Local\Programs\Python\Python313\Lib\site-packages\django\template\base.py", line 966, in render_annotated
    return self.render(context)
           ~~~~~~~~~~~^^^^^^^^^
  File "C:\Users\it.sm.UG-EMERGENCY\AppData\Local\Programs\Python\Python313\Lib\site-packages\django\template\loader_tags.py", line 157, in render
    return compiled_parent._render(context)
           ~~~~~~~~~~~~~~~~~~~~~~~^^^^^^^^^
  File "C:\Users\it.sm.UG-EMERGENCY\AppData\Local\Programs\Python\Python313\Lib\site-packages\django\template\base.py", line 167, in _render
    return self.nodelist.render(context)
           ~~~~~~~~~~~~~~~~~~~~^^^^^^^^^
  File "C:\Users\it.sm.UG-EMERGENCY\AppData\Local\Programs\Python\Python313\Lib\site-packages\django\template\base.py", line 1005, in render
    return SafeString("".join([node.render_annotated(context) for node in self]))
                               ~~~~~~~~~~~~~~~~~~~~~^^^^^^^^^
  File "C:\Users\it.sm.UG-EMERGENCY\AppData\Local\Programs\Python\Python313\Lib\site-packages\django\template\base.py", line 966, in render_annotated
    return self.render(context)
           ~~~~~~~~~~~^^^^^^^^^
  File "C:\Users\it.sm.UG-EMERGENCY\AppData\Local\Programs\Python\Python313\Lib\site-packages\django\template\defaulttags.py", line 321, in render
    return nodelist.render(context)
           ~~~~~~~~~~~~~~~^^^^^^^^^
  File "C:\Users\it.sm.UG-EMERGENCY\AppData\Local\Programs\Python\Python313\Lib\site-packages\django\template\base.py", line 1005, in render
    return SafeString("".join([node.render_annotated(context) for node in self]))
                               ~~~~~~~~~~~~~~~~~~~~~^^^^^^^^^
  File "C:\Users\it.sm.UG-EMERGENCY\AppData\Local\Programs\Python\Python313\Lib\site-packages\django\template\base.py", line 966, in render_annotated
    return self.render(context)
           ~~~~~~~~~~~^^^^^^^^^
  File "C:\Users\it.sm.UG-EMERGENCY\AppData\Local\Programs\Python\Python313\Lib\site-packages\django\template\loader_tags.py", line 63, in render
    result = block.nodelist.render(context)
  File "C:\Users\it.sm.UG-EMERGENCY\AppData\Local\Programs\Python\Python313\Lib\site-packages\django\template\base.py", line 1005, in render
    return SafeString("".join([node.render_annotated(context) for node in self]))
                               ~~~~~~~~~~~~~~~~~~~~~^^^^^^^^^
  File "C:\Users\it.sm.UG-EMERGENCY\AppData\Local\Programs\Python\Python313\Lib\site-packages\django\template\base.py", line 966, in render_annotated
    return self.render(context)
           ~~~~~~~~~~~^^^^^^^^^
  File "C:\Users\it.sm.UG-EMERGENCY\AppData\Local\Programs\Python\Python313\Lib\site-packages\django\template\defaulttags.py", line 194, in render
    len_values = len(values)
  File "C:\Users\it.sm.UG-EMERGENCY\AppData\Local\Programs\Python\Python313\Lib\site-packages\django\db\models\query.py", line 382, in __len__
    self._fetch_all()
    ~~~~~~~~~~~~~~~^^
  File "C:\Users\it.sm.UG-EMERGENCY\AppData\Local\Programs\Python\Python313\Lib\site-packages\django\db\models\query.py", line 1886, in _fetch_all
    self._result_cache = list(self._iterable_class(self))
                         ~~~~^^^^^^^^^^^^^^^^^^^^^^^^^^^^
  File "C:\Users\it.sm.UG-EMERGENCY\AppData\Local\Programs\Python\Python313\Lib\site-packages\django\db\models\query.py", line 93, in __iter__
    results = compiler.execute_sql(
        chunked_fetch=self.chunked_fetch, chunk_size=self.chunk_size
    )
  File "C:\Users\it.sm.UG-EMERGENCY\AppData\Local\Programs\Python\Python313\Lib\site-packages\django\db\models\sql\compiler.py", line 1562, in execute_sql
    cursor.execute(sql, params)
    ~~~~~~~~~~~~~~^^^^^^^^^^^^^
  File "C:\Users\it.sm.UG-EMERGENCY\AppData\Local\Programs\Python\Python313\Lib\site-packages\django\db\backends\utils.py", line 102, in execute
    return super().execute(sql, params)
           ~~~~~~~~~~~~~~~^^^^^^^^^^^^^
  File "C:\Users\it.sm.UG-EMERGENCY\AppData\Local\Programs\Python\Python313\Lib\site-packages\django\db\backends\utils.py", line 67, in execute
    return self._execute_with_wrappers(
           ~~~~~~~~~~~~~~~~~~~~~~~~~~~^
        sql, params, many=False, executor=self._execute
        ^^^^^^^^^^^^^^^^^^^^^^^^^^^^^^^^^^^^^^^^^^^^^^^
    )
    ^
  File "C:\Users\it.sm.UG-EMERGENCY\AppData\Local\Programs\Python\Python313\Lib\site-packages\django\db\backends\utils.py", line 80, in _execute_with_wrappers
    return executor(sql, params, many, context)
  File "C:\Users\it.sm.UG-EMERGENCY\AppData\Local\Programs\Python\Python313\Lib\site-packages\django\db\backends\utils.py", line 84, in _execute
    with self.db.wrap_database_errors:
         ^^^^^^^^^^^^^^^^^^^^^^^^^^^^
  File "C:\Users\it.sm.UG-EMERGENCY\AppData\Local\Programs\Python\Python313\Lib\site-packages\django\db\utils.py", line 91, in __exit__
    raise dj_exc_value.with_traceback(traceback) from exc_value
  File "C:\Users\it.sm.UG-EMERGENCY\AppData\Local\Programs\Python\Python313\Lib\site-packages\django\db\backends\utils.py", line 89, in _execute
    return self.cursor.execute(sql, params)
           ~~~~~~~~~~~~~~~~~~~^^^^^^^^^^^^^
  File "C:\Users\it.sm.UG-EMERGENCY\AppData\Local\Programs\Python\Python313\Lib\site-packages\django\db\backends\sqlite3\base.py", line 328, in execute
    return super().execute(query, params)
           ~~~~~~~~~~~~~~~^^^^^^^^^^^^^^^
django.db.utils.OperationalError: no such column: students_student.current_year_id
ERROR 2026-05-05 18:18:37,773 basehttp 41736 15676 "GET /students/ HTTP/1.1" 500 268799
ERROR 2026-05-05 18:18:38,839 log 41736 15676 Internal Server Error: /students/
Traceback (most recent call last):
  File "C:\Users\it.sm.UG-EMERGENCY\AppData\Local\Programs\Python\Python313\Lib\site-packages\django\db\backends\utils.py", line 89, in _execute
    return self.cursor.execute(sql, params)
           ~~~~~~~~~~~~~~~~~~~^^^^^^^^^^^^^
  File "C:\Users\it.sm.UG-EMERGENCY\AppData\Local\Programs\Python\Python313\Lib\site-packages\django\db\backends\sqlite3\base.py", line 328, in execute
    return super().execute(query, params)
           ~~~~~~~~~~~~~~~^^^^^^^^^^^^^^^
sqlite3.OperationalError: no such column: students_student.current_year_id

The above exception was the direct cause of the following exception:

Traceback (most recent call last):
  File "C:\Users\it.sm.UG-EMERGENCY\AppData\Local\Programs\Python\Python313\Lib\site-packages\django\core\handlers\exception.py", line 55, in inner
    response = get_response(request)
  File "C:\Users\it.sm.UG-EMERGENCY\AppData\Local\Programs\Python\Python313\Lib\site-packages\django\core\handlers\base.py", line 197, in _get_response
    response = wrapped_callback(request, *callback_args, **callback_kwargs)
  File "C:\Users\it.sm.UG-EMERGENCY\AppData\Local\Programs\Python\Python313\Lib\site-packages\django\contrib\auth\decorators.py", line 23, in _wrapper_view
    return view_func(request, *args, **kwargs)
  File "C:\Users\it.sm.UG-EMERGENCY\Desktop\uni\hospital_meal_system\ums\accounts\decorators.py", line 13, in wrapper
    return view_func(request, *args, **kwargs)
  File "C:\Users\it.sm.UG-EMERGENCY\Desktop\uni\hospital_meal_system\ums\students\views.py", line 28, in student_list
    return render(request, 'students/student_list.html', {
        'students': students,
        'statuses': Student.Status.choices,
    })
  File "C:\Users\it.sm.UG-EMERGENCY\AppData\Local\Programs\Python\Python313\Lib\site-packages\django\shortcuts.py", line 24, in render
    content = loader.render_to_string(template_name, context, request, using=using)
  File "C:\Users\it.sm.UG-EMERGENCY\AppData\Local\Programs\Python\Python313\Lib\site-packages\django\template\loader.py", line 62, in render_to_string
    return template.render(context, request)
           ~~~~~~~~~~~~~~~^^^^^^^^^^^^^^^^^^
  File "C:\Users\it.sm.UG-EMERGENCY\AppData\Local\Programs\Python\Python313\Lib\site-packages\django\template\backends\django.py", line 61, in render
    return self.template.render(context)
           ~~~~~~~~~~~~~~~~~~~~^^^^^^^^^
  File "C:\Users\it.sm.UG-EMERGENCY\AppData\Local\Programs\Python\Python313\Lib\site-packages\django\template\base.py", line 175, in render
    return self._render(context)
           ~~~~~~~~~~~~^^^^^^^^^
  File "C:\Users\it.sm.UG-EMERGENCY\AppData\Local\Programs\Python\Python313\Lib\site-packages\django\template\base.py", line 167, in _render
    return self.nodelist.render(context)
           ~~~~~~~~~~~~~~~~~~~~^^^^^^^^^
  File "C:\Users\it.sm.UG-EMERGENCY\AppData\Local\Programs\Python\Python313\Lib\site-packages\django\template\base.py", line 1005, in render
    return SafeString("".join([node.render_annotated(context) for node in self]))
                               ~~~~~~~~~~~~~~~~~~~~~^^^^^^^^^
  File "C:\Users\it.sm.UG-EMERGENCY\AppData\Local\Programs\Python\Python313\Lib\site-packages\django\template\base.py", line 966, in render_annotated
    return self.render(context)
           ~~~~~~~~~~~^^^^^^^^^
  File "C:\Users\it.sm.UG-EMERGENCY\AppData\Local\Programs\Python\Python313\Lib\site-packages\django\template\loader_tags.py", line 157, in render
    return compiled_parent._render(context)
           ~~~~~~~~~~~~~~~~~~~~~~~^^^^^^^^^
  File "C:\Users\it.sm.UG-EMERGENCY\AppData\Local\Programs\Python\Python313\Lib\site-packages\django\template\base.py", line 167, in _render
    return self.nodelist.render(context)
           ~~~~~~~~~~~~~~~~~~~~^^^^^^^^^
  File "C:\Users\it.sm.UG-EMERGENCY\AppData\Local\Programs\Python\Python313\Lib\site-packages\django\template\base.py", line 1005, in render
    return SafeString("".join([node.render_annotated(context) for node in self]))
                               ~~~~~~~~~~~~~~~~~~~~~^^^^^^^^^
  File "C:\Users\it.sm.UG-EMERGENCY\AppData\Local\Programs\Python\Python313\Lib\site-packages\django\template\base.py", line 966, in render_annotated
    return self.render(context)
           ~~~~~~~~~~~^^^^^^^^^
  File "C:\Users\it.sm.UG-EMERGENCY\AppData\Local\Programs\Python\Python313\Lib\site-packages\django\template\defaulttags.py", line 321, in render
    return nodelist.render(context)
           ~~~~~~~~~~~~~~~^^^^^^^^^
  File "C:\Users\it.sm.UG-EMERGENCY\AppData\Local\Programs\Python\Python313\Lib\site-packages\django\template\base.py", line 1005, in render
    return SafeString("".join([node.render_annotated(context) for node in self]))
                               ~~~~~~~~~~~~~~~~~~~~~^^^^^^^^^
  File "C:\Users\it.sm.UG-EMERGENCY\AppData\Local\Programs\Python\Python313\Lib\site-packages\django\template\base.py", line 966, in render_annotated
    return self.render(context)
           ~~~~~~~~~~~^^^^^^^^^
  File "C:\Users\it.sm.UG-EMERGENCY\AppData\Local\Programs\Python\Python313\Lib\site-packages\django\template\loader_tags.py", line 63, in render
    result = block.nodelist.render(context)
  File "C:\Users\it.sm.UG-EMERGENCY\AppData\Local\Programs\Python\Python313\Lib\site-packages\django\template\base.py", line 1005, in render
    return SafeString("".join([node.render_annotated(context) for node in self]))
                               ~~~~~~~~~~~~~~~~~~~~~^^^^^^^^^
  File "C:\Users\it.sm.UG-EMERGENCY\AppData\Local\Programs\Python\Python313\Lib\site-packages\django\template\base.py", line 966, in render_annotated
    return self.render(context)
           ~~~~~~~~~~~^^^^^^^^^
  File "C:\Users\it.sm.UG-EMERGENCY\AppData\Local\Programs\Python\Python313\Lib\site-packages\django\template\defaulttags.py", line 194, in render
    len_values = len(values)
  File "C:\Users\it.sm.UG-EMERGENCY\AppData\Local\Programs\Python\Python313\Lib\site-packages\django\db\models\query.py", line 382, in __len__
    self._fetch_all()
    ~~~~~~~~~~~~~~~^^
  File "C:\Users\it.sm.UG-EMERGENCY\AppData\Local\Programs\Python\Python313\Lib\site-packages\django\db\models\query.py", line 1886, in _fetch_all
    self._result_cache = list(self._iterable_class(self))
                         ~~~~^^^^^^^^^^^^^^^^^^^^^^^^^^^^
  File "C:\Users\it.sm.UG-EMERGENCY\AppData\Local\Programs\Python\Python313\Lib\site-packages\django\db\models\query.py", line 93, in __iter__
    results = compiler.execute_sql(
        chunked_fetch=self.chunked_fetch, chunk_size=self.chunk_size
    )
  File "C:\Users\it.sm.UG-EMERGENCY\AppData\Local\Programs\Python\Python313\Lib\site-packages\django\db\models\sql\compiler.py", line 1562, in execute_sql
    cursor.execute(sql, params)
    ~~~~~~~~~~~~~~^^^^^^^^^^^^^
  File "C:\Users\it.sm.UG-EMERGENCY\AppData\Local\Programs\Python\Python313\Lib\site-packages\django\db\backends\utils.py", line 102, in execute
    return super().execute(sql, params)
           ~~~~~~~~~~~~~~~^^^^^^^^^^^^^
  File "C:\Users\it.sm.UG-EMERGENCY\AppData\Local\Programs\Python\Python313\Lib\site-packages\django\db\backends\utils.py", line 67, in execute
    return self._execute_with_wrappers(
           ~~~~~~~~~~~~~~~~~~~~~~~~~~~^
        sql, params, many=False, executor=self._execute
        ^^^^^^^^^^^^^^^^^^^^^^^^^^^^^^^^^^^^^^^^^^^^^^^
    )
    ^
  File "C:\Users\it.sm.UG-EMERGENCY\AppData\Local\Programs\Python\Python313\Lib\site-packages\django\db\backends\utils.py", line 80, in _execute_with_wrappers
    return executor(sql, params, many, context)
  File "C:\Users\it.sm.UG-EMERGENCY\AppData\Local\Programs\Python\Python313\Lib\site-packages\django\db\backends\utils.py", line 84, in _execute
    with self.db.wrap_database_errors:
         ^^^^^^^^^^^^^^^^^^^^^^^^^^^^
  File "C:\Users\it.sm.UG-EMERGENCY\AppData\Local\Programs\Python\Python313\Lib\site-packages\django\db\utils.py", line 91, in __exit__
    raise dj_exc_value.with_traceback(traceback) from exc_value
  File "C:\Users\it.sm.UG-EMERGENCY\AppData\Local\Programs\Python\Python313\Lib\site-packages\django\db\backends\utils.py", line 89, in _execute
    return self.cursor.execute(sql, params)
           ~~~~~~~~~~~~~~~~~~~^^^^^^^^^^^^^
  File "C:\Users\it.sm.UG-EMERGENCY\AppData\Local\Programs\Python\Python313\Lib\site-packages\django\db\backends\sqlite3\base.py", line 328, in execute
    return super().execute(query, params)
           ~~~~~~~~~~~~~~~^^^^^^^^^^^^^^^
django.db.utils.OperationalError: no such column: students_student.current_year_id
ERROR 2026-05-05 18:18:38,849 basehttp 41736 15676 "GET /students/ HTTP/1.1" 500 268799
ERROR 2026-05-05 18:18:40,272 log 41736 15676 Internal Server Error: /students/
Traceback (most recent call last):
  File "C:\Users\it.sm.UG-EMERGENCY\AppData\Local\Programs\Python\Python313\Lib\site-packages\django\db\backends\utils.py", line 89, in _execute
    return self.cursor.execute(sql, params)
           ~~~~~~~~~~~~~~~~~~~^^^^^^^^^^^^^
  File "C:\Users\it.sm.UG-EMERGENCY\AppData\Local\Programs\Python\Python313\Lib\site-packages\django\db\backends\sqlite3\base.py", line 328, in execute
    return super().execute(query, params)
           ~~~~~~~~~~~~~~~^^^^^^^^^^^^^^^
sqlite3.OperationalError: no such column: students_student.current_year_id

The above exception was the direct cause of the following exception:

Traceback (most recent call last):
  File "C:\Users\it.sm.UG-EMERGENCY\AppData\Local\Programs\Python\Python313\Lib\site-packages\django\core\handlers\exception.py", line 55, in inner
    response = get_response(request)
  File "C:\Users\it.sm.UG-EMERGENCY\AppData\Local\Programs\Python\Python313\Lib\site-packages\django\core\handlers\base.py", line 197, in _get_response
    response = wrapped_callback(request, *callback_args, **callback_kwargs)
  File "C:\Users\it.sm.UG-EMERGENCY\AppData\Local\Programs\Python\Python313\Lib\site-packages\django\contrib\auth\decorators.py", line 23, in _wrapper_view
    return view_func(request, *args, **kwargs)
  File "C:\Users\it.sm.UG-EMERGENCY\Desktop\uni\hospital_meal_system\ums\accounts\decorators.py", line 13, in wrapper
    return view_func(request, *args, **kwargs)
  File "C:\Users\it.sm.UG-EMERGENCY\Desktop\uni\hospital_meal_system\ums\students\views.py", line 28, in student_list
    return render(request, 'students/student_list.html', {
        'students': students,
        'statuses': Student.Status.choices,
    })
  File "C:\Users\it.sm.UG-EMERGENCY\AppData\Local\Programs\Python\Python313\Lib\site-packages\django\shortcuts.py", line 24, in render
    content = loader.render_to_string(template_name, context, request, using=using)
  File "C:\Users\it.sm.UG-EMERGENCY\AppData\Local\Programs\Python\Python313\Lib\site-packages\django\template\loader.py", line 62, in render_to_string
    return template.render(context, request)
           ~~~~~~~~~~~~~~~^^^^^^^^^^^^^^^^^^
  File "C:\Users\it.sm.UG-EMERGENCY\AppData\Local\Programs\Python\Python313\Lib\site-packages\django\template\backends\django.py", line 61, in render
    return self.template.render(context)
           ~~~~~~~~~~~~~~~~~~~~^^^^^^^^^
  File "C:\Users\it.sm.UG-EMERGENCY\AppData\Local\Programs\Python\Python313\Lib\site-packages\django\template\base.py", line 175, in render
    return self._render(context)
           ~~~~~~~~~~~~^^^^^^^^^
  File "C:\Users\it.sm.UG-EMERGENCY\AppData\Local\Programs\Python\Python313\Lib\site-packages\django\template\base.py", line 167, in _render
    return self.nodelist.render(context)
           ~~~~~~~~~~~~~~~~~~~~^^^^^^^^^
  File "C:\Users\it.sm.UG-EMERGENCY\AppData\Local\Programs\Python\Python313\Lib\site-packages\django\template\base.py", line 1005, in render
    return SafeString("".join([node.render_annotated(context) for node in self]))
                               ~~~~~~~~~~~~~~~~~~~~~^^^^^^^^^
  File "C:\Users\it.sm.UG-EMERGENCY\AppData\Local\Programs\Python\Python313\Lib\site-packages\django\template\base.py", line 966, in render_annotated
    return self.render(context)
           ~~~~~~~~~~~^^^^^^^^^
  File "C:\Users\it.sm.UG-EMERGENCY\AppData\Local\Programs\Python\Python313\Lib\site-packages\django\template\loader_tags.py", line 157, in render
    return compiled_parent._render(context)
           ~~~~~~~~~~~~~~~~~~~~~~~^^^^^^^^^
  File "C:\Users\it.sm.UG-EMERGENCY\AppData\Local\Programs\Python\Python313\Lib\site-packages\django\template\base.py", line 167, in _render
    return self.nodelist.render(context)
           ~~~~~~~~~~~~~~~~~~~~^^^^^^^^^
  File "C:\Users\it.sm.UG-EMERGENCY\AppData\Local\Programs\Python\Python313\Lib\site-packages\django\template\base.py", line 1005, in render
    return SafeString("".join([node.render_annotated(context) for node in self]))
                               ~~~~~~~~~~~~~~~~~~~~~^^^^^^^^^
  File "C:\Users\it.sm.UG-EMERGENCY\AppData\Local\Programs\Python\Python313\Lib\site-packages\django\template\base.py", line 966, in render_annotated
    return self.render(context)
           ~~~~~~~~~~~^^^^^^^^^
  File "C:\Users\it.sm.UG-EMERGENCY\AppData\Local\Programs\Python\Python313\Lib\site-packages\django\template\defaulttags.py", line 321, in render
    return nodelist.render(context)
           ~~~~~~~~~~~~~~~^^^^^^^^^
  File "C:\Users\it.sm.UG-EMERGENCY\AppData\Local\Programs\Python\Python313\Lib\site-packages\django\template\base.py", line 1005, in render
    return SafeString("".join([node.render_annotated(context) for node in self]))
                               ~~~~~~~~~~~~~~~~~~~~~^^^^^^^^^
  File "C:\Users\it.sm.UG-EMERGENCY\AppData\Local\Programs\Python\Python313\Lib\site-packages\django\template\base.py", line 966, in render_annotated
    return self.render(context)
           ~~~~~~~~~~~^^^^^^^^^
  File "C:\Users\it.sm.UG-EMERGENCY\AppData\Local\Programs\Python\Python313\Lib\site-packages\django\template\loader_tags.py", line 63, in render
    result = block.nodelist.render(context)
  File "C:\Users\it.sm.UG-EMERGENCY\AppData\Local\Programs\Python\Python313\Lib\site-packages\django\template\base.py", line 1005, in render
    return SafeString("".join([node.render_annotated(context) for node in self]))
                               ~~~~~~~~~~~~~~~~~~~~~^^^^^^^^^
  File "C:\Users\it.sm.UG-EMERGENCY\AppData\Local\Programs\Python\Python313\Lib\site-packages\django\template\base.py", line 966, in render_annotated
    return self.render(context)
           ~~~~~~~~~~~^^^^^^^^^
  File "C:\Users\it.sm.UG-EMERGENCY\AppData\Local\Programs\Python\Python313\Lib\site-packages\django\template\defaulttags.py", line 194, in render
    len_values = len(values)
  File "C:\Users\it.sm.UG-EMERGENCY\AppData\Local\Programs\Python\Python313\Lib\site-packages\django\db\models\query.py", line 382, in __len__
    self._fetch_all()
    ~~~~~~~~~~~~~~~^^
  File "C:\Users\it.sm.UG-EMERGENCY\AppData\Local\Programs\Python\Python313\Lib\site-packages\django\db\models\query.py", line 1886, in _fetch_all
    self._result_cache = list(self._iterable_class(self))
                         ~~~~^^^^^^^^^^^^^^^^^^^^^^^^^^^^
  File "C:\Users\it.sm.UG-EMERGENCY\AppData\Local\Programs\Python\Python313\Lib\site-packages\django\db\models\query.py", line 93, in __iter__
    results = compiler.execute_sql(
        chunked_fetch=self.chunked_fetch, chunk_size=self.chunk_size
    )
  File "C:\Users\it.sm.UG-EMERGENCY\AppData\Local\Programs\Python\Python313\Lib\site-packages\django\db\models\sql\compiler.py", line 1562, in execute_sql
    cursor.execute(sql, params)
    ~~~~~~~~~~~~~~^^^^^^^^^^^^^
  File "C:\Users\it.sm.UG-EMERGENCY\AppData\Local\Programs\Python\Python313\Lib\site-packages\django\db\backends\utils.py", line 102, in execute
    return super().execute(sql, params)
           ~~~~~~~~~~~~~~~^^^^^^^^^^^^^
  File "C:\Users\it.sm.UG-EMERGENCY\AppData\Local\Programs\Python\Python313\Lib\site-packages\django\db\backends\utils.py", line 67, in execute
    return self._execute_with_wrappers(
           ~~~~~~~~~~~~~~~~~~~~~~~~~~~^
        sql, params, many=False, executor=self._execute
        ^^^^^^^^^^^^^^^^^^^^^^^^^^^^^^^^^^^^^^^^^^^^^^^
    )
    ^
  File "C:\Users\it.sm.UG-EMERGENCY\AppData\Local\Programs\Python\Python313\Lib\site-packages\django\db\backends\utils.py", line 80, in _execute_with_wrappers
    return executor(sql, params, many, context)
  File "C:\Users\it.sm.UG-EMERGENCY\AppData\Local\Programs\Python\Python313\Lib\site-packages\django\db\backends\utils.py", line 84, in _execute
    with self.db.wrap_database_errors:
         ^^^^^^^^^^^^^^^^^^^^^^^^^^^^
  File "C:\Users\it.sm.UG-EMERGENCY\AppData\Local\Programs\Python\Python313\Lib\site-packages\django\db\utils.py", line 91, in __exit__
    raise dj_exc_value.with_traceback(traceback) from exc_value
  File "C:\Users\it.sm.UG-EMERGENCY\AppData\Local\Programs\Python\Python313\Lib\site-packages\django\db\backends\utils.py", line 89, in _execute
    return self.cursor.execute(sql, params)
           ~~~~~~~~~~~~~~~~~~~^^^^^^^^^^^^^
  File "C:\Users\it.sm.UG-EMERGENCY\AppData\Local\Programs\Python\Python313\Lib\site-packages\django\db\backends\sqlite3\base.py", line 328, in execute
    return super().execute(query, params)
           ~~~~~~~~~~~~~~~^^^^^^^^^^^^^^^
django.db.utils.OperationalError: no such column: students_student.current_year_id
ERROR 2026-05-05 18:18:40,285 basehttp 41736 15676 "GET /students/ HTTP/1.1" 500 268799
ERROR 2026-05-05 18:18:41,448 log 41736 15676 Internal Server Error: /students/
Traceback (most recent call last):
  File "C:\Users\it.sm.UG-EMERGENCY\AppData\Local\Programs\Python\Python313\Lib\site-packages\django\db\backends\utils.py", line 89, in _execute
    return self.cursor.execute(sql, params)
           ~~~~~~~~~~~~~~~~~~~^^^^^^^^^^^^^
  File "C:\Users\it.sm.UG-EMERGENCY\AppData\Local\Programs\Python\Python313\Lib\site-packages\django\db\backends\sqlite3\base.py", line 328, in execute
    return super().execute(query, params)
           ~~~~~~~~~~~~~~~^^^^^^^^^^^^^^^
sqlite3.OperationalError: no such column: students_student.current_year_id

The above exception was the direct cause of the following exception:

Traceback (most recent call last):
  File "C:\Users\it.sm.UG-EMERGENCY\AppData\Local\Programs\Python\Python313\Lib\site-packages\django\core\handlers\exception.py", line 55, in inner
    response = get_response(request)
  File "C:\Users\it.sm.UG-EMERGENCY\AppData\Local\Programs\Python\Python313\Lib\site-packages\django\core\handlers\base.py", line 197, in _get_response
    response = wrapped_callback(request, *callback_args, **callback_kwargs)
  File "C:\Users\it.sm.UG-EMERGENCY\AppData\Local\Programs\Python\Python313\Lib\site-packages\django\contrib\auth\decorators.py", line 23, in _wrapper_view
    return view_func(request, *args, **kwargs)
  File "C:\Users\it.sm.UG-EMERGENCY\Desktop\uni\hospital_meal_system\ums\accounts\decorators.py", line 13, in wrapper
    return view_func(request, *args, **kwargs)
  File "C:\Users\it.sm.UG-EMERGENCY\Desktop\uni\hospital_meal_system\ums\students\views.py", line 28, in student_list
    return render(request, 'students/student_list.html', {
        'students': students,
        'statuses': Student.Status.choices,
    })
  File "C:\Users\it.sm.UG-EMERGENCY\AppData\Local\Programs\Python\Python313\Lib\site-packages\django\shortcuts.py", line 24, in render
    content = loader.render_to_string(template_name, context, request, using=using)
  File "C:\Users\it.sm.UG-EMERGENCY\AppData\Local\Programs\Python\Python313\Lib\site-packages\django\template\loader.py", line 62, in render_to_string
    return template.render(context, request)
           ~~~~~~~~~~~~~~~^^^^^^^^^^^^^^^^^^
  File "C:\Users\it.sm.UG-EMERGENCY\AppData\Local\Programs\Python\Python313\Lib\site-packages\django\template\backends\django.py", line 61, in render
    return self.template.render(context)
           ~~~~~~~~~~~~~~~~~~~~^^^^^^^^^
  File "C:\Users\it.sm.UG-EMERGENCY\AppData\Local\Programs\Python\Python313\Lib\site-packages\django\template\base.py", line 175, in render
    return self._render(context)
           ~~~~~~~~~~~~^^^^^^^^^
  File "C:\Users\it.sm.UG-EMERGENCY\AppData\Local\Programs\Python\Python313\Lib\site-packages\django\template\base.py", line 167, in _render
    return self.nodelist.render(context)
           ~~~~~~~~~~~~~~~~~~~~^^^^^^^^^
  File "C:\Users\it.sm.UG-EMERGENCY\AppData\Local\Programs\Python\Python313\Lib\site-packages\django\template\base.py", line 1005, in render
    return SafeString("".join([node.render_annotated(context) for node in self]))
                               ~~~~~~~~~~~~~~~~~~~~~^^^^^^^^^
  File "C:\Users\it.sm.UG-EMERGENCY\AppData\Local\Programs\Python\Python313\Lib\site-packages\django\template\base.py", line 966, in render_annotated
    return self.render(context)
           ~~~~~~~~~~~^^^^^^^^^
  File "C:\Users\it.sm.UG-EMERGENCY\AppData\Local\Programs\Python\Python313\Lib\site-packages\django\template\loader_tags.py", line 157, in render
    return compiled_parent._render(context)
           ~~~~~~~~~~~~~~~~~~~~~~~^^^^^^^^^
  File "C:\Users\it.sm.UG-EMERGENCY\AppData\Local\Programs\Python\Python313\Lib\site-packages\django\template\base.py", line 167, in _render
    return self.nodelist.render(context)
           ~~~~~~~~~~~~~~~~~~~~^^^^^^^^^
  File "C:\Users\it.sm.UG-EMERGENCY\AppData\Local\Programs\Python\Python313\Lib\site-packages\django\template\base.py", line 1005, in render
    return SafeString("".join([node.render_annotated(context) for node in self]))
                               ~~~~~~~~~~~~~~~~~~~~~^^^^^^^^^
  File "C:\Users\it.sm.UG-EMERGENCY\AppData\Local\Programs\Python\Python313\Lib\site-packages\django\template\base.py", line 966, in render_annotated
    return self.render(context)
           ~~~~~~~~~~~^^^^^^^^^
  File "C:\Users\it.sm.UG-EMERGENCY\AppData\Local\Programs\Python\Python313\Lib\site-packages\django\template\defaulttags.py", line 321, in render
    return nodelist.render(context)
           ~~~~~~~~~~~~~~~^^^^^^^^^
  File "C:\Users\it.sm.UG-EMERGENCY\AppData\Local\Programs\Python\Python313\Lib\site-packages\django\template\base.py", line 1005, in render
    return SafeString("".join([node.render_annotated(context) for node in self]))
                               ~~~~~~~~~~~~~~~~~~~~~^^^^^^^^^
  File "C:\Users\it.sm.UG-EMERGENCY\AppData\Local\Programs\Python\Python313\Lib\site-packages\django\template\base.py", line 966, in render_annotated
    return self.render(context)
           ~~~~~~~~~~~^^^^^^^^^
  File "C:\Users\it.sm.UG-EMERGENCY\AppData\Local\Programs\Python\Python313\Lib\site-packages\django\template\loader_tags.py", line 63, in render
    result = block.nodelist.render(context)
  File "C:\Users\it.sm.UG-EMERGENCY\AppData\Local\Programs\Python\Python313\Lib\site-packages\django\template\base.py", line 1005, in render
    return SafeString("".join([node.render_annotated(context) for node in self]))
                               ~~~~~~~~~~~~~~~~~~~~~^^^^^^^^^
  File "C:\Users\it.sm.UG-EMERGENCY\AppData\Local\Programs\Python\Python313\Lib\site-packages\django\template\base.py", line 966, in render_annotated
    return self.render(context)
           ~~~~~~~~~~~^^^^^^^^^
  File "C:\Users\it.sm.UG-EMERGENCY\AppData\Local\Programs\Python\Python313\Lib\site-packages\django\template\defaulttags.py", line 194, in render
    len_values = len(values)
  File "C:\Users\it.sm.UG-EMERGENCY\AppData\Local\Programs\Python\Python313\Lib\site-packages\django\db\models\query.py", line 382, in __len__
    self._fetch_all()
    ~~~~~~~~~~~~~~~^^
  File "C:\Users\it.sm.UG-EMERGENCY\AppData\Local\Programs\Python\Python313\Lib\site-packages\django\db\models\query.py", line 1886, in _fetch_all
    self._result_cache = list(self._iterable_class(self))
                         ~~~~^^^^^^^^^^^^^^^^^^^^^^^^^^^^
  File "C:\Users\it.sm.UG-EMERGENCY\AppData\Local\Programs\Python\Python313\Lib\site-packages\django\db\models\query.py", line 93, in __iter__
    results = compiler.execute_sql(
        chunked_fetch=self.chunked_fetch, chunk_size=self.chunk_size
    )
  File "C:\Users\it.sm.UG-EMERGENCY\AppData\Local\Programs\Python\Python313\Lib\site-packages\django\db\models\sql\compiler.py", line 1562, in execute_sql
    cursor.execute(sql, params)
    ~~~~~~~~~~~~~~^^^^^^^^^^^^^
  File "C:\Users\it.sm.UG-EMERGENCY\AppData\Local\Programs\Python\Python313\Lib\site-packages\django\db\backends\utils.py", line 102, in execute
    return super().execute(sql, params)
           ~~~~~~~~~~~~~~~^^^^^^^^^^^^^
  File "C:\Users\it.sm.UG-EMERGENCY\AppData\Local\Programs\Python\Python313\Lib\site-packages\django\db\backends\utils.py", line 67, in execute
    return self._execute_with_wrappers(
           ~~~~~~~~~~~~~~~~~~~~~~~~~~~^
        sql, params, many=False, executor=self._execute
        ^^^^^^^^^^^^^^^^^^^^^^^^^^^^^^^^^^^^^^^^^^^^^^^
    )
    ^
  File "C:\Users\it.sm.UG-EMERGENCY\AppData\Local\Programs\Python\Python313\Lib\site-packages\django\db\backends\utils.py", line 80, in _execute_with_wrappers
    return executor(sql, params, many, context)
  File "C:\Users\it.sm.UG-EMERGENCY\AppData\Local\Programs\Python\Python313\Lib\site-packages\django\db\backends\utils.py", line 84, in _execute
    with self.db.wrap_database_errors:
         ^^^^^^^^^^^^^^^^^^^^^^^^^^^^
  File "C:\Users\it.sm.UG-EMERGENCY\AppData\Local\Programs\Python\Python313\Lib\site-packages\django\db\utils.py", line 91, in __exit__
    raise dj_exc_value.with_traceback(traceback) from exc_value
  File "C:\Users\it.sm.UG-EMERGENCY\AppData\Local\Programs\Python\Python313\Lib\site-packages\django\db\backends\utils.py", line 89, in _execute
    return self.cursor.execute(sql, params)
           ~~~~~~~~~~~~~~~~~~~^^^^^^^^^^^^^
  File "C:\Users\it.sm.UG-EMERGENCY\AppData\Local\Programs\Python\Python313\Lib\site-packages\django\db\backends\sqlite3\base.py", line 328, in execute
    return super().execute(query, params)
           ~~~~~~~~~~~~~~~^^^^^^^^^^^^^^^
django.db.utils.OperationalError: no such column: students_student.current_year_id
ERROR 2026-05-05 18:18:41,461 basehttp 41736 15676 "GET /students/ HTTP/1.1" 500 268799
ERROR 2026-05-05 18:22:55,639 log 41736 28020 Internal Server Error: /students/
Traceback (most recent call last):
  File "C:\Users\it.sm.UG-EMERGENCY\AppData\Local\Programs\Python\Python313\Lib\site-packages\django\db\backends\utils.py", line 89, in _execute
    return self.cursor.execute(sql, params)
           ~~~~~~~~~~~~~~~~~~~^^^^^^^^^^^^^
  File "C:\Users\it.sm.UG-EMERGENCY\AppData\Local\Programs\Python\Python313\Lib\site-packages\django\db\backends\sqlite3\base.py", line 328, in execute
    return super().execute(query, params)
           ~~~~~~~~~~~~~~~^^^^^^^^^^^^^^^
sqlite3.OperationalError: no such column: students_student.current_year_id

The above exception was the direct cause of the following exception:

Traceback (most recent call last):
  File "C:\Users\it.sm.UG-EMERGENCY\AppData\Local\Programs\Python\Python313\Lib\site-packages\django\core\handlers\exception.py", line 55, in inner
    response = get_response(request)
  File "C:\Users\it.sm.UG-EMERGENCY\AppData\Local\Programs\Python\Python313\Lib\site-packages\django\core\handlers\base.py", line 197, in _get_response
    response = wrapped_callback(request, *callback_args, **callback_kwargs)
  File "C:\Users\it.sm.UG-EMERGENCY\AppData\Local\Programs\Python\Python313\Lib\site-packages\django\contrib\auth\decorators.py", line 23, in _wrapper_view
    return view_func(request, *args, **kwargs)
  File "C:\Users\it.sm.UG-EMERGENCY\Desktop\uni\hospital_meal_system\ums\accounts\decorators.py", line 13, in wrapper
    return view_func(request, *args, **kwargs)
  File "C:\Users\it.sm.UG-EMERGENCY\Desktop\uni\hospital_meal_system\ums\students\views.py", line 28, in student_list
    return render(request, 'students/student_list.html', {
        'students': students,
        'statuses': Student.Status.choices,
    })
  File "C:\Users\it.sm.UG-EMERGENCY\AppData\Local\Programs\Python\Python313\Lib\site-packages\django\shortcuts.py", line 24, in render
    content = loader.render_to_string(template_name, context, request, using=using)
  File "C:\Users\it.sm.UG-EMERGENCY\AppData\Local\Programs\Python\Python313\Lib\site-packages\django\template\loader.py", line 62, in render_to_string
    return template.render(context, request)
           ~~~~~~~~~~~~~~~^^^^^^^^^^^^^^^^^^
  File "C:\Users\it.sm.UG-EMERGENCY\AppData\Local\Programs\Python\Python313\Lib\site-packages\django\template\backends\django.py", line 61, in render
    return self.template.render(context)
           ~~~~~~~~~~~~~~~~~~~~^^^^^^^^^
  File "C:\Users\it.sm.UG-EMERGENCY\AppData\Local\Programs\Python\Python313\Lib\site-packages\django\template\base.py", line 175, in render
    return self._render(context)
           ~~~~~~~~~~~~^^^^^^^^^
  File "C:\Users\it.sm.UG-EMERGENCY\AppData\Local\Programs\Python\Python313\Lib\site-packages\django\template\base.py", line 167, in _render
    return self.nodelist.render(context)
           ~~~~~~~~~~~~~~~~~~~~^^^^^^^^^
  File "C:\Users\it.sm.UG-EMERGENCY\AppData\Local\Programs\Python\Python313\Lib\site-packages\django\template\base.py", line 1005, in render
    return SafeString("".join([node.render_annotated(context) for node in self]))
                               ~~~~~~~~~~~~~~~~~~~~~^^^^^^^^^
  File "C:\Users\it.sm.UG-EMERGENCY\AppData\Local\Programs\Python\Python313\Lib\site-packages\django\template\base.py", line 966, in render_annotated
    return self.render(context)
           ~~~~~~~~~~~^^^^^^^^^
  File "C:\Users\it.sm.UG-EMERGENCY\AppData\Local\Programs\Python\Python313\Lib\site-packages\django\template\loader_tags.py", line 157, in render
    return compiled_parent._render(context)
           ~~~~~~~~~~~~~~~~~~~~~~~^^^^^^^^^
  File "C:\Users\it.sm.UG-EMERGENCY\AppData\Local\Programs\Python\Python313\Lib\site-packages\django\template\base.py", line 167, in _render
    return self.nodelist.render(context)
           ~~~~~~~~~~~~~~~~~~~~^^^^^^^^^
  File "C:\Users\it.sm.UG-EMERGENCY\AppData\Local\Programs\Python\Python313\Lib\site-packages\django\template\base.py", line 1005, in render
    return SafeString("".join([node.render_annotated(context) for node in self]))
                               ~~~~~~~~~~~~~~~~~~~~~^^^^^^^^^
  File "C:\Users\it.sm.UG-EMERGENCY\AppData\Local\Programs\Python\Python313\Lib\site-packages\django\template\base.py", line 966, in render_annotated
    return self.render(context)
           ~~~~~~~~~~~^^^^^^^^^
  File "C:\Users\it.sm.UG-EMERGENCY\AppData\Local\Programs\Python\Python313\Lib\site-packages\django\template\defaulttags.py", line 321, in render
    return nodelist.render(context)
           ~~~~~~~~~~~~~~~^^^^^^^^^
  File "C:\Users\it.sm.UG-EMERGENCY\AppData\Local\Programs\Python\Python313\Lib\site-packages\django\template\base.py", line 1005, in render
    return SafeString("".join([node.render_annotated(context) for node in self]))
                               ~~~~~~~~~~~~~~~~~~~~~^^^^^^^^^
  File "C:\Users\it.sm.UG-EMERGENCY\AppData\Local\Programs\Python\Python313\Lib\site-packages\django\template\base.py", line 966, in render_annotated
    return self.render(context)
           ~~~~~~~~~~~^^^^^^^^^
  File "C:\Users\it.sm.UG-EMERGENCY\AppData\Local\Programs\Python\Python313\Lib\site-packages\django\template\loader_tags.py", line 63, in render
    result = block.nodelist.render(context)
  File "C:\Users\it.sm.UG-EMERGENCY\AppData\Local\Programs\Python\Python313\Lib\site-packages\django\template\base.py", line 1005, in render
    return SafeString("".join([node.render_annotated(context) for node in self]))
                               ~~~~~~~~~~~~~~~~~~~~~^^^^^^^^^
  File "C:\Users\it.sm.UG-EMERGENCY\AppData\Local\Programs\Python\Python313\Lib\site-packages\django\template\base.py", line 966, in render_annotated
    return self.render(context)
           ~~~~~~~~~~~^^^^^^^^^
  File "C:\Users\it.sm.UG-EMERGENCY\AppData\Local\Programs\Python\Python313\Lib\site-packages\django\template\defaulttags.py", line 194, in render
    len_values = len(values)
  File "C:\Users\it.sm.UG-EMERGENCY\AppData\Local\Programs\Python\Python313\Lib\site-packages\django\db\models\query.py", line 382, in __len__
    self._fetch_all()
    ~~~~~~~~~~~~~~~^^
  File "C:\Users\it.sm.UG-EMERGENCY\AppData\Local\Programs\Python\Python313\Lib\site-packages\django\db\models\query.py", line 1886, in _fetch_all
    self._result_cache = list(self._iterable_class(self))
                         ~~~~^^^^^^^^^^^^^^^^^^^^^^^^^^^^
  File "C:\Users\it.sm.UG-EMERGENCY\AppData\Local\Programs\Python\Python313\Lib\site-packages\django\db\models\query.py", line 93, in __iter__
    results = compiler.execute_sql(
        chunked_fetch=self.chunked_fetch, chunk_size=self.chunk_size
    )
  File "C:\Users\it.sm.UG-EMERGENCY\AppData\Local\Programs\Python\Python313\Lib\site-packages\django\db\models\sql\compiler.py", line 1562, in execute_sql
    cursor.execute(sql, params)
    ~~~~~~~~~~~~~~^^^^^^^^^^^^^
  File "C:\Users\it.sm.UG-EMERGENCY\AppData\Local\Programs\Python\Python313\Lib\site-packages\django\db\backends\utils.py", line 102, in execute
    return super().execute(sql, params)
           ~~~~~~~~~~~~~~~^^^^^^^^^^^^^
  File "C:\Users\it.sm.UG-EMERGENCY\AppData\Local\Programs\Python\Python313\Lib\site-packages\django\db\backends\utils.py", line 67, in execute
    return self._execute_with_wrappers(
           ~~~~~~~~~~~~~~~~~~~~~~~~~~~^
        sql, params, many=False, executor=self._execute
        ^^^^^^^^^^^^^^^^^^^^^^^^^^^^^^^^^^^^^^^^^^^^^^^
    )
    ^
  File "C:\Users\it.sm.UG-EMERGENCY\AppData\Local\Programs\Python\Python313\Lib\site-packages\django\db\backends\utils.py", line 80, in _execute_with_wrappers
    return executor(sql, params, many, context)
  File "C:\Users\it.sm.UG-EMERGENCY\AppData\Local\Programs\Python\Python313\Lib\site-packages\django\db\backends\utils.py", line 84, in _execute
    with self.db.wrap_database_errors:
         ^^^^^^^^^^^^^^^^^^^^^^^^^^^^
  File "C:\Users\it.sm.UG-EMERGENCY\AppData\Local\Programs\Python\Python313\Lib\site-packages\django\db\utils.py", line 91, in __exit__
    raise dj_exc_value.with_traceback(traceback) from exc_value
  File "C:\Users\it.sm.UG-EMERGENCY\AppData\Local\Programs\Python\Python313\Lib\site-packages\django\db\backends\utils.py", line 89, in _execute
    return self.cursor.execute(sql, params)
           ~~~~~~~~~~~~~~~~~~~^^^^^^^^^^^^^
  File "C:\Users\it.sm.UG-EMERGENCY\AppData\Local\Programs\Python\Python313\Lib\site-packages\django\db\backends\sqlite3\base.py", line 328, in execute
    return super().execute(query, params)
           ~~~~~~~~~~~~~~~^^^^^^^^^^^^^^^
django.db.utils.OperationalError: no such column: students_student.current_year_id
ERROR 2026-05-05 18:22:55,684 basehttp 41736 28020 "GET /students/ HTTP/1.1" 500 268799
ERROR 2026-05-05 18:26:56,910 log 29092 42936 Internal Server Error: /students/
Traceback (most recent call last):
  File "C:\Users\it.sm.UG-EMERGENCY\AppData\Local\Programs\Python\Python313\Lib\site-packages\django\db\backends\utils.py", line 89, in _execute
    return self.cursor.execute(sql, params)
           ~~~~~~~~~~~~~~~~~~~^^^^^^^^^^^^^
  File "C:\Users\it.sm.UG-EMERGENCY\AppData\Local\Programs\Python\Python313\Lib\site-packages\django\db\backends\sqlite3\base.py", line 328, in execute
    return super().execute(query, params)
           ~~~~~~~~~~~~~~~^^^^^^^^^^^^^^^
sqlite3.OperationalError: no such column: students_student.current_year_id

The above exception was the direct cause of the following exception:

Traceback (most recent call last):
  File "C:\Users\it.sm.UG-EMERGENCY\AppData\Local\Programs\Python\Python313\Lib\site-packages\django\core\handlers\exception.py", line 55, in inner
    response = get_response(request)
  File "C:\Users\it.sm.UG-EMERGENCY\AppData\Local\Programs\Python\Python313\Lib\site-packages\django\core\handlers\base.py", line 197, in _get_response
    response = wrapped_callback(request, *callback_args, **callback_kwargs)
  File "C:\Users\it.sm.UG-EMERGENCY\AppData\Local\Programs\Python\Python313\Lib\site-packages\django\contrib\auth\decorators.py", line 23, in _wrapper_view
    return view_func(request, *args, **kwargs)
  File "C:\Users\it.sm.UG-EMERGENCY\Desktop\uni\hospital_meal_system\ums\accounts\decorators.py", line 13, in wrapper
    return view_func(request, *args, **kwargs)
  File "C:\Users\it.sm.UG-EMERGENCY\Desktop\uni\hospital_meal_system\ums\students\views.py", line 28, in student_list
    return render(request, 'students/student_list.html', {
        'students': students,
        'statuses': Student.Status.choices,
    })
  File "C:\Users\it.sm.UG-EMERGENCY\AppData\Local\Programs\Python\Python313\Lib\site-packages\django\shortcuts.py", line 24, in render
    content = loader.render_to_string(template_name, context, request, using=using)
  File "C:\Users\it.sm.UG-EMERGENCY\AppData\Local\Programs\Python\Python313\Lib\site-packages\django\template\loader.py", line 62, in render_to_string
    return template.render(context, request)
           ~~~~~~~~~~~~~~~^^^^^^^^^^^^^^^^^^
  File "C:\Users\it.sm.UG-EMERGENCY\AppData\Local\Programs\Python\Python313\Lib\site-packages\django\template\backends\django.py", line 61, in render
    return self.template.render(context)
           ~~~~~~~~~~~~~~~~~~~~^^^^^^^^^
  File "C:\Users\it.sm.UG-EMERGENCY\AppData\Local\Programs\Python\Python313\Lib\site-packages\django\template\base.py", line 175, in render
    return self._render(context)
           ~~~~~~~~~~~~^^^^^^^^^
  File "C:\Users\it.sm.UG-EMERGENCY\AppData\Local\Programs\Python\Python313\Lib\site-packages\django\template\base.py", line 167, in _render
    return self.nodelist.render(context)
           ~~~~~~~~~~~~~~~~~~~~^^^^^^^^^
  File "C:\Users\it.sm.UG-EMERGENCY\AppData\Local\Programs\Python\Python313\Lib\site-packages\django\template\base.py", line 1005, in render
    return SafeString("".join([node.render_annotated(context) for node in self]))
                               ~~~~~~~~~~~~~~~~~~~~~^^^^^^^^^
  File "C:\Users\it.sm.UG-EMERGENCY\AppData\Local\Programs\Python\Python313\Lib\site-packages\django\template\base.py", line 966, in render_annotated
    return self.render(context)
           ~~~~~~~~~~~^^^^^^^^^
  File "C:\Users\it.sm.UG-EMERGENCY\AppData\Local\Programs\Python\Python313\Lib\site-packages\django\template\loader_tags.py", line 157, in render
    return compiled_parent._render(context)
           ~~~~~~~~~~~~~~~~~~~~~~~^^^^^^^^^
  File "C:\Users\it.sm.UG-EMERGENCY\AppData\Local\Programs\Python\Python313\Lib\site-packages\django\template\base.py", line 167, in _render
    return self.nodelist.render(context)
           ~~~~~~~~~~~~~~~~~~~~^^^^^^^^^
  File "C:\Users\it.sm.UG-EMERGENCY\AppData\Local\Programs\Python\Python313\Lib\site-packages\django\template\base.py", line 1005, in render
    return SafeString("".join([node.render_annotated(context) for node in self]))
                               ~~~~~~~~~~~~~~~~~~~~~^^^^^^^^^
  File "C:\Users\it.sm.UG-EMERGENCY\AppData\Local\Programs\Python\Python313\Lib\site-packages\django\template\base.py", line 966, in render_annotated
    return self.render(context)
           ~~~~~~~~~~~^^^^^^^^^
  File "C:\Users\it.sm.UG-EMERGENCY\AppData\Local\Programs\Python\Python313\Lib\site-packages\django\template\defaulttags.py", line 321, in render
    return nodelist.render(context)
           ~~~~~~~~~~~~~~~^^^^^^^^^
  File "C:\Users\it.sm.UG-EMERGENCY\AppData\Local\Programs\Python\Python313\Lib\site-packages\django\template\base.py", line 1005, in render
    return SafeString("".join([node.render_annotated(context) for node in self]))
                               ~~~~~~~~~~~~~~~~~~~~~^^^^^^^^^
  File "C:\Users\it.sm.UG-EMERGENCY\AppData\Local\Programs\Python\Python313\Lib\site-packages\django\template\base.py", line 966, in render_annotated
    return self.render(context)
           ~~~~~~~~~~~^^^^^^^^^
  File "C:\Users\it.sm.UG-EMERGENCY\AppData\Local\Programs\Python\Python313\Lib\site-packages\django\template\loader_tags.py", line 63, in render
    result = block.nodelist.render(context)
  File "C:\Users\it.sm.UG-EMERGENCY\AppData\Local\Programs\Python\Python313\Lib\site-packages\django\template\base.py", line 1005, in render
    return SafeString("".join([node.render_annotated(context) for node in self]))
                               ~~~~~~~~~~~~~~~~~~~~~^^^^^^^^^
  File "C:\Users\it.sm.UG-EMERGENCY\AppData\Local\Programs\Python\Python313\Lib\site-packages\django\template\base.py", line 966, in render_annotated
    return self.render(context)
           ~~~~~~~~~~~^^^^^^^^^
  File "C:\Users\it.sm.UG-EMERGENCY\AppData\Local\Programs\Python\Python313\Lib\site-packages\django\template\defaulttags.py", line 194, in render
    len_values = len(values)
  File "C:\Users\it.sm.UG-EMERGENCY\AppData\Local\Programs\Python\Python313\Lib\site-packages\django\db\models\query.py", line 382, in __len__
    self._fetch_all()
    ~~~~~~~~~~~~~~~^^
  File "C:\Users\it.sm.UG-EMERGENCY\AppData\Local\Programs\Python\Python313\Lib\site-packages\django\db\models\query.py", line 1886, in _fetch_all
    self._result_cache = list(self._iterable_class(self))
                         ~~~~^^^^^^^^^^^^^^^^^^^^^^^^^^^^
  File "C:\Users\it.sm.UG-EMERGENCY\AppData\Local\Programs\Python\Python313\Lib\site-packages\django\db\models\query.py", line 93, in __iter__
    results = compiler.execute_sql(
        chunked_fetch=self.chunked_fetch, chunk_size=self.chunk_size
    )
  File "C:\Users\it.sm.UG-EMERGENCY\AppData\Local\Programs\Python\Python313\Lib\site-packages\django\db\models\sql\compiler.py", line 1562, in execute_sql
    cursor.execute(sql, params)
    ~~~~~~~~~~~~~~^^^^^^^^^^^^^
  File "C:\Users\it.sm.UG-EMERGENCY\AppData\Local\Programs\Python\Python313\Lib\site-packages\django\db\backends\utils.py", line 102, in execute
    return super().execute(sql, params)
           ~~~~~~~~~~~~~~~^^^^^^^^^^^^^
  File "C:\Users\it.sm.UG-EMERGENCY\AppData\Local\Programs\Python\Python313\Lib\site-packages\django\db\backends\utils.py", line 67, in execute
    return self._execute_with_wrappers(
           ~~~~~~~~~~~~~~~~~~~~~~~~~~~^
        sql, params, many=False, executor=self._execute
        ^^^^^^^^^^^^^^^^^^^^^^^^^^^^^^^^^^^^^^^^^^^^^^^
    )
    ^
  File "C:\Users\it.sm.UG-EMERGENCY\AppData\Local\Programs\Python\Python313\Lib\site-packages\django\db\backends\utils.py", line 80, in _execute_with_wrappers
    return executor(sql, params, many, context)
  File "C:\Users\it.sm.UG-EMERGENCY\AppData\Local\Programs\Python\Python313\Lib\site-packages\django\db\backends\utils.py", line 84, in _execute
    with self.db.wrap_database_errors:
         ^^^^^^^^^^^^^^^^^^^^^^^^^^^^
  File "C:\Users\it.sm.UG-EMERGENCY\AppData\Local\Programs\Python\Python313\Lib\site-packages\django\db\utils.py", line 91, in __exit__
    raise dj_exc_value.with_traceback(traceback) from exc_value
  File "C:\Users\it.sm.UG-EMERGENCY\AppData\Local\Programs\Python\Python313\Lib\site-packages\django\db\backends\utils.py", line 89, in _execute
    return self.cursor.execute(sql, params)
           ~~~~~~~~~~~~~~~~~~~^^^^^^^^^^^^^
  File "C:\Users\it.sm.UG-EMERGENCY\AppData\Local\Programs\Python\Python313\Lib\site-packages\django\db\backends\sqlite3\base.py", line 328, in execute
    return super().execute(query, params)
           ~~~~~~~~~~~~~~~^^^^^^^^^^^^^^^
django.db.utils.OperationalError: no such column: students_student.current_year_id
ERROR 2026-05-05 18:26:56,949 basehttp 29092 42936 "GET /students/ HTTP/1.1" 500 268799
WARNING 2026-05-05 19:22:38,481 basehttp 30304 5720 "GET /static/admin/login.css HTTP/1.1" 404 1908
WARNING 2026-05-05 19:23:15,874 log 30304 26684 Forbidden (CSRF token from POST incorrect.): /admin/login/
WARNING 2026-05-05 19:23:15,886 basehttp 30304 26684 "POST /admin/login/?next=/admin/academics/ HTTP/1.1" 403 2518
WARNING 2026-05-05 19:28:00,233 log 30304 864 Not Found: /dashboard/
WARNING 2026-05-05 19:28:00,234 basehttp 30304 864 "GET /dashboard/ HTTP/1.1" 404 5426
WARNING 2026-05-05 20:24:43,878 log 33604 18204 Not Found: /accounts/quick-create/new_admission/
WARNING 2026-05-05 20:24:43,918 basehttp 33604 18204 "GET /accounts/quick-create/new_admission/ HTTP/1.1" 404 5704
WARNING 2026-05-05 20:24:49,788 log 33604 18204 Not Found: /accounts/quick-create/add_user/
WARNING 2026-05-05 20:24:49,793 basehttp 33604 18204 "GET /accounts/quick-create/add_user/ HTTP/1.1" 404 5689
WARNING 2026-05-05 20:24:55,323 log 33604 18204 Not Found: /accounts/quick-create/allocate_room/
WARNING 2026-05-05 20:24:55,325 basehttp 33604 18204 "GET /accounts/quick-create/allocate_room/ HTTP/1.1" 404 5704
WARNING 2026-05-05 20:26:53,238 log 11596 19052 Not Found: /favicon.ico
WARNING 2026-05-05 20:26:53,263 basehttp 11596 19052 "GET /favicon.ico HTTP/1.1" 404 5629
WARNING 2026-05-05 20:27:18,173 log 11596 19052 Not Found: /accounts/quick-create/add_maintenance/
WARNING 2026-05-05 20:27:18,175 basehttp 11596 19052 "GET /accounts/quick-create/add_maintenance/ HTTP/1.1" 404 5710
WARNING 2026-05-05 20:27:23,135 log 11596 19052 Not Found: /accounts/quick-create/register_course/
WARNING 2026-05-05 20:27:23,138 basehttp 11596 19052 "GET /accounts/quick-create/register_course/ HTTP/1.1" 404 5710
WARNING 2026-05-05 22:31:06,628 log 11596 41548 Not Found: /accounts/quick-create/allocate_room/
WARNING 2026-05-05 22:31:06,636 basehttp 11596 41548 "GET /accounts/quick-create/allocate_room/ HTTP/1.1" 404 5704
WARNING 2026-05-05 22:33:50,727 log 11596 30448 Forbidden (Permission denied): /finance/fee-structure/
Traceback (most recent call last):
  File "C:\Users\it.sm.UG-EMERGENCY\AppData\Local\Programs\Python\Python313\Lib\site-packages\django\core\handlers\exception.py", line 55, in inner
    response = get_response(request)
  File "C:\Users\it.sm.UG-EMERGENCY\AppData\Local\Programs\Python\Python313\Lib\site-packages\django\core\handlers\base.py", line 197, in _get_response
    response = wrapped_callback(request, *callback_args, **callback_kwargs)
  File "C:\Users\it.sm.UG-EMERGENCY\AppData\Local\Programs\Python\Python313\Lib\site-packages\django\contrib\auth\decorators.py", line 23, in _wrapper_view
    return view_func(request, *args, **kwargs)
  File "C:\Users\it.sm.UG-EMERGENCY\Desktop\uni\hospital_meal_system\ums\accounts\decorators.py", line 17, in wrapper
    raise PermissionDenied
django.core.exceptions.PermissionDenied
WARNING 2026-05-05 22:33:50,784 basehttp 11596 30448 "GET /finance/fee-structure/ HTTP/1.1" 403 135
WARNING 2026-05-05 22:56:05,123 log 11596 30448 Not Found: /accounts/quick-create/allocate_room/
WARNING 2026-05-05 22:56:05,135 basehttp 11596 30448 "GET /accounts/quick-create/allocate_room/ HTTP/1.1" 404 5704
WARNING 2026-05-05 23:11:46,223 log 11596 21032 Not Found: /accounts/quick-create/allocate_room/
WARNING 2026-05-05 23:11:46,233 basehttp 11596 21032 "GET /accounts/quick-create/allocate_room/ HTTP/1.1" 404 5704
WARNING 2026-05-05 23:11:51,163 log 11596 21032 Not Found: /accounts/quick-create/add_maintenance/
WARNING 2026-05-05 23:11:51,165 basehttp 11596 21032 "GET /accounts/quick-create/add_maintenance/ HTTP/1.1" 404 5710
WARNING 2026-05-05 23:12:41,293 log 11596 21032 Not Found: /accounts/quick-create/allocate_room/
WARNING 2026-05-05 23:12:41,297 basehttp 11596 21032 "GET /accounts/quick-create/allocate_room/ HTTP/1.1" 404 5704
WARNING 2026-05-06 08:31:51,142 log 26984 6912 Not Found: /favicon.ico
WARNING 2026-05-06 08:31:51,146 basehttp 26984 6912 "GET /favicon.ico HTTP/1.1" 404 5629
WARNING 2026-05-06 10:26:19,216 log 19392 39084 Forbidden (Permission denied): /library/books/
Traceback (most recent call last):
  File "C:\Users\it.sm.UG-EMERGENCY\AppData\Local\Programs\Python\Python313\Lib\site-packages\django\core\handlers\exception.py", line 55, in inner
    response = get_response(request)
  File "C:\Users\it.sm.UG-EMERGENCY\AppData\Local\Programs\Python\Python313\Lib\site-packages\django\core\handlers\base.py", line 197, in _get_response
    response = wrapped_callback(request, *callback_args, **callback_kwargs)
  File "C:\Users\it.sm.UG-EMERGENCY\AppData\Local\Programs\Python\Python313\Lib\site-packages\django\contrib\auth\decorators.py", line 23, in _wrapper_view
    return view_func(request, *args, **kwargs)
  File "C:\Users\it.sm.UG-EMERGENCY\Desktop\uni\hospital_meal_system\ums\accounts\decorators.py", line 17, in wrapper
    raise PermissionDenied
django.core.exceptions.PermissionDenied
WARNING 2026-05-06 10:26:19,231 basehttp 19392 39084 "GET /library/books/ HTTP/1.1" 403 135
WARNING 2026-05-06 10:26:20,539 log 19392 39084 Forbidden (Permission denied): /library/books/
Traceback (most recent call last):
  File "C:\Users\it.sm.UG-EMERGENCY\AppData\Local\Programs\Python\Python313\Lib\site-packages\django\core\handlers\exception.py", line 55, in inner
    response = get_response(request)
  File "C:\Users\it.sm.UG-EMERGENCY\AppData\Local\Programs\Python\Python313\Lib\site-packages\django\core\handlers\base.py", line 197, in _get_response
    response = wrapped_callback(request, *callback_args, **callback_kwargs)
  File "C:\Users\it.sm.UG-EMERGENCY\AppData\Local\Programs\Python\Python313\Lib\site-packages\django\contrib\auth\decorators.py", line 23, in _wrapper_view
    return view_func(request, *args, **kwargs)
  File "C:\Users\it.sm.UG-EMERGENCY\Desktop\uni\hospital_meal_system\ums\accounts\decorators.py", line 17, in wrapper
    raise PermissionDenied
django.core.exceptions.PermissionDenied
WARNING 2026-05-06 10:26:20,543 basehttp 19392 39084 "GET /library/books/ HTTP/1.1" 403 135
ERROR 2026-05-06 10:31:47,825 log 23004 14320 Internal Server Error: /finance/invoices/
Traceback (most recent call last):
  File "C:\Users\it.sm.UG-EMERGENCY\AppData\Local\Programs\Python\Python313\Lib\site-packages\django\core\handlers\exception.py", line 55, in inner
    response = get_response(request)
  File "C:\Users\it.sm.UG-EMERGENCY\AppData\Local\Programs\Python\Python313\Lib\site-packages\django\core\handlers\base.py", line 197, in _get_response
    response = wrapped_callback(request, *callback_args, **callback_kwargs)
  File "C:\Users\it.sm.UG-EMERGENCY\AppData\Local\Programs\Python\Python313\Lib\site-packages\django\contrib\auth\decorators.py", line 23, in _wrapper_view
    return view_func(request, *args, **kwargs)
  File "C:\Users\it.sm.UG-EMERGENCY\Desktop\uni\hospital_meal_system\ums\accounts\decorators.py", line 15, in wrapper
    return view_func(request, *args, **kwargs)
  File "C:\Users\it.sm.UG-EMERGENCY\Desktop\uni\hospital_meal_system\ums\finance\views.py", line 93, in invoice_list
    return render(request, 'finance/invoice_list.html', {
        'invoices': invoices,
    ...<6 lines>...
        'total_balance': total_balance,
    })
  File "C:\Users\it.sm.UG-EMERGENCY\AppData\Local\Programs\Python\Python313\Lib\site-packages\django\shortcuts.py", line 24, in render
    content = loader.render_to_string(template_name, context, request, using=using)
  File "C:\Users\it.sm.UG-EMERGENCY\AppData\Local\Programs\Python\Python313\Lib\site-packages\django\template\loader.py", line 62, in render_to_string
    return template.render(context, request)
           ~~~~~~~~~~~~~~~^^^^^^^^^^^^^^^^^^
  File "C:\Users\it.sm.UG-EMERGENCY\AppData\Local\Programs\Python\Python313\Lib\site-packages\django\template\backends\django.py", line 61, in render
    return self.template.render(context)
           ~~~~~~~~~~~~~~~~~~~~^^^^^^^^^
  File "C:\Users\it.sm.UG-EMERGENCY\AppData\Local\Programs\Python\Python313\Lib\site-packages\django\template\base.py", line 175, in render
    return self._render(context)
           ~~~~~~~~~~~~^^^^^^^^^
  File "C:\Users\it.sm.UG-EMERGENCY\AppData\Local\Programs\Python\Python313\Lib\site-packages\django\template\base.py", line 167, in _render
    return self.nodelist.render(context)
           ~~~~~~~~~~~~~~~~~~~~^^^^^^^^^
  File "C:\Users\it.sm.UG-EMERGENCY\AppData\Local\Programs\Python\Python313\Lib\site-packages\django\template\base.py", line 1005, in render
    return SafeString("".join([node.render_annotated(context) for node in self]))
                               ~~~~~~~~~~~~~~~~~~~~~^^^^^^^^^
  File "C:\Users\it.sm.UG-EMERGENCY\AppData\Local\Programs\Python\Python313\Lib\site-packages\django\template\base.py", line 966, in render_annotated
    return self.render(context)
           ~~~~~~~~~~~^^^^^^^^^
  File "C:\Users\it.sm.UG-EMERGENCY\AppData\Local\Programs\Python\Python313\Lib\site-packages\django\template\loader_tags.py", line 157, in render
    return compiled_parent._render(context)
           ~~~~~~~~~~~~~~~~~~~~~~~^^^^^^^^^
  File "C:\Users\it.sm.UG-EMERGENCY\AppData\Local\Programs\Python\Python313\Lib\site-packages\django\template\base.py", line 167, in _render
    return self.nodelist.render(context)
           ~~~~~~~~~~~~~~~~~~~~^^^^^^^^^
  File "C:\Users\it.sm.UG-EMERGENCY\AppData\Local\Programs\Python\Python313\Lib\site-packages\django\template\base.py", line 1005, in render
    return SafeString("".join([node.render_annotated(context) for node in self]))
                               ~~~~~~~~~~~~~~~~~~~~~^^^^^^^^^
  File "C:\Users\it.sm.UG-EMERGENCY\AppData\Local\Programs\Python\Python313\Lib\site-packages\django\template\base.py", line 966, in render_annotated
    return self.render(context)
           ~~~~~~~~~~~^^^^^^^^^
  File "C:\Users\it.sm.UG-EMERGENCY\AppData\Local\Programs\Python\Python313\Lib\site-packages\django\template\defaulttags.py", line 321, in render
    return nodelist.render(context)
           ~~~~~~~~~~~~~~~^^^^^^^^^
  File "C:\Users\it.sm.UG-EMERGENCY\AppData\Local\Programs\Python\Python313\Lib\site-packages\django\template\base.py", line 1005, in render
    return SafeString("".join([node.render_annotated(context) for node in self]))
                               ~~~~~~~~~~~~~~~~~~~~~^^^^^^^^^
  File "C:\Users\it.sm.UG-EMERGENCY\AppData\Local\Programs\Python\Python313\Lib\site-packages\django\template\base.py", line 966, in render_annotated
    return self.render(context)
           ~~~~~~~~~~~^^^^^^^^^
  File "C:\Users\it.sm.UG-EMERGENCY\AppData\Local\Programs\Python\Python313\Lib\site-packages\django\template\defaulttags.py", line 238, in render
    nodelist.append(node.render_annotated(context))
                    ~~~~~~~~~~~~~~~~~~~~~^^^^^^^^^
  File "C:\Users\it.sm.UG-EMERGENCY\AppData\Local\Programs\Python\Python313\Lib\site-packages\django\template\base.py", line 966, in render_annotated
    return self.render(context)
           ~~~~~~~~~~~^^^^^^^^^
  File "C:\Users\it.sm.UG-EMERGENCY\AppData\Local\Programs\Python\Python313\Lib\site-packages\django\template\defaulttags.py", line 471, in render
    url = reverse(view_name, args=args, kwargs=kwargs, current_app=current_app)
  File "C:\Users\it.sm.UG-EMERGENCY\AppData\Local\Programs\Python\Python313\Lib\site-packages\django\urls\base.py", line 88, in reverse
    return resolver._reverse_with_prefix(view, prefix, *args, **kwargs)
           ~~~~~~~~~~~~~~~~~~~~~~~~~~~~~^^^^^^^^^^^^^^^^^^^^^^^^^^^^^^^
  File "C:\Users\it.sm.UG-EMERGENCY\AppData\Local\Programs\Python\Python313\Lib\site-packages\django\urls\resolvers.py", line 828, in _reverse_with_prefix
    raise NoReverseMatch(msg)
django.urls.exceptions.NoReverseMatch: Reverse for 'students' not found. 'students' is not a valid view function or pattern name.
ERROR 2026-05-06 10:31:47,834 basehttp 23004 14320 "GET /finance/invoices/ HTTP/1.1" 500 199505
ERROR 2026-05-06 10:34:50,827 log 29820 23236 Internal Server Error: /finance/students/
Traceback (most recent call last):
  File "C:\Users\it.sm.UG-EMERGENCY\AppData\Local\Programs\Python\Python313\Lib\site-packages\django\core\handlers\exception.py", line 55, in inner
    response = get_response(request)
  File "C:\Users\it.sm.UG-EMERGENCY\AppData\Local\Programs\Python\Python313\Lib\site-packages\django\core\handlers\base.py", line 197, in _get_response
    response = wrapped_callback(request, *callback_args, **callback_kwargs)
  File "C:\Users\it.sm.UG-EMERGENCY\AppData\Local\Programs\Python\Python313\Lib\site-packages\django\contrib\auth\decorators.py", line 23, in _wrapper_view
    return view_func(request, *args, **kwargs)
  File "C:\Users\it.sm.UG-EMERGENCY\Desktop\uni\hospital_meal_system\ums\accounts\decorators.py", line 15, in wrapper
    return view_func(request, *args, **kwargs)
  File "C:\Users\it.sm.UG-EMERGENCY\Desktop\uni\hospital_meal_system\ums\finance\views.py", line 25, in finance_students
    return render(request, 'finance/finance_students.html', {
        'students': students,
    })
  File "C:\Users\it.sm.UG-EMERGENCY\AppData\Local\Programs\Python\Python313\Lib\site-packages\django\shortcuts.py", line 24, in render
    content = loader.render_to_string(template_name, context, request, using=using)
  File "C:\Users\it.sm.UG-EMERGENCY\AppData\Local\Programs\Python\Python313\Lib\site-packages\django\template\loader.py", line 61, in render_to_string
    template = get_template(template_name, using=using)
  File "C:\Users\it.sm.UG-EMERGENCY\AppData\Local\Programs\Python\Python313\Lib\site-packages\django\template\loader.py", line 15, in get_template
    return engine.get_template(template_name)
           ~~~~~~~~~~~~~~~~~~~^^^^^^^^^^^^^^^
  File "C:\Users\it.sm.UG-EMERGENCY\AppData\Local\Programs\Python\Python313\Lib\site-packages\django\template\backends\django.py", line 33, in get_template
    return Template(self.engine.get_template(template_name), self)
                    ~~~~~~~~~~~~~~~~~~~~~~~~^^^^^^^^^^^^^^^
  File "C:\Users\it.sm.UG-EMERGENCY\AppData\Local\Programs\Python\Python313\Lib\site-packages\django\template\engine.py", line 175, in get_template
    template, origin = self.find_template(template_name)
                       ~~~~~~~~~~~~~~~~~~^^^^^^^^^^^^^^^
  File "C:\Users\it.sm.UG-EMERGENCY\AppData\Local\Programs\Python\Python313\Lib\site-packages\django\template\engine.py", line 157, in find_template
    template = loader.get_template(name, skip=skip)
  File "C:\Users\it.sm.UG-EMERGENCY\AppData\Local\Programs\Python\Python313\Lib\site-packages\django\template\loaders\cached.py", line 57, in get_template
    template = super().get_template(template_name, skip)
  File "C:\Users\it.sm.UG-EMERGENCY\AppData\Local\Programs\Python\Python313\Lib\site-packages\django\template\loaders\base.py", line 28, in get_template
    return Template(
        contents,
    ...<2 lines>...
        self.engine,
    )
  File "C:\Users\it.sm.UG-EMERGENCY\AppData\Local\Programs\Python\Python313\Lib\site-packages\django\template\base.py", line 154, in __init__
    self.nodelist = self.compile_nodelist()
                    ~~~~~~~~~~~~~~~~~~~~~^^
  File "C:\Users\it.sm.UG-EMERGENCY\AppData\Local\Programs\Python\Python313\Lib\site-packages\django\template\base.py", line 200, in compile_nodelist
    return parser.parse()
           ~~~~~~~~~~~~^^
  File "C:\Users\it.sm.UG-EMERGENCY\AppData\Local\Programs\Python\Python313\Lib\site-packages\django\template\base.py", line 513, in parse
    raise self.error(token, e)
  File "C:\Users\it.sm.UG-EMERGENCY\AppData\Local\Programs\Python\Python313\Lib\site-packages\django\template\base.py", line 511, in parse
    compiled_result = compile_func(self, token)
  File "C:\Users\it.sm.UG-EMERGENCY\AppData\Local\Programs\Python\Python313\Lib\site-packages\django\template\loader_tags.py", line 293, in do_extends
    nodelist = parser.parse()
  File "C:\Users\it.sm.UG-EMERGENCY\AppData\Local\Programs\Python\Python313\Lib\site-packages\django\template\base.py", line 513, in parse
    raise self.error(token, e)
  File "C:\Users\it.sm.UG-EMERGENCY\AppData\Local\Programs\Python\Python313\Lib\site-packages\django\template\base.py", line 511, in parse
    compiled_result = compile_func(self, token)
  File "C:\Users\it.sm.UG-EMERGENCY\AppData\Local\Programs\Python\Python313\Lib\site-packages\django\template\loader_tags.py", line 232, in do_block
    nodelist = parser.parse(("endblock",))
  File "C:\Users\it.sm.UG-EMERGENCY\AppData\Local\Programs\Python\Python313\Lib\site-packages\django\template\base.py", line 513, in parse
    raise self.error(token, e)
  File "C:\Users\it.sm.UG-EMERGENCY\AppData\Local\Programs\Python\Python313\Lib\site-packages\django\template\base.py", line 511, in parse
    compiled_result = compile_func(self, token)
  File "C:\Users\it.sm.UG-EMERGENCY\AppData\Local\Programs\Python\Python313\Lib\site-packages\django\template\defaulttags.py", line 853, in do_for
    nodelist_loop = parser.parse(
        (
    ...<2 lines>...
        )
    )
  File "C:\Users\it.sm.UG-EMERGENCY\AppData\Local\Programs\Python\Python313\Lib\site-packages\django\template\base.py", line 513, in parse
    raise self.error(token, e)
  File "C:\Users\it.sm.UG-EMERGENCY\AppData\Local\Programs\Python\Python313\Lib\site-packages\django\template\base.py", line 511, in parse
    compiled_result = compile_func(self, token)
  File "C:\Users\it.sm.UG-EMERGENCY\AppData\Local\Programs\Python\Python313\Lib\site-packages\django\template\defaulttags.py", line 1482, in do_with
    extra_context = token_kwargs(remaining_bits, parser, support_legacy=True)
  File "C:\Users\it.sm.UG-EMERGENCY\AppData\Local\Programs\Python\Python313\Lib\site-packages\django\template\base.py", line 1116, in token_kwargs
    kwargs[key] = parser.compile_filter(value)
                  ~~~~~~~~~~~~~~~~~~~~~^^^^^^^
  File "C:\Users\it.sm.UG-EMERGENCY\AppData\Local\Programs\Python\Python313\Lib\site-packages\django\template\base.py", line 600, in compile_filter
    return FilterExpression(token, self)
  File "C:\Users\it.sm.UG-EMERGENCY\AppData\Local\Programs\Python\Python313\Lib\site-packages\django\template\base.py", line 698, in __init__
    filter_func = parser.find_filter(filter_name)
  File "C:\Users\it.sm.UG-EMERGENCY\AppData\Local\Programs\Python\Python313\Lib\site-packages\django\template\base.py", line 606, in find_filter
    raise TemplateSyntaxError("Invalid filter: '%s'" % filter_name)
django.template.exceptions.TemplateSyntaxError: Invalid filter: 'aggregate'
ERROR 2026-05-06 10:34:50,844 basehttp 29820 23236 "GET /finance/students/ HTTP/1.1" 500 290408
ERROR 2026-05-06 10:59:25,455 log 2828 28596 Internal Server Error: /finance/students/
Traceback (most recent call last):
  File "C:\Users\it.sm.UG-EMERGENCY\AppData\Local\Programs\Python\Python313\Lib\site-packages\django\core\handlers\exception.py", line 55, in inner
    response = get_response(request)
  File "C:\Users\it.sm.UG-EMERGENCY\AppData\Local\Programs\Python\Python313\Lib\site-packages\django\core\handlers\base.py", line 197, in _get_response
    response = wrapped_callback(request, *callback_args, **callback_kwargs)
  File "C:\Users\it.sm.UG-EMERGENCY\AppData\Local\Programs\Python\Python313\Lib\site-packages\django\contrib\auth\decorators.py", line 23, in _wrapper_view
    return view_func(request, *args, **kwargs)
  File "C:\Users\it.sm.UG-EMERGENCY\Desktop\uni\hospital_meal_system\ums\accounts\decorators.py", line 15, in wrapper
    return view_func(request, *args, **kwargs)
  File "C:\Users\it.sm.UG-EMERGENCY\Desktop\uni\hospital_meal_system\ums\finance\views.py", line 18, in finance_students
    ).annotate(
      ~~~~~~~~^
        total_billed=Sum('invoice__total_amount'),
        ^^^^^^^^^^^^^^^^^^^^^^^^^^^^^^^^^^^^^^^^^^
    ...<3 lines>...
        payment_count=Count('invoice__payment')
        ^^^^^^^^^^^^^^^^^^^^^^^^^^^^^^^^^^^^^^^
    ).order_by('student_id')
    ^
  File "C:\Users\it.sm.UG-EMERGENCY\AppData\Local\Programs\Python\Python313\Lib\site-packages\django\db\models\query.py", line 1595, in annotate
    return self._annotate(args, kwargs, select=True)
           ~~~~~~~~~~~~~~^^^^^^^^^^^^^^^^^^^^^^^^^^^
  File "C:\Users\it.sm.UG-EMERGENCY\AppData\Local\Programs\Python\Python313\Lib\site-packages\django\db\models\query.py", line 1643, in _annotate
    clone.query.add_annotation(
    ~~~~~~~~~~~~~~~~~~~~~~~~~~^
        annotation,
        ^^^^^^^^^^^
        alias,
        ^^^^^^
        select=select,
        ^^^^^^^^^^^^^^
    )
    ^
  File "C:\Users\it.sm.UG-EMERGENCY\AppData\Local\Programs\Python\Python313\Lib\site-packages\django\db\models\sql\query.py", line 1135, in add_annotation
    annotation = annotation.resolve_expression(self, allow_joins=True, reuse=None)
  File "C:\Users\it.sm.UG-EMERGENCY\AppData\Local\Programs\Python\Python313\Lib\site-packages\django\db\models\aggregates.py", line 64, in resolve_expression
    c = super().resolve_expression(query, allow_joins, reuse, summarize)
  File "C:\Users\it.sm.UG-EMERGENCY\AppData\Local\Programs\Python\Python313\Lib\site-packages\django\db\models\expressions.py", line 950, in resolve_expression
    c.source_expressions[pos] = arg.resolve_expression(
                                ~~~~~~~~~~~~~~~~~~~~~~^
        query, allow_joins, reuse, summarize, for_save
        ^^^^^^^^^^^^^^^^^^^^^^^^^^^^^^^^^^^^^^^^^^^^^^
    )
    ^
  File "C:\Users\it.sm.UG-EMERGENCY\AppData\Local\Programs\Python\Python313\Lib\site-packages\django\db\models\expressions.py", line 829, in resolve_expression
    return query.resolve_ref(self.name, allow_joins, reuse, summarize)
           ~~~~~~~~~~~~~~~~~^^^^^^^^^^^^^^^^^^^^^^^^^^^^^^^^^^^^^^^^^^
  File "C:\Users\it.sm.UG-EMERGENCY\AppData\Local\Programs\Python\Python313\Lib\site-packages\django\db\models\sql\query.py", line 1985, in resolve_ref
    join_info = self.setup_joins(
        field_list, self.get_meta(), self.get_initial_alias(), can_reuse=reuse
    )
  File "C:\Users\it.sm.UG-EMERGENCY\AppData\Local\Programs\Python\Python313\Lib\site-packages\django\db\models\sql\query.py", line 1832, in setup_joins
    path, final_field, targets, rest = self.names_to_path(
                                       ~~~~~~~~~~~~~~~~~~^
        names[:pivot],
        ^^^^^^^^^^^^^^
    ...<2 lines>...
        fail_on_missing=True,
        ^^^^^^^^^^^^^^^^^^^^^
    )
    ^
  File "C:\Users\it.sm.UG-EMERGENCY\AppData\Local\Programs\Python\Python313\Lib\site-packages\django\db\models\sql\query.py", line 1733, in names_to_path
    raise FieldError(
    ...<2 lines>...
    )
django.core.exceptions.FieldError: Cannot resolve keyword 'invoice' into field. Choices are: admission_date, attendances, blood_group, created_at, current_semester_number, current_semester_number_id, current_year, current_year_id, documents, enrollments, exam_scores, expected_graduation, guardian_email, guardian_name, guardian_phone, guardian_relationship, id, intake, intake_id, invoices, lga, medical_conditions, nationality, payments, programme, programme_id, results, room_allocations, scholarships, state_of_origin, status, student_id, updated_at, user, user_id, year_enrollments
ERROR 2026-05-06 10:59:25,463 basehttp 2828 28596 "GET /finance/students/ HTTP/1.1" 500 141312
ERROR 2026-05-06 11:00:39,788 log 29272 36696 Internal Server Error: /finance/students/
Traceback (most recent call last):
  File "C:\Users\it.sm.UG-EMERGENCY\AppData\Local\Programs\Python\Python313\Lib\site-packages\django\core\handlers\exception.py", line 55, in inner
    response = get_response(request)
  File "C:\Users\it.sm.UG-EMERGENCY\AppData\Local\Programs\Python\Python313\Lib\site-packages\django\core\handlers\base.py", line 197, in _get_response
    response = wrapped_callback(request, *callback_args, **callback_kwargs)
  File "C:\Users\it.sm.UG-EMERGENCY\AppData\Local\Programs\Python\Python313\Lib\site-packages\django\contrib\auth\decorators.py", line 23, in _wrapper_view
    return view_func(request, *args, **kwargs)
  File "C:\Users\it.sm.UG-EMERGENCY\Desktop\uni\hospital_meal_system\ums\accounts\decorators.py", line 15, in wrapper
    return view_func(request, *args, **kwargs)
  File "C:\Users\it.sm.UG-EMERGENCY\Desktop\uni\hospital_meal_system\ums\finance\views.py", line 18, in finance_students
    ).annotate(
      ~~~~~~~~^
        total_billed=Sum('invoices__total_amount'),
        ^^^^^^^^^^^^^^^^^^^^^^^^^^^^^^^^^^^^^^^^^^^
    ...<3 lines>...
        payment_count=Count('invoices__payment')
        ^^^^^^^^^^^^^^^^^^^^^^^^^^^^^^^^^^^^^^^^
    ).order_by('student_id')
    ^
  File "C:\Users\it.sm.UG-EMERGENCY\AppData\Local\Programs\Python\Python313\Lib\site-packages\django\db\models\query.py", line 1595, in annotate
    return self._annotate(args, kwargs, select=True)
           ~~~~~~~~~~~~~~^^^^^^^^^^^^^^^^^^^^^^^^^^^
  File "C:\Users\it.sm.UG-EMERGENCY\AppData\Local\Programs\Python\Python313\Lib\site-packages\django\db\models\query.py", line 1643, in _annotate
    clone.query.add_annotation(
    ~~~~~~~~~~~~~~~~~~~~~~~~~~^
        annotation,
        ^^^^^^^^^^^
        alias,
        ^^^^^^
        select=select,
        ^^^^^^^^^^^^^^
    )
    ^
  File "C:\Users\it.sm.UG-EMERGENCY\AppData\Local\Programs\Python\Python313\Lib\site-packages\django\db\models\sql\query.py", line 1135, in add_annotation
    annotation = annotation.resolve_expression(self, allow_joins=True, reuse=None)
  File "C:\Users\it.sm.UG-EMERGENCY\AppData\Local\Programs\Python\Python313\Lib\site-packages\django\db\models\aggregates.py", line 64, in resolve_expression
    c = super().resolve_expression(query, allow_joins, reuse, summarize)
  File "C:\Users\it.sm.UG-EMERGENCY\AppData\Local\Programs\Python\Python313\Lib\site-packages\django\db\models\expressions.py", line 950, in resolve_expression
    c.source_expressions[pos] = arg.resolve_expression(
                                ~~~~~~~~~~~~~~~~~~~~~~^
        query, allow_joins, reuse, summarize, for_save
        ^^^^^^^^^^^^^^^^^^^^^^^^^^^^^^^^^^^^^^^^^^^^^^
    )
    ^
  File "C:\Users\it.sm.UG-EMERGENCY\AppData\Local\Programs\Python\Python313\Lib\site-packages\django\db\models\expressions.py", line 829, in resolve_expression
    return query.resolve_ref(self.name, allow_joins, reuse, summarize)
           ~~~~~~~~~~~~~~~~~^^^^^^^^^^^^^^^^^^^^^^^^^^^^^^^^^^^^^^^^^^
  File "C:\Users\it.sm.UG-EMERGENCY\AppData\Local\Programs\Python\Python313\Lib\site-packages\django\db\models\sql\query.py", line 2001, in resolve_ref
    transform = join_info.transform_function(targets[0], final_alias)
  File "C:\Users\it.sm.UG-EMERGENCY\AppData\Local\Programs\Python\Python313\Lib\site-packages\django\db\models\sql\query.py", line 1855, in transform
    return self.try_transform(wrapped, name)
           ~~~~~~~~~~~~~~~~~~^^^^^^^^^^^^^^^
  File "C:\Users\it.sm.UG-EMERGENCY\AppData\Local\Programs\Python\Python313\Lib\site-packages\django\db\models\sql\query.py", line 1359, in try_transform
    raise FieldError(
    ...<2 lines>...
    )
django.core.exceptions.FieldError: Unsupported lookup 'payment' for BigAutoField or join on the field not permitted.
ERROR 2026-05-06 11:00:39,798 basehttp 29272 36696 "GET /finance/students/ HTTP/1.1" 500 138425
ERROR 2026-05-06 11:00:40,556 log 29272 36696 Internal Server Error: /finance/students/
Traceback (most recent call last):
  File "C:\Users\it.sm.UG-EMERGENCY\AppData\Local\Programs\Python\Python313\Lib\site-packages\django\core\handlers\exception.py", line 55, in inner
    response = get_response(request)
  File "C:\Users\it.sm.UG-EMERGENCY\AppData\Local\Programs\Python\Python313\Lib\site-packages\django\core\handlers\base.py", line 197, in _get_response
    response = wrapped_callback(request, *callback_args, **callback_kwargs)
  File "C:\Users\it.sm.UG-EMERGENCY\AppData\Local\Programs\Python\Python313\Lib\site-packages\django\contrib\auth\decorators.py", line 23, in _wrapper_view
    return view_func(request, *args, **kwargs)
  File "C:\Users\it.sm.UG-EMERGENCY\Desktop\uni\hospital_meal_system\ums\accounts\decorators.py", line 15, in wrapper
    return view_func(request, *args, **kwargs)
  File "C:\Users\it.sm.UG-EMERGENCY\Desktop\uni\hospital_meal_system\ums\finance\views.py", line 18, in finance_students
    ).annotate(
      ~~~~~~~~^
        total_billed=Sum('invoices__total_amount'),
        ^^^^^^^^^^^^^^^^^^^^^^^^^^^^^^^^^^^^^^^^^^^
    ...<3 lines>...
        payment_count=Count('invoices__payment')
        ^^^^^^^^^^^^^^^^^^^^^^^^^^^^^^^^^^^^^^^^
    ).order_by('student_id')
    ^
  File "C:\Users\it.sm.UG-EMERGENCY\AppData\Local\Programs\Python\Python313\Lib\site-packages\django\db\models\query.py", line 1595, in annotate
    return self._annotate(args, kwargs, select=True)
           ~~~~~~~~~~~~~~^^^^^^^^^^^^^^^^^^^^^^^^^^^
  File "C:\Users\it.sm.UG-EMERGENCY\AppData\Local\Programs\Python\Python313\Lib\site-packages\django\db\models\query.py", line 1643, in _annotate
    clone.query.add_annotation(
    ~~~~~~~~~~~~~~~~~~~~~~~~~~^
        annotation,
        ^^^^^^^^^^^
        alias,
        ^^^^^^
        select=select,
        ^^^^^^^^^^^^^^
    )
    ^
  File "C:\Users\it.sm.UG-EMERGENCY\AppData\Local\Programs\Python\Python313\Lib\site-packages\django\db\models\sql\query.py", line 1135, in add_annotation
    annotation = annotation.resolve_expression(self, allow_joins=True, reuse=None)
  File "C:\Users\it.sm.UG-EMERGENCY\AppData\Local\Programs\Python\Python313\Lib\site-packages\django\db\models\aggregates.py", line 64, in resolve_expression
    c = super().resolve_expression(query, allow_joins, reuse, summarize)
  File "C:\Users\it.sm.UG-EMERGENCY\AppData\Local\Programs\Python\Python313\Lib\site-packages\django\db\models\expressions.py", line 950, in resolve_expression
    c.source_expressions[pos] = arg.resolve_expression(
                                ~~~~~~~~~~~~~~~~~~~~~~^
        query, allow_joins, reuse, summarize, for_save
        ^^^^^^^^^^^^^^^^^^^^^^^^^^^^^^^^^^^^^^^^^^^^^^
    )
    ^
  File "C:\Users\it.sm.UG-EMERGENCY\AppData\Local\Programs\Python\Python313\Lib\site-packages\django\db\models\expressions.py", line 829, in resolve_expression
    return query.resolve_ref(self.name, allow_joins, reuse, summarize)
           ~~~~~~~~~~~~~~~~~^^^^^^^^^^^^^^^^^^^^^^^^^^^^^^^^^^^^^^^^^^
  File "C:\Users\it.sm.UG-EMERGENCY\AppData\Local\Programs\Python\Python313\Lib\site-packages\django\db\models\sql\query.py", line 2001, in resolve_ref
    transform = join_info.transform_function(targets[0], final_alias)
  File "C:\Users\it.sm.UG-EMERGENCY\AppData\Local\Programs\Python\Python313\Lib\site-packages\django\db\models\sql\query.py", line 1855, in transform
    return self.try_transform(wrapped, name)
           ~~~~~~~~~~~~~~~~~~^^^^^^^^^^^^^^^
  File "C:\Users\it.sm.UG-EMERGENCY\AppData\Local\Programs\Python\Python313\Lib\site-packages\django\db\models\sql\query.py", line 1359, in try_transform
    raise FieldError(
    ...<2 lines>...
    )
django.core.exceptions.FieldError: Unsupported lookup 'payment' for BigAutoField or join on the field not permitted.
ERROR 2026-05-06 11:00:40,558 basehttp 29272 36696 "GET /finance/students/ HTTP/1.1" 500 138425
ERROR 2026-05-06 11:00:43,244 log 29272 36696 Internal Server Error: /finance/students/
Traceback (most recent call last):
  File "C:\Users\it.sm.UG-EMERGENCY\AppData\Local\Programs\Python\Python313\Lib\site-packages\django\core\handlers\exception.py", line 55, in inner
    response = get_response(request)
  File "C:\Users\it.sm.UG-EMERGENCY\AppData\Local\Programs\Python\Python313\Lib\site-packages\django\core\handlers\base.py", line 197, in _get_response
    response = wrapped_callback(request, *callback_args, **callback_kwargs)
  File "C:\Users\it.sm.UG-EMERGENCY\AppData\Local\Programs\Python\Python313\Lib\site-packages\django\contrib\auth\decorators.py", line 23, in _wrapper_view
    return view_func(request, *args, **kwargs)
  File "C:\Users\it.sm.UG-EMERGENCY\Desktop\uni\hospital_meal_system\ums\accounts\decorators.py", line 15, in wrapper
    return view_func(request, *args, **kwargs)
  File "C:\Users\it.sm.UG-EMERGENCY\Desktop\uni\hospital_meal_system\ums\finance\views.py", line 18, in finance_students
    ).annotate(
      ~~~~~~~~^
        total_billed=Sum('invoices__total_amount'),
        ^^^^^^^^^^^^^^^^^^^^^^^^^^^^^^^^^^^^^^^^^^^
    ...<3 lines>...
        payment_count=Count('invoices__payment')
        ^^^^^^^^^^^^^^^^^^^^^^^^^^^^^^^^^^^^^^^^
    ).order_by('student_id')
    ^
  File "C:\Users\it.sm.UG-EMERGENCY\AppData\Local\Programs\Python\Python313\Lib\site-packages\django\db\models\query.py", line 1595, in annotate
    return self._annotate(args, kwargs, select=True)
           ~~~~~~~~~~~~~~^^^^^^^^^^^^^^^^^^^^^^^^^^^
  File "C:\Users\it.sm.UG-EMERGENCY\AppData\Local\Programs\Python\Python313\Lib\site-packages\django\db\models\query.py", line 1643, in _annotate
    clone.query.add_annotation(
    ~~~~~~~~~~~~~~~~~~~~~~~~~~^
        annotation,
        ^^^^^^^^^^^
        alias,
        ^^^^^^
        select=select,
        ^^^^^^^^^^^^^^
    )
    ^
  File "C:\Users\it.sm.UG-EMERGENCY\AppData\Local\Programs\Python\Python313\Lib\site-packages\django\db\models\sql\query.py", line 1135, in add_annotation
    annotation = annotation.resolve_expression(self, allow_joins=True, reuse=None)
  File "C:\Users\it.sm.UG-EMERGENCY\AppData\Local\Programs\Python\Python313\Lib\site-packages\django\db\models\aggregates.py", line 64, in resolve_expression
    c = super().resolve_expression(query, allow_joins, reuse, summarize)
  File "C:\Users\it.sm.UG-EMERGENCY\AppData\Local\Programs\Python\Python313\Lib\site-packages\django\db\models\expressions.py", line 950, in resolve_expression
    c.source_expressions[pos] = arg.resolve_expression(
                                ~~~~~~~~~~~~~~~~~~~~~~^
        query, allow_joins, reuse, summarize, for_save
        ^^^^^^^^^^^^^^^^^^^^^^^^^^^^^^^^^^^^^^^^^^^^^^
    )
    ^
  File "C:\Users\it.sm.UG-EMERGENCY\AppData\Local\Programs\Python\Python313\Lib\site-packages\django\db\models\expressions.py", line 829, in resolve_expression
    return query.resolve_ref(self.name, allow_joins, reuse, summarize)
           ~~~~~~~~~~~~~~~~~^^^^^^^^^^^^^^^^^^^^^^^^^^^^^^^^^^^^^^^^^^
  File "C:\Users\it.sm.UG-EMERGENCY\AppData\Local\Programs\Python\Python313\Lib\site-packages\django\db\models\sql\query.py", line 2001, in resolve_ref
    transform = join_info.transform_function(targets[0], final_alias)
  File "C:\Users\it.sm.UG-EMERGENCY\AppData\Local\Programs\Python\Python313\Lib\site-packages\django\db\models\sql\query.py", line 1855, in transform
    return self.try_transform(wrapped, name)
           ~~~~~~~~~~~~~~~~~~^^^^^^^^^^^^^^^
  File "C:\Users\it.sm.UG-EMERGENCY\AppData\Local\Programs\Python\Python313\Lib\site-packages\django\db\models\sql\query.py", line 1359, in try_transform
    raise FieldError(
    ...<2 lines>...
    )
django.core.exceptions.FieldError: Unsupported lookup 'payment' for BigAutoField or join on the field not permitted.
ERROR 2026-05-06 11:00:43,247 basehttp 29272 36696 "GET /finance/students/ HTTP/1.1" 500 138425
WARNING 2026-05-06 12:02:44,111 log 13068 29144 Not Found: /favicon.ico
WARNING 2026-05-06 12:02:44,113 basehttp 13068 29144 "GET /favicon.ico HTTP/1.1" 404 5630
ERROR 2026-05-06 12:13:06,525 log 44432 16952 Internal Server Error: /finance/students/
Traceback (most recent call last):
  File "C:\Users\it.sm.UG-EMERGENCY\AppData\Local\Programs\Python\Python313\Lib\site-packages\django\core\handlers\exception.py", line 55, in inner
    response = get_response(request)
  File "C:\Users\it.sm.UG-EMERGENCY\AppData\Local\Programs\Python\Python313\Lib\site-packages\django\core\handlers\base.py", line 197, in _get_response
    response = wrapped_callback(request, *callback_args, **callback_kwargs)
  File "C:\Users\it.sm.UG-EMERGENCY\AppData\Local\Programs\Python\Python313\Lib\site-packages\django\contrib\auth\decorators.py", line 23, in _wrapper_view
    return view_func(request, *args, **kwargs)
  File "C:\Users\it.sm.UG-EMERGENCY\Desktop\uni\hospital_meal_system\ums\accounts\decorators.py", line 15, in wrapper
    return view_func(request, *args, **kwargs)
  File "C:\Users\it.sm.UG-EMERGENCY\Desktop\uni\hospital_meal_system\ums\finance\views.py", line 58, in finance_students
    from academics.models import AcademicYear, StudySemester
ImportError: cannot import name 'AcademicYear' from 'academics.models' (C:\Users\it.sm.UG-EMERGENCY\Desktop\uni\hospital_meal_system\ums\academics\models.py)
ERROR 2026-05-06 12:13:06,532 basehttp 44432 16952 "GET /finance/students/ HTTP/1.1" 500 91101
WARNING 2026-05-06 12:13:06,602 log 44432 16952 Not Found: /favicon.ico
WARNING 2026-05-06 12:13:06,603 basehttp 44432 16952 "GET /favicon.ico HTTP/1.1" 404 5630
ERROR 2026-05-06 12:14:04,155 log 44432 16952 Internal Server Error: /finance/students/
Traceback (most recent call last):
  File "C:\Users\it.sm.UG-EMERGENCY\AppData\Local\Programs\Python\Python313\Lib\site-packages\django\core\handlers\exception.py", line 55, in inner
    response = get_response(request)
  File "C:\Users\it.sm.UG-EMERGENCY\AppData\Local\Programs\Python\Python313\Lib\site-packages\django\core\handlers\base.py", line 197, in _get_response
    response = wrapped_callback(request, *callback_args, **callback_kwargs)
  File "C:\Users\it.sm.UG-EMERGENCY\AppData\Local\Programs\Python\Python313\Lib\site-packages\django\contrib\auth\decorators.py", line 23, in _wrapper_view
    return view_func(request, *args, **kwargs)
  File "C:\Users\it.sm.UG-EMERGENCY\Desktop\uni\hospital_meal_system\ums\accounts\decorators.py", line 15, in wrapper
    return view_func(request, *args, **kwargs)
  File "C:\Users\it.sm.UG-EMERGENCY\Desktop\uni\hospital_meal_system\ums\finance\views.py", line 58, in finance_students
    from academics.models import AcademicYear, StudySemester
ImportError: cannot import name 'AcademicYear' from 'academics.models' (C:\Users\it.sm.UG-EMERGENCY\Desktop\uni\hospital_meal_system\ums\academics\models.py)
ERROR 2026-05-06 12:14:04,156 basehttp 44432 16952 "GET /finance/students/ HTTP/1.1" 500 91101
ERROR 2026-05-06 12:14:04,839 log 44432 16952 Internal Server Error: /finance/students/
Traceback (most recent call last):
  File "C:\Users\it.sm.UG-EMERGENCY\AppData\Local\Programs\Python\Python313\Lib\site-packages\django\core\handlers\exception.py", line 55, in inner
    response = get_response(request)
  File "C:\Users\it.sm.UG-EMERGENCY\AppData\Local\Programs\Python\Python313\Lib\site-packages\django\core\handlers\base.py", line 197, in _get_response
    response = wrapped_callback(request, *callback_args, **callback_kwargs)
  File "C:\Users\it.sm.UG-EMERGENCY\AppData\Local\Programs\Python\Python313\Lib\site-packages\django\contrib\auth\decorators.py", line 23, in _wrapper_view
    return view_func(request, *args, **kwargs)
  File "C:\Users\it.sm.UG-EMERGENCY\Desktop\uni\hospital_meal_system\ums\accounts\decorators.py", line 15, in wrapper
    return view_func(request, *args, **kwargs)
  File "C:\Users\it.sm.UG-EMERGENCY\Desktop\uni\hospital_meal_system\ums\finance\views.py", line 58, in finance_students
    from academics.models import AcademicYear, StudySemester
ImportError: cannot import name 'AcademicYear' from 'academics.models' (C:\Users\it.sm.UG-EMERGENCY\Desktop\uni\hospital_meal_system\ums\academics\models.py)
ERROR 2026-05-06 12:14:04,840 basehttp 44432 16952 "GET /finance/students/ HTTP/1.1" 500 91101
WARNING 2026-05-06 12:33:37,879 basehttp 13784 20928 "GET /static/jet/css/themes/light-indigo/select2.theme.css?v=1.3.10 HTTP/1.1" 404 2008
WARNING 2026-05-06 12:33:37,880 basehttp 13784 27372 "GET /static/jet/css/themes/light-indigo/base.css?v=1.3.10 HTTP/1.1" 404 1981
WARNING 2026-05-06 12:33:37,880 basehttp 13784 8720 "GET /static/jet/css/themes/light-indigo/jquery-ui.theme.css?v=1.3.10 HTTP/1.1" 404 2014
WARNING 2026-05-06 12:33:40,602 basehttp 13784 11576 "GET /static/jet/css/themes/light-indigo/jquery-ui.theme.css?v=1.3.10 HTTP/1.1" 404 2014
WARNING 2026-05-06 12:33:40,603 basehttp 13784 28064 "GET /static/jet/css/themes/light-indigo/base.css?v=1.3.10 HTTP/1.1" 404 1981
WARNING 2026-05-06 12:33:40,603 basehttp 13784 13040 "GET /static/jet/css/themes/light-indigo/select2.theme.css?v=1.3.10 HTTP/1.1" 404 2008
WARNING 2026-05-06 12:33:41,270 basehttp 13784 22632 "GET /static/jet/css/themes/light-indigo/base.css?v=1.3.10 HTTP/1.1" 404 1981
WARNING 2026-05-06 12:33:41,273 basehttp 13784 16272 "GET /static/jet/css/themes/light-indigo/jquery-ui.theme.css?v=1.3.10 HTTP/1.1" 404 2014
WARNING 2026-05-06 12:33:41,273 basehttp 13784 18064 "GET /static/jet/css/themes/light-indigo/select2.theme.css?v=1.3.10 HTTP/1.1" 404 2008
WARNING 2026-05-06 12:33:41,777 basehttp 13784 11104 "GET /static/jet/css/themes/light-indigo/base.css?v=1.3.10 HTTP/1.1" 404 1981
WARNING 2026-05-06 12:33:41,778 basehttp 13784 34756 "GET /static/jet/css/themes/light-indigo/jquery-ui.theme.css?v=1.3.10 HTTP/1.1" 404 2014
WARNING 2026-05-06 12:33:41,778 basehttp 13784 22540 "GET /static/jet/css/themes/light-indigo/select2.theme.css?v=1.3.10 HTTP/1.1" 404 2008
WARNING 2026-05-06 12:33:41,960 basehttp 13784 37408 "GET /static/jet/css/themes/light-indigo/base.css?v=1.3.10 HTTP/1.1" 404 1981
WARNING 2026-05-06 12:33:41,962 basehttp 13784 24112 "GET /static/jet/css/themes/light-indigo/select2.theme.css?v=1.3.10 HTTP/1.1" 404 2008
WARNING 2026-05-06 12:33:41,963 basehttp 13784 36812 "GET /static/jet/css/themes/light-indigo/jquery-ui.theme.css?v=1.3.10 HTTP/1.1" 404 2014
WARNING 2026-05-06 12:33:42,141 basehttp 13784 29200 "GET /static/jet/css/themes/light-indigo/base.css?v=1.3.10 HTTP/1.1" 404 1981
WARNING 2026-05-06 12:33:42,144 basehttp 13784 12996 "GET /static/jet/css/themes/light-indigo/select2.theme.css?v=1.3.10 HTTP/1.1" 404 2008
WARNING 2026-05-06 12:33:42,146 basehttp 13784 18852 "GET /static/jet/css/themes/light-indigo/jquery-ui.theme.css?v=1.3.10 HTTP/1.1" 404 2014
WARNING 2026-05-06 12:33:42,314 basehttp 13784 36440 "GET /static/jet/css/themes/light-indigo/base.css?v=1.3.10 HTTP/1.1" 404 1981
WARNING 2026-05-06 12:33:42,323 basehttp 13784 28628 "GET /static/jet/css/themes/light-indigo/select2.theme.css?v=1.3.10 HTTP/1.1" 404 2008
WARNING 2026-05-06 12:33:42,323 basehttp 13784 43584 "GET /static/jet/css/themes/light-indigo/jquery-ui.theme.css?v=1.3.10 HTTP/1.1" 404 2014
WARNING 2026-05-06 12:33:42,700 basehttp 13784 31720 "GET /static/jet/css/themes/light-indigo/select2.theme.css?v=1.3.10 HTTP/1.1" 404 2008
WARNING 2026-05-06 12:33:42,700 basehttp 13784 12556 "GET /static/jet/css/themes/light-indigo/base.css?v=1.3.10 HTTP/1.1" 404 1981
WARNING 2026-05-06 12:33:42,702 basehttp 13784 36552 "GET /static/jet/css/themes/light-indigo/jquery-ui.theme.css?v=1.3.10 HTTP/1.1" 404 2014
WARNING 2026-05-06 12:33:43,018 basehttp 13784 19988 "GET /static/jet/css/themes/light-indigo/base.css?v=1.3.10 HTTP/1.1" 404 1981
WARNING 2026-05-06 12:33:43,019 basehttp 13784 19124 "GET /static/jet/css/themes/light-indigo/select2.theme.css?v=1.3.10 HTTP/1.1" 404 2008
WARNING 2026-05-06 12:33:43,019 basehttp 13784 34308 "GET /static/jet/css/themes/light-indigo/jquery-ui.theme.css?v=1.3.10 HTTP/1.1" 404 2014
WARNING 2026-05-06 12:33:43,330 basehttp 13784 40000 "GET /static/jet/css/themes/light-indigo/base.css?v=1.3.10 HTTP/1.1" 404 1981
WARNING 2026-05-06 12:33:43,336 basehttp 13784 16080 "GET /static/jet/css/themes/light-indigo/jquery-ui.theme.css?v=1.3.10 HTTP/1.1" 404 2014
WARNING 2026-05-06 12:33:43,337 basehttp 13784 33384 "GET /static/jet/css/themes/light-indigo/select2.theme.css?v=1.3.10 HTTP/1.1" 404 2008
WARNING 2026-05-06 12:34:00,078 basehttp 13784 25636 "GET /static/jet/css/themes/light-indigo/base.css?v=1.3.10 HTTP/1.1" 404 1981
WARNING 2026-05-06 12:34:00,082 basehttp 13784 18664 "GET /static/jet/css/themes/light-indigo/select2.theme.css?v=1.3.10 HTTP/1.1" 404 2008
WARNING 2026-05-06 12:34:00,084 basehttp 13784 22736 "GET /static/jet/css/themes/light-indigo/jquery-ui.theme.css?v=1.3.10 HTTP/1.1" 404 2014
WARNING 2026-05-06 12:34:00,145 log 13784 19104 Not Found: /favicon.ico
WARNING 2026-05-06 12:34:00,147 basehttp 13784 19104 "GET /favicon.ico HTTP/1.1" 404 5630
WARNING 2026-05-06 12:34:01,507 basehttp 13784 5156 "GET /static/jet/css/themes/light-indigo/select2.theme.css?v=1.3.10 HTTP/1.1" 404 2008
WARNING 2026-05-06 12:34:01,507 basehttp 13784 25500 "GET /static/jet/css/themes/light-indigo/jquery-ui.theme.css?v=1.3.10 HTTP/1.1" 404 2014
WARNING 2026-05-06 12:34:01,507 basehttp 13784 19104 "GET /static/jet/css/themes/light-indigo/base.css?v=1.3.10 HTTP/1.1" 404 1981
WARNING 2026-05-06 12:34:05,651 basehttp 13784 39972 "GET /static/jet/css/themes/light-indigo/base.css?v=1.3.10 HTTP/1.1" 404 1981
WARNING 2026-05-06 12:34:05,653 basehttp 13784 42136 "GET /static/jet/css/themes/light-indigo/select2.theme.css?v=1.3.10 HTTP/1.1" 404 2008
WARNING 2026-05-06 12:34:05,655 basehttp 13784 24884 "GET /static/jet/css/themes/light-indigo/jquery-ui.theme.css?v=1.3.10 HTTP/1.1" 404 2014
WARNING 2026-05-06 12:34:09,041 basehttp 13784 38020 "GET /static/jet/css/themes/light-indigo/base.css?v=1.3.10 HTTP/1.1" 404 1981
WARNING 2026-05-06 12:34:09,045 basehttp 13784 19196 "GET /static/jet/css/themes/light-indigo/jquery-ui.theme.css?v=1.3.10 HTTP/1.1" 404 2014
WARNING 2026-05-06 12:34:09,045 basehttp 13784 36336 "GET /static/jet/css/themes/light-indigo/select2.theme.css?v=1.3.10 HTTP/1.1" 404 2008
WARNING 2026-05-06 12:53:20,931 basehttp 13784 31216 "GET /static/jet/css/themes/light-indigo/select2.theme.css?v=1.3.10 HTTP/1.1" 404 2008
WARNING 2026-05-06 12:53:20,932 basehttp 13784 8 "GET /static/jet/css/themes/light-indigo/base.css?v=1.3.10 HTTP/1.1" 404 1981
WARNING 2026-05-06 12:53:20,932 basehttp 13784 42492 "GET /static/jet/css/themes/light-indigo/jquery-ui.theme.css?v=1.3.10 HTTP/1.1" 404 2014
WARNING 2026-05-06 12:53:21,723 basehttp 13784 11664 "GET /static/jet/css/themes/light-indigo/base.css?v=1.3.10 HTTP/1.1" 404 1981
WARNING 2026-05-06 12:53:21,725 basehttp 13784 19724 "GET /static/jet/css/themes/light-indigo/select2.theme.css?v=1.3.10 HTTP/1.1" 404 2008
WARNING 2026-05-06 12:53:21,725 basehttp 13784 29276 "GET /static/jet/css/themes/light-indigo/jquery-ui.theme.css?v=1.3.10 HTTP/1.1" 404 2014
WARNING 2026-05-06 12:53:22,141 basehttp 13784 14648 "GET /static/jet/css/themes/light-indigo/base.css?v=1.3.10 HTTP/1.1" 404 1981
WARNING 2026-05-06 12:53:22,142 basehttp 13784 16312 "GET /static/jet/css/themes/light-indigo/select2.theme.css?v=1.3.10 HTTP/1.1" 404 2008
WARNING 2026-05-06 12:53:22,144 basehttp 13784 2316 "GET /static/jet/css/themes/light-indigo/jquery-ui.theme.css?v=1.3.10 HTTP/1.1" 404 2014
WARNING 2026-05-06 12:53:22,310 basehttp 13784 16552 "GET /static/jet/css/themes/light-indigo/jquery-ui.theme.css?v=1.3.10 HTTP/1.1" 404 2014
WARNING 2026-05-06 12:53:22,310 basehttp 13784 30260 "GET /static/jet/css/themes/light-indigo/base.css?v=1.3.10 HTTP/1.1" 404 1981
WARNING 2026-05-06 12:53:22,311 basehttp 13784 6760 "GET /static/jet/css/themes/light-indigo/select2.theme.css?v=1.3.10 HTTP/1.1" 404 2008
WARNING 2026-05-06 12:53:22,472 basehttp 13784 11068 "GET /static/jet/css/themes/light-indigo/base.css?v=1.3.10 HTTP/1.1" 404 1981
WARNING 2026-05-06 12:53:22,473 basehttp 13784 13264 "GET /static/jet/css/themes/light-indigo/jquery-ui.theme.css?v=1.3.10 HTTP/1.1" 404 2014
WARNING 2026-05-06 12:53:22,473 basehttp 13784 29808 "GET /static/jet/css/themes/light-indigo/select2.theme.css?v=1.3.10 HTTP/1.1" 404 2008
WARNING 2026-05-06 12:53:22,630 basehttp 13784 15432 "GET /static/jet/css/themes/light-indigo/base.css?v=1.3.10 HTTP/1.1" 404 1981
WARNING 2026-05-06 12:53:22,632 basehttp 13784 16708 "GET /static/jet/css/themes/light-indigo/select2.theme.css?v=1.3.10 HTTP/1.1" 404 2008
WARNING 2026-05-06 12:53:22,632 basehttp 13784 25712 "GET /static/jet/css/themes/light-indigo/jquery-ui.theme.css?v=1.3.10 HTTP/1.1" 404 2014
WARNING 2026-05-06 12:53:22,860 basehttp 13784 1496 "GET /static/jet/css/themes/light-indigo/base.css?v=1.3.10 HTTP/1.1" 404 1981
WARNING 2026-05-06 12:53:22,862 basehttp 13784 7064 "GET /static/jet/css/themes/light-indigo/select2.theme.css?v=1.3.10 HTTP/1.1" 404 2008
WARNING 2026-05-06 12:53:22,862 basehttp 13784 12088 "GET /static/jet/css/themes/light-indigo/jquery-ui.theme.css?v=1.3.10 HTTP/1.1" 404 2014
WARNING 2026-05-06 12:53:27,898 basehttp 13784 35060 "GET /static/jet/css/themes/light-indigo/base.css?v=1.3.10 HTTP/1.1" 404 1981
WARNING 2026-05-06 12:53:27,901 basehttp 13784 41780 "GET /static/jet/css/themes/light-indigo/select2.theme.css?v=1.3.10 HTTP/1.1" 404 2008
WARNING 2026-05-06 12:53:27,914 basehttp 13784 42008 "GET /static/jet/css/themes/light-indigo/jquery-ui.theme.css?v=1.3.10 HTTP/1.1" 404 2014
WARNING 2026-05-06 12:53:31,293 basehttp 13784 27160 "GET /static/jet/css/themes/light-indigo/base.css?v=1.3.10 HTTP/1.1" 404 1981
WARNING 2026-05-06 12:53:31,295 basehttp 13784 20764 "GET /static/jet/css/themes/light-indigo/select2.theme.css?v=1.3.10 HTTP/1.1" 404 2008
WARNING 2026-05-06 12:53:31,297 basehttp 13784 31288 "GET /static/jet/css/themes/light-indigo/jquery-ui.theme.css?v=1.3.10 HTTP/1.1" 404 2014
WARNING 2026-05-06 12:53:32,916 log 13784 29300 Not Found: /admin/academics/result/
WARNING 2026-05-06 12:53:32,916 basehttp 13784 29300 "GET /admin/academics/result/ HTTP/1.1" 404 12171
WARNING 2026-05-06 12:53:39,075 basehttp 13784 21656 "GET /static/jet/css/themes/light-indigo/select2.theme.css?v=1.3.10 HTTP/1.1" 404 2008
WARNING 2026-05-06 12:53:39,075 basehttp 13784 29300 "GET /static/jet/css/themes/light-indigo/base.css?v=1.3.10 HTTP/1.1" 404 1981
WARNING 2026-05-06 12:53:39,078 basehttp 13784 20804 "GET /static/jet/css/themes/light-indigo/jquery-ui.theme.css?v=1.3.10 HTTP/1.1" 404 2014
WARNING 2026-05-06 12:55:27,324 basehttp 13784 19028 "GET /static/jet/css/themes/light-indigo/base.css?v=1.3.10 HTTP/1.1" 404 1981
WARNING 2026-05-06 12:55:27,334 basehttp 13784 7952 "GET /static/jet/css/themes/light-indigo/select2.theme.css?v=1.3.10 HTTP/1.1" 404 2008
WARNING 2026-05-06 12:55:27,336 basehttp 13784 15092 "GET /static/jet/css/themes/light-indigo/jquery-ui.theme.css?v=1.3.10 HTTP/1.1" 404 2014
WARNING 2026-05-06 12:58:53,695 basehttp 13784 16540 "GET /static/jet/css/themes/light-indigo/base.css?v=1.3.10 HTTP/1.1" 404 1981
WARNING 2026-05-06 12:58:53,700 basehttp 13784 39196 "GET /static/jet/css/themes/light-indigo/jquery-ui.theme.css?v=1.3.10 HTTP/1.1" 404 2014
WARNING 2026-05-06 12:58:53,696 basehttp 13784 9260 "GET /static/jet/css/themes/light-indigo/select2.theme.css?v=1.3.10 HTTP/1.1" 404 2008
WARNING 2026-05-06 13:00:50,543 basehttp 13784 41940 "GET /static/jet/css/themes/light-indigo/base.css?v=1.3.10 HTTP/1.1" 404 1981
WARNING 2026-05-06 13:00:50,544 basehttp 13784 33172 "GET /static/jet/css/themes/light-indigo/select2.theme.css?v=1.3.10 HTTP/1.1" 404 2008
WARNING 2026-05-06 13:00:50,546 basehttp 13784 908 "GET /static/jet/css/themes/light-indigo/jquery-ui.theme.css?v=1.3.10 HTTP/1.1" 404 2014
WARNING 2026-05-06 13:00:58,556 basehttp 13784 30384 "GET /static/jet/css/themes/light-indigo/base.css?v=1.3.10 HTTP/1.1" 404 1981
WARNING 2026-05-06 13:00:58,557 basehttp 13784 29052 "GET /static/jet/css/themes/light-indigo/select2.theme.css?v=1.3.10 HTTP/1.1" 404 2008
WARNING 2026-05-06 13:00:58,558 basehttp 13784 29744 "GET /static/jet/css/themes/light-indigo/jquery-ui.theme.css?v=1.3.10 HTTP/1.1" 404 2014
WARNING 2026-05-06 13:00:59,380 basehttp 13784 24804 "GET /static/jet/css/themes/light-indigo/base.css?v=1.3.10 HTTP/1.1" 404 1981
WARNING 2026-05-06 13:00:59,382 basehttp 13784 20968 "GET /static/jet/css/themes/light-indigo/select2.theme.css?v=1.3.10 HTTP/1.1" 404 2008
WARNING 2026-05-06 13:00:59,382 basehttp 13784 6004 "GET /static/jet/css/themes/light-indigo/jquery-ui.theme.css?v=1.3.10 HTTP/1.1" 404 2014
WARNING 2026-05-06 13:02:59,817 basehttp 13784 21520 "GET /static/jet/css/themes/light-indigo/base.css?v=1.3.10 HTTP/1.1" 404 1981
WARNING 2026-05-06 13:02:59,818 basehttp 13784 8080 "GET /static/jet/css/themes/light-indigo/select2.theme.css?v=1.3.10 HTTP/1.1" 404 2008
WARNING 2026-05-06 13:02:59,819 basehttp 13784 44336 "GET /static/jet/css/themes/light-indigo/jquery-ui.theme.css?v=1.3.10 HTTP/1.1" 404 2014
WARNING 2026-05-06 13:04:34,593 basehttp 13784 24452 "GET /static/jet/css/themes/light-indigo/base.css?v=1.3.10 HTTP/1.1" 404 1981
WARNING 2026-05-06 13:04:34,596 basehttp 13784 43348 "GET /static/jet/css/themes/light-indigo/select2.theme.css?v=1.3.10 HTTP/1.1" 404 2008
WARNING 2026-05-06 13:04:34,598 basehttp 13784 44840 "GET /static/jet/css/themes/light-indigo/jquery-ui.theme.css?v=1.3.10 HTTP/1.1" 404 2014
WARNING 2026-05-06 13:05:28,498 basehttp 13784 37060 "GET /static/jet/css/themes/light-indigo/base.css?v=1.3.10 HTTP/1.1" 404 1981
WARNING 2026-05-06 13:05:28,506 basehttp 13784 7240 "GET /static/jet/css/themes/light-indigo/jquery-ui.theme.css?v=1.3.10 HTTP/1.1" 404 2014
WARNING 2026-05-06 13:05:28,508 basehttp 13784 30456 "GET /static/jet/css/themes/light-indigo/select2.theme.css?v=1.3.10 HTTP/1.1" 404 2008
WARNING 2026-05-06 13:05:49,722 basehttp 13784 40784 "GET /static/jet/css/themes/light-indigo/base.css?v=1.3.10 HTTP/1.1" 404 1981
WARNING 2026-05-06 13:05:49,734 basehttp 13784 28524 "GET /static/jet/css/themes/light-indigo/select2.theme.css?v=1.3.10 HTTP/1.1" 404 2008
WARNING 2026-05-06 13:05:49,735 basehttp 13784 12944 "GET /static/jet/css/themes/light-indigo/jquery-ui.theme.css?v=1.3.10 HTTP/1.1" 404 2014
WARNING 2026-05-06 13:05:56,085 basehttp 13784 13912 "GET /static/jet/css/themes/light-indigo/base.css?v=1.3.10 HTTP/1.1" 404 1981
WARNING 2026-05-06 13:05:56,086 basehttp 13784 29804 "GET /static/jet/css/themes/light-indigo/select2.theme.css?v=1.3.10 HTTP/1.1" 404 2008
WARNING 2026-05-06 13:05:56,087 basehttp 13784 33252 "GET /static/jet/css/themes/light-indigo/jquery-ui.theme.css?v=1.3.10 HTTP/1.1" 404 2014
WARNING 2026-05-06 13:06:21,051 basehttp 13784 20592 "GET /static/jet/css/themes/light-indigo/base.css?v=1.3.10 HTTP/1.1" 404 1981
WARNING 2026-05-06 13:06:21,053 basehttp 13784 11928 "GET /static/jet/css/themes/light-indigo/select2.theme.css?v=1.3.10 HTTP/1.1" 404 2008
WARNING 2026-05-06 13:06:21,053 basehttp 13784 31964 "GET /static/jet/css/themes/light-indigo/jquery-ui.theme.css?v=1.3.10 HTTP/1.1" 404 2014
WARNING 2026-05-06 13:06:24,634 basehttp 13784 26704 "GET /static/jet/css/themes/light-indigo/base.css?v=1.3.10 HTTP/1.1" 404 1981
WARNING 2026-05-06 13:06:24,636 basehttp 13784 17560 "GET /static/jet/css/themes/light-indigo/select2.theme.css?v=1.3.10 HTTP/1.1" 404 2008
WARNING 2026-05-06 13:06:24,638 basehttp 13784 37944 "GET /static/jet/css/themes/light-indigo/jquery-ui.theme.css?v=1.3.10 HTTP/1.1" 404 2014
WARNING 2026-05-06 13:09:49,297 basehttp 13784 30888 "GET /static/jet/css/themes/light-indigo/base.css?v=1.3.10 HTTP/1.1" 404 1981
WARNING 2026-05-06 13:09:49,306 basehttp 13784 42692 "GET /static/jet/css/themes/light-indigo/jquery-ui.theme.css?v=1.3.10 HTTP/1.1" 404 2014
WARNING 2026-05-06 13:09:49,307 basehttp 13784 14524 "GET /static/jet/css/themes/light-indigo/select2.theme.css?v=1.3.10 HTTP/1.1" 404 2008
WARNING 2026-05-06 13:10:47,806 basehttp 13784 15888 "GET /static/jet/css/themes/light-indigo/base.css?v=1.3.10 HTTP/1.1" 404 1981
WARNING 2026-05-06 13:10:47,810 basehttp 13784 26108 "GET /static/jet/css/themes/light-indigo/select2.theme.css?v=1.3.10 HTTP/1.1" 404 2008
WARNING 2026-05-06 13:10:47,814 basehttp 13784 15928 "GET /static/jet/css/themes/light-indigo/jquery-ui.theme.css?v=1.3.10 HTTP/1.1" 404 2014
WARNING 2026-05-06 13:10:48,544 basehttp 13784 17112 "GET /static/jet/css/themes/light-indigo/base.css?v=1.3.10 HTTP/1.1" 404 1981
WARNING 2026-05-06 13:10:48,547 basehttp 13784 24656 "GET /static/jet/css/themes/light-indigo/jquery-ui.theme.css?v=1.3.10 HTTP/1.1" 404 2014
WARNING 2026-05-06 13:10:48,548 basehttp 13784 7556 "GET /static/jet/css/themes/light-indigo/select2.theme.css?v=1.3.10 HTTP/1.1" 404 2008
WARNING 2026-05-06 13:18:58,087 log 18992 33636 Not Found: /favicon.ico
WARNING 2026-05-06 13:18:58,088 basehttp 18992 33636 "GET /favicon.ico HTTP/1.1" 404 5629
WARNING 2026-05-06 13:19:43,812 log 18992 43912 Not Found: /favicon.ico
WARNING 2026-05-06 13:19:43,813 basehttp 18992 43912 "GET /favicon.ico HTTP/1.1" 404 5629
WARNING 2026-05-06 19:38:07,583 log 4040 24088 Not Found: /favicon.ico
WARNING 2026-05-06 19:38:07,586 basehttp 4040 24088 "GET /favicon.ico HTTP/1.1" 404 5632
WARNING 2026-05-06 19:55:01,584 log 4040 22616 Not Found: /favicon.ico
WARNING 2026-05-06 19:55:01,588 basehttp 4040 22616 "GET /favicon.ico HTTP/1.1" 404 5632
WARNING 2026-05-06 20:03:33,363 basehttp 4040 40044 "GET /static/jet/css/themes/light-indigo/base.css?v=1.3.10 HTTP/1.1" 404 1983
WARNING 2026-05-06 20:03:33,386 basehttp 4040 42440 "GET /static/jet/css/themes/light-indigo/jquery-ui.theme.css?v=1.3.10 HTTP/1.1" 404 2016
WARNING 2026-05-06 20:03:33,390 basehttp 4040 36068 "GET /static/jet/css/themes/light-indigo/select2.theme.css?v=1.3.10 HTTP/1.1" 404 2010
WARNING 2026-05-06 20:03:46,540 basehttp 4040 18992 "GET /static/jet/css/themes/light-indigo/base.css?v=1.3.10 HTTP/1.1" 404 1983
WARNING 2026-05-06 20:03:46,563 basehttp 4040 32556 "GET /static/jet/css/themes/light-indigo/jquery-ui.theme.css?v=1.3.10 HTTP/1.1" 404 2016
WARNING 2026-05-06 20:03:46,563 basehttp 4040 26060 "GET /static/jet/css/themes/light-indigo/select2.theme.css?v=1.3.10 HTTP/1.1" 404 2010
WARNING 2026-05-06 20:03:47,983 basehttp 4040 18516 "GET /static/jet/css/themes/light-indigo/base.css?v=1.3.10 HTTP/1.1" 404 1983
WARNING 2026-05-06 20:03:47,985 basehttp 4040 20040 "GET /static/jet/css/themes/light-indigo/select2.theme.css?v=1.3.10 HTTP/1.1" 404 2010
WARNING 2026-05-06 20:03:47,988 basehttp 4040 12348 "GET /static/jet/css/themes/light-indigo/jquery-ui.theme.css?v=1.3.10 HTTP/1.1" 404 2016
WARNING 2026-05-06 20:03:48,899 basehttp 4040 16364 "GET /static/jet/css/themes/light-indigo/select2.theme.css?v=1.3.10 HTTP/1.1" 404 2010
WARNING 2026-05-06 20:03:48,905 basehttp 4040 38256 "GET /static/jet/css/themes/light-indigo/jquery-ui.theme.css?v=1.3.10 HTTP/1.1" 404 2016
WARNING 2026-05-06 20:03:48,906 basehttp 4040 22640 "GET /static/jet/css/themes/light-indigo/base.css?v=1.3.10 HTTP/1.1" 404 1983
WARNING 2026-05-06 20:03:49,857 basehttp 4040 41148 "GET /static/jet/css/themes/light-indigo/base.css?v=1.3.10 HTTP/1.1" 404 1983
WARNING 2026-05-06 20:03:49,872 basehttp 4040 18424 "GET /static/jet/css/themes/light-indigo/select2.theme.css?v=1.3.10 HTTP/1.1" 404 2010
WARNING 2026-05-06 20:03:49,872 basehttp 4040 22628 "GET /static/jet/css/themes/light-indigo/jquery-ui.theme.css?v=1.3.10 HTTP/1.1" 404 2016
WARNING 2026-05-06 20:03:50,864 basehttp 4040 4580 "GET /static/jet/css/themes/light-indigo/base.css?v=1.3.10 HTTP/1.1" 404 1983
WARNING 2026-05-06 20:03:50,872 basehttp 4040 43412 "GET /static/jet/css/themes/light-indigo/select2.theme.css?v=1.3.10 HTTP/1.1" 404 2010
WARNING 2026-05-06 20:03:50,874 basehttp 4040 24528 "GET /static/jet/css/themes/light-indigo/jquery-ui.theme.css?v=1.3.10 HTTP/1.1" 404 2016
WARNING 2026-05-06 20:05:08,724 basehttp 4040 31692 "GET /static/jet/css/themes/light-indigo/jquery-ui.theme.css?v=1.3.10 HTTP/1.1" 404 2016
WARNING 2026-05-06 20:05:08,731 basehttp 4040 24784 "GET /static/jet/css/themes/light-indigo/base.css?v=1.3.10 HTTP/1.1" 404 1983
WARNING 2026-05-06 20:05:08,731 basehttp 4040 27400 "GET /static/jet/css/themes/light-indigo/select2.theme.css?v=1.3.10 HTTP/1.1" 404 2010
WARNING 2026-05-06 20:05:10,430 basehttp 4040 30020 "GET /static/jet/css/themes/light-indigo/base.css?v=1.3.10 HTTP/1.1" 404 1983
WARNING 2026-05-06 20:05:10,454 basehttp 4040 32596 "GET /static/jet/css/themes/light-indigo/select2.theme.css?v=1.3.10 HTTP/1.1" 404 2010
WARNING 2026-05-06 20:05:10,462 basehttp 4040 16216 "GET /static/jet/css/themes/light-indigo/jquery-ui.theme.css?v=1.3.10 HTTP/1.1" 404 2016
WARNING 2026-05-06 20:06:38,881 basehttp 4040 41512 "GET /static/jet/css/themes/light-indigo/base.css?v=1.3.10 HTTP/1.1" 404 1983
WARNING 2026-05-06 20:06:38,888 basehttp 4040 25860 "GET /static/jet/css/themes/light-indigo/select2.theme.css?v=1.3.10 HTTP/1.1" 404 2010
WARNING 2026-05-06 20:06:38,890 basehttp 4040 40928 "GET /static/jet/css/themes/light-indigo/jquery-ui.theme.css?v=1.3.10 HTTP/1.1" 404 2016
WARNING 2026-05-06 20:31:55,782 basehttp 4040 2404 "GET /static/jet/css/themes/light-indigo/base.css?v=1.3.10 HTTP/1.1" 404 1983
WARNING 2026-05-06 20:31:55,794 basehttp 4040 39332 "GET /static/jet/css/themes/light-indigo/select2.theme.css?v=1.3.10 HTTP/1.1" 404 2010
WARNING 2026-05-06 20:31:55,824 basehttp 4040 35212 "GET /static/jet/css/themes/light-indigo/jquery-ui.theme.css?v=1.3.10 HTTP/1.1" 404 2016
WARNING 2026-05-06 21:57:47,144 basehttp 35532 42688 "GET /static/admin/login.css HTTP/1.1" 404 1911
WARNING 2026-05-06 21:59:53,437 basehttp 35532 17272 "GET /static/jet/css/themes/light-indigo/base.css?v=1.3.10 HTTP/1.1" 404 1983
WARNING 2026-05-06 21:59:53,464 basehttp 35532 8556 "GET /static/jet/css/themes/light-indigo/select2.theme.css?v=1.3.10 HTTP/1.1" 404 2010
WARNING 2026-05-06 21:59:53,473 basehttp 35532 39204 "GET /static/jet/css/themes/light-indigo/jquery-ui.theme.css?v=1.3.10 HTTP/1.1" 404 2016
WARNING 2026-05-06 22:00:25,636 basehttp 35532 644 "GET /static/jet/css/themes/light-indigo/base.css?v=1.3.10 HTTP/1.1" 404 1983
WARNING 2026-05-06 22:00:25,723 basehttp 35532 39480 "GET /static/jet/css/themes/light-indigo/select2.theme.css?v=1.3.10 HTTP/1.1" 404 2010
WARNING 2026-05-06 22:00:25,726 basehttp 35532 36552 "GET /static/jet/css/themes/light-indigo/jquery-ui.theme.css?v=1.3.10 HTTP/1.1" 404 2016
WARNING 2026-05-06 22:00:25,869 log 35532 26116 Not Found: /favicon.ico
WARNING 2026-05-06 22:00:25,870 basehttp 35532 26116 "GET /favicon.ico HTTP/1.1" 404 5632
WARNING 2026-05-06 22:05:53,747 basehttp 35532 16436 "GET /static/jet/css/themes/light-indigo/base.css?v=1.3.10 HTTP/1.1" 404 1983
WARNING 2026-05-06 22:05:53,756 basehttp 35532 32140 "GET /static/jet/css/themes/light-indigo/select2.theme.css?v=1.3.10 HTTP/1.1" 404 2010
WARNING 2026-05-06 22:05:53,757 basehttp 35532 23584 "GET /static/jet/css/themes/light-indigo/jquery-ui.theme.css?v=1.3.10 HTTP/1.1" 404 2016
WARNING 2026-05-06 22:18:26,652 basehttp 14604 10248 "GET /static/jet/css/themes/light-indigo/jquery-ui.theme.css?v=1.3.10 HTTP/1.1" 404 2016
WARNING 2026-05-06 22:18:26,653 basehttp 14604 16780 "GET /static/jet/css/themes/light-indigo/base.css?v=1.3.10 HTTP/1.1" 404 1983
WARNING 2026-05-06 22:18:26,655 basehttp 14604 32340 "GET /static/jet/css/themes/light-indigo/select2.theme.css?v=1.3.10 HTTP/1.1" 404 2010
WARNING 2026-05-06 22:18:37,387 basehttp 14604 30440 "GET /static/jet/css/themes/light-indigo/jquery-ui.theme.css?v=1.3.10 HTTP/1.1" 404 2016
WARNING 2026-05-06 22:18:37,401 basehttp 14604 12996 "GET /static/jet/css/themes/light-indigo/select2.theme.css?v=1.3.10 HTTP/1.1" 404 2010
WARNING 2026-05-06 22:18:37,409 basehttp 14604 19484 "GET /static/jet/css/themes/light-indigo/base.css?v=1.3.10 HTTP/1.1" 404 1983
WARNING 2026-05-07 00:15:50,456 basehttp 14604 16000 "GET /static/admin/login.css HTTP/1.1" 404 1911
WARNING 2026-05-07 00:15:55,520 basehttp 14604 39008 "GET /static/jet/css/themes/light-indigo/jquery-ui.theme.css?v=1.3.10 HTTP/1.1" 404 2016
WARNING 2026-05-07 00:15:55,521 basehttp 14604 21356 "GET /static/jet/css/themes/light-indigo/select2.theme.css?v=1.3.10 HTTP/1.1" 404 2010
WARNING 2026-05-07 00:15:55,521 basehttp 14604 27300 "GET /static/jet/css/themes/light-indigo/base.css?v=1.3.10 HTTP/1.1" 404 1983
WARNING 2026-05-07 00:16:09,017 basehttp 14604 27956 "GET /static/jet/css/themes/light-indigo/select2.theme.css?v=1.3.10 HTTP/1.1" 404 2010
WARNING 2026-05-07 00:16:09,019 basehttp 14604 34860 "GET /static/jet/css/themes/light-indigo/jquery-ui.theme.css?v=1.3.10 HTTP/1.1" 404 2016
WARNING 2026-05-07 00:16:09,020 basehttp 14604 31120 "GET /static/jet/css/themes/light-indigo/base.css?v=1.3.10 HTTP/1.1" 404 1983
ERROR 2026-05-07 01:00:51,425 log 42260 27896 Internal Server Error: /academics/programmes/3/courses/
Traceback (most recent call last):
  File "C:\Users\it.sm.UG-EMERGENCY\AppData\Local\Programs\Python\Python313\Lib\site-packages\django\core\handlers\exception.py", line 55, in inner
    response = get_response(request)
  File "C:\Users\it.sm.UG-EMERGENCY\AppData\Local\Programs\Python\Python313\Lib\site-packages\django\core\handlers\base.py", line 197, in _get_response
    response = wrapped_callback(request, *callback_args, **callback_kwargs)
  File "C:\Users\it.sm.UG-EMERGENCY\AppData\Local\Programs\Python\Python313\Lib\site-packages\django\contrib\auth\decorators.py", line 23, in _wrapper_view
    return view_func(request, *args, **kwargs)
  File "C:\Users\it.sm.UG-EMERGENCY\Desktop\uni\hospital_meal_system\ums\accounts\decorators.py", line 15, in wrapper
    return view_func(request, *args, **kwargs)
  File "C:\Users\it.sm.UG-EMERGENCY\Desktop\uni\hospital_meal_system\ums\academics\views.py", line 356, in programme_courses
    html = render_to_string('academics/programme_courses_form.html', {'form': form, 'programme': programme}, request=request)
  File "C:\Users\it.sm.UG-EMERGENCY\AppData\Local\Programs\Python\Python313\Lib\site-packages\django\template\loader.py", line 61, in render_to_string
    template = get_template(template_name, using=using)
  File "C:\Users\it.sm.UG-EMERGENCY\AppData\Local\Programs\Python\Python313\Lib\site-packages\django\template\loader.py", line 19, in get_template
    raise TemplateDoesNotExist(template_name, chain=chain)
django.template.exceptions.TemplateDoesNotExist: academics/programme_courses_form.html
ERROR 2026-05-07 01:00:51,439 basehttp 42260 27896 "GET /academics/programmes/3/courses/ HTTP/1.1" 500 105501
ERROR 2026-05-07 01:02:59,955 log 42260 27896 Internal Server Error: /academics/programmes/1/courses/
Traceback (most recent call last):
  File "C:\Users\it.sm.UG-EMERGENCY\AppData\Local\Programs\Python\Python313\Lib\site-packages\django\core\handlers\exception.py", line 55, in inner
    response = get_response(request)
  File "C:\Users\it.sm.UG-EMERGENCY\AppData\Local\Programs\Python\Python313\Lib\site-packages\django\core\handlers\base.py", line 197, in _get_response
    response = wrapped_callback(request, *callback_args, **callback_kwargs)
  File "C:\Users\it.sm.UG-EMERGENCY\AppData\Local\Programs\Python\Python313\Lib\site-packages\django\contrib\auth\decorators.py", line 23, in _wrapper_view
    return view_func(request, *args, **kwargs)
  File "C:\Users\it.sm.UG-EMERGENCY\Desktop\uni\hospital_meal_system\ums\accounts\decorators.py", line 15, in wrapper
    return view_func(request, *args, **kwargs)
  File "C:\Users\it.sm.UG-EMERGENCY\Desktop\uni\hospital_meal_system\ums\academics\views.py", line 356, in programme_courses
    html = render_to_string('academics/programme_courses_form.html', {'form': form, 'programme': programme}, request=request)
  File "C:\Users\it.sm.UG-EMERGENCY\AppData\Local\Programs\Python\Python313\Lib\site-packages\django\template\loader.py", line 61, in render_to_string
    template = get_template(template_name, using=using)
  File "C:\Users\it.sm.UG-EMERGENCY\AppData\Local\Programs\Python\Python313\Lib\site-packages\django\template\loader.py", line 19, in get_template
    raise TemplateDoesNotExist(template_name, chain=chain)
django.template.exceptions.TemplateDoesNotExist: academics/programme_courses_form.html
ERROR 2026-05-07 01:02:59,958 basehttp 42260 27896 "GET /academics/programmes/1/courses/ HTTP/1.1" 500 105515
ERROR 2026-05-07 01:07:23,904 log 6724 18380 Internal Server Error: /academics/programmes/3/courses/
Traceback (most recent call last):
  File "C:\Users\it.sm.UG-EMERGENCY\AppData\Local\Programs\Python\Python313\Lib\site-packages\django\core\handlers\exception.py", line 55, in inner
    response = get_response(request)
  File "C:\Users\it.sm.UG-EMERGENCY\AppData\Local\Programs\Python\Python313\Lib\site-packages\django\core\handlers\base.py", line 197, in _get_response
    response = wrapped_callback(request, *callback_args, **callback_kwargs)
  File "C:\Users\it.sm.UG-EMERGENCY\AppData\Local\Programs\Python\Python313\Lib\site-packages\django\contrib\auth\decorators.py", line 23, in _wrapper_view
    return view_func(request, *args, **kwargs)
  File "C:\Users\it.sm.UG-EMERGENCY\Desktop\uni\hospital_meal_system\ums\accounts\decorators.py", line 15, in wrapper
    return view_func(request, *args, **kwargs)
  File "C:\Users\it.sm.UG-EMERGENCY\Desktop\uni\hospital_meal_system\ums\academics\views.py", line 360, in programme_courses
    html = render_to_string('academics/programme_courses_form.html', {'form': form, 'programme': programme}, request=request)
  File "C:\Users\it.sm.UG-EMERGENCY\AppData\Local\Programs\Python\Python313\Lib\site-packages\django\template\loader.py", line 61, in render_to_string
    template = get_template(template_name, using=using)
  File "C:\Users\it.sm.UG-EMERGENCY\AppData\Local\Programs\Python\Python313\Lib\site-packages\django\template\loader.py", line 19, in get_template
    raise TemplateDoesNotExist(template_name, chain=chain)
django.template.exceptions.TemplateDoesNotExist: academics/programme_courses_form.html
ERROR 2026-05-07 01:07:23,908 basehttp 6724 18380 "GET /academics/programmes/3/courses/ HTTP/1.1" 500 105501
WARNING 2026-05-07 01:26:58,152 log 7640 33440 Not Found: /favicon.ico
WARNING 2026-05-07 01:26:58,154 basehttp 7640 33440 "GET /favicon.ico HTTP/1.1" 404 5632
WARNING 2026-05-07 01:52:05,504 log 13584 30164 Not Found: /favicon.ico
WARNING 2026-05-07 01:52:05,507 basehttp 13584 30164 "GET /favicon.ico HTTP/1.1" 404 5632
ERROR 2026-05-07 02:17:03,173 log 2312 4296 Internal Server Error: /academics/courses/
Traceback (most recent call last):
  File "C:\Users\it.sm.UG-EMERGENCY\AppData\Local\Programs\Python\Python313\Lib\site-packages\django\core\handlers\exception.py", line 55, in inner
    response = get_response(request)
  File "C:\Users\it.sm.UG-EMERGENCY\AppData\Local\Programs\Python\Python313\Lib\site-packages\django\core\handlers\base.py", line 197, in _get_response
    response = wrapped_callback(request, *callback_args, **callback_kwargs)
  File "C:\Users\it.sm.UG-EMERGENCY\AppData\Local\Programs\Python\Python313\Lib\site-packages\django\contrib\auth\decorators.py", line 23, in _wrapper_view
    return view_func(request, *args, **kwargs)
  File "C:\Users\it.sm.UG-EMERGENCY\Desktop\uni\hospital_meal_system\ums\academics\views.py", line 424, in course_list
    study_years = StudyYear.objects.all()
                  ^^^^^^^^^
NameError: name 'StudyYear' is not defined
ERROR 2026-05-07 02:17:03,183 basehttp 2312 4296 "GET /academics/courses/ HTTP/1.1" 500 87737
WARNING 2026-05-07 08:28:10,644 log 19504 12668 Not Found: /favicon.ico
WARNING 2026-05-07 08:28:10,647 basehttp 19504 12668 "GET /favicon.ico HTTP/1.1" 404 5629
WARNING 2026-05-07 08:28:30,973 basehttp 19504 13688 "GET /static/admin/login.css HTTP/1.1" 404 1908
WARNING 2026-05-07 08:33:41,437 log 19504 8944 Not Found: /favicon.ico
WARNING 2026-05-07 08:33:41,438 basehttp 19504 8944 "GET /favicon.ico HTTP/1.1" 404 5629
ERROR 2026-05-07 09:16:34,522 log 39532 21108 Internal Server Error: /admin/academics/course/add/
Traceback (most recent call last):
  File "C:\Users\it.sm.UG-EMERGENCY\AppData\Local\Programs\Python\Python313\Lib\site-packages\django\db\backends\utils.py", line 89, in _execute
    return self.cursor.execute(sql, params)
           ~~~~~~~~~~~~~~~~~~~^^^^^^^^^^^^^
  File "C:\Users\it.sm.UG-EMERGENCY\AppData\Local\Programs\Python\Python313\Lib\site-packages\django\db\backends\sqlite3\base.py", line 328, in execute
    return super().execute(query, params)
           ~~~~~~~~~~~~~~~^^^^^^^^^^^^^^^
sqlite3.OperationalError: no such column: academics_programme.level_id

The above exception was the direct cause of the following exception:

Traceback (most recent call last):
  File "C:\Users\it.sm.UG-EMERGENCY\AppData\Local\Programs\Python\Python313\Lib\site-packages\django\core\handlers\exception.py", line 55, in inner
    response = get_response(request)
  File "C:\Users\it.sm.UG-EMERGENCY\AppData\Local\Programs\Python\Python313\Lib\site-packages\django\core\handlers\base.py", line 220, in _get_response
    response = response.render()
  File "C:\Users\it.sm.UG-EMERGENCY\AppData\Local\Programs\Python\Python313\Lib\site-packages\django\template\response.py", line 114, in render
    self.content = self.rendered_content
                   ^^^^^^^^^^^^^^^^^^^^^
  File "C:\Users\it.sm.UG-EMERGENCY\AppData\Local\Programs\Python\Python313\Lib\site-packages\django\template\response.py", line 92, in rendered_content
    return template.render(context, self._request)
           ~~~~~~~~~~~~~~~^^^^^^^^^^^^^^^^^^^^^^^^
  File "C:\Users\it.sm.UG-EMERGENCY\AppData\Local\Programs\Python\Python313\Lib\site-packages\django\template\backends\django.py", line 61, in render
    return self.template.render(context)
           ~~~~~~~~~~~~~~~~~~~~^^^^^^^^^
  File "C:\Users\it.sm.UG-EMERGENCY\AppData\Local\Programs\Python\Python313\Lib\site-packages\django\template\base.py", line 175, in render
    return self._render(context)
           ~~~~~~~~~~~~^^^^^^^^^
  File "C:\Users\it.sm.UG-EMERGENCY\AppData\Local\Programs\Python\Python313\Lib\site-packages\django\template\base.py", line 167, in _render
    return self.nodelist.render(context)
           ~~~~~~~~~~~~~~~~~~~~^^^^^^^^^
  File "C:\Users\it.sm.UG-EMERGENCY\AppData\Local\Programs\Python\Python313\Lib\site-packages\django\template\base.py", line 1005, in render
    return SafeString("".join([node.render_annotated(context) for node in self]))
                               ~~~~~~~~~~~~~~~~~~~~~^^^^^^^^^
  File "C:\Users\it.sm.UG-EMERGENCY\AppData\Local\Programs\Python\Python313\Lib\site-packages\django\template\base.py", line 966, in render_annotated
    return self.render(context)
           ~~~~~~~~~~~^^^^^^^^^
  File "C:\Users\it.sm.UG-EMERGENCY\AppData\Local\Programs\Python\Python313\Lib\site-packages\django\template\loader_tags.py", line 157, in render
    return compiled_parent._render(context)
           ~~~~~~~~~~~~~~~~~~~~~~~^^^^^^^^^
  File "C:\Users\it.sm.UG-EMERGENCY\AppData\Local\Programs\Python\Python313\Lib\site-packages\django\template\base.py", line 167, in _render
    return self.nodelist.render(context)
           ~~~~~~~~~~~~~~~~~~~~^^^^^^^^^
  File "C:\Users\it.sm.UG-EMERGENCY\AppData\Local\Programs\Python\Python313\Lib\site-packages\django\template\base.py", line 1005, in render
    return SafeString("".join([node.render_annotated(context) for node in self]))
                               ~~~~~~~~~~~~~~~~~~~~~^^^^^^^^^
  File "C:\Users\it.sm.UG-EMERGENCY\AppData\Local\Programs\Python\Python313\Lib\site-packages\django\template\base.py", line 966, in render_annotated
    return self.render(context)
           ~~~~~~~~~~~^^^^^^^^^
  File "C:\Users\it.sm.UG-EMERGENCY\AppData\Local\Programs\Python\Python313\Lib\site-packages\django\template\loader_tags.py", line 157, in render
    return compiled_parent._render(context)
           ~~~~~~~~~~~~~~~~~~~~~~~^^^^^^^^^
  File "C:\Users\it.sm.UG-EMERGENCY\AppData\Local\Programs\Python\Python313\Lib\site-packages\django\template\base.py", line 167, in _render
    return self.nodelist.render(context)
           ~~~~~~~~~~~~~~~~~~~~^^^^^^^^^
  File "C:\Users\it.sm.UG-EMERGENCY\AppData\Local\Programs\Python\Python313\Lib\site-packages\django\template\base.py", line 1005, in render
    return SafeString("".join([node.render_annotated(context) for node in self]))
                               ~~~~~~~~~~~~~~~~~~~~~^^^^^^^^^
  File "C:\Users\it.sm.UG-EMERGENCY\AppData\Local\Programs\Python\Python313\Lib\site-packages\django\template\base.py", line 966, in render_annotated
    return self.render(context)
           ~~~~~~~~~~~^^^^^^^^^
  File "C:\Users\it.sm.UG-EMERGENCY\AppData\Local\Programs\Python\Python313\Lib\site-packages\django\template\loader_tags.py", line 63, in render
    result = block.nodelist.render(context)
  File "C:\Users\it.sm.UG-EMERGENCY\AppData\Local\Programs\Python\Python313\Lib\site-packages\django\template\base.py", line 1005, in render
    return SafeString("".join([node.render_annotated(context) for node in self]))
                               ~~~~~~~~~~~~~~~~~~~~~^^^^^^^^^
  File "C:\Users\it.sm.UG-EMERGENCY\AppData\Local\Programs\Python\Python313\Lib\site-packages\django\template\base.py", line 966, in render_annotated
    return self.render(context)
           ~~~~~~~~~~~^^^^^^^^^
  File "C:\Users\it.sm.UG-EMERGENCY\AppData\Local\Programs\Python\Python313\Lib\site-packages\django\template\loader_tags.py", line 63, in render
    result = block.nodelist.render(context)
  File "C:\Users\it.sm.UG-EMERGENCY\AppData\Local\Programs\Python\Python313\Lib\site-packages\django\template\base.py", line 1005, in render
    return SafeString("".join([node.render_annotated(context) for node in self]))
                               ~~~~~~~~~~~~~~~~~~~~~^^^^^^^^^
  File "C:\Users\it.sm.UG-EMERGENCY\AppData\Local\Programs\Python\Python313\Lib\site-packages\django\template\base.py", line 966, in render_annotated
    return self.render(context)
           ~~~~~~~~~~~^^^^^^^^^
  File "C:\Users\it.sm.UG-EMERGENCY\AppData\Local\Programs\Python\Python313\Lib\site-packages\django\template\loader_tags.py", line 63, in render
    result = block.nodelist.render(context)
  File "C:\Users\it.sm.UG-EMERGENCY\AppData\Local\Programs\Python\Python313\Lib\site-packages\django\template\base.py", line 1005, in render
    return SafeString("".join([node.render_annotated(context) for node in self]))
                               ~~~~~~~~~~~~~~~~~~~~~^^^^^^^^^
  File "C:\Users\it.sm.UG-EMERGENCY\AppData\Local\Programs\Python\Python313\Lib\site-packages\django\template\base.py", line 966, in render_annotated
    return self.render(context)
           ~~~~~~~~~~~^^^^^^^^^
  File "C:\Users\it.sm.UG-EMERGENCY\AppData\Local\Programs\Python\Python313\Lib\site-packages\django\template\defaulttags.py", line 238, in render
    nodelist.append(node.render_annotated(context))
                    ~~~~~~~~~~~~~~~~~~~~~^^^^^^^^^
  File "C:\Users\it.sm.UG-EMERGENCY\AppData\Local\Programs\Python\Python313\Lib\site-packages\django\template\base.py", line 966, in render_annotated
    return self.render(context)
           ~~~~~~~~~~~^^^^^^^^^
  File "C:\Users\it.sm.UG-EMERGENCY\AppData\Local\Programs\Python\Python313\Lib\site-packages\django\template\loader_tags.py", line 208, in render
    return template.render(context)
           ~~~~~~~~~~~~~~~^^^^^^^^^
  File "C:\Users\it.sm.UG-EMERGENCY\AppData\Local\Programs\Python\Python313\Lib\site-packages\django\template\base.py", line 177, in render
    return self._render(context)
           ~~~~~~~~~~~~^^^^^^^^^
  File "C:\Users\it.sm.UG-EMERGENCY\AppData\Local\Programs\Python\Python313\Lib\site-packages\django\template\base.py", line 167, in _render
    return self.nodelist.render(context)
           ~~~~~~~~~~~~~~~~~~~~^^^^^^^^^
  File "C:\Users\it.sm.UG-EMERGENCY\AppData\Local\Programs\Python\Python313\Lib\site-packages\django\template\base.py", line 1005, in render
    return SafeString("".join([node.render_annotated(context) for node in self]))
                               ~~~~~~~~~~~~~~~~~~~~~^^^^^^^^^
  File "C:\Users\it.sm.UG-EMERGENCY\AppData\Local\Programs\Python\Python313\Lib\site-packages\django\template\base.py", line 966, in render_annotated
    return self.render(context)
           ~~~~~~~~~~~^^^^^^^^^
  File "C:\Users\it.sm.UG-EMERGENCY\AppData\Local\Programs\Python\Python313\Lib\site-packages\django\template\defaulttags.py", line 238, in render
    nodelist.append(node.render_annotated(context))
                    ~~~~~~~~~~~~~~~~~~~~~^^^^^^^^^
  File "C:\Users\it.sm.UG-EMERGENCY\AppData\Local\Programs\Python\Python313\Lib\site-packages\django\template\base.py", line 966, in render_annotated
    return self.render(context)
           ~~~~~~~~~~~^^^^^^^^^
  File "C:\Users\it.sm.UG-EMERGENCY\AppData\Local\Programs\Python\Python313\Lib\site-packages\django\template\defaulttags.py", line 238, in render
    nodelist.append(node.render_annotated(context))
                    ~~~~~~~~~~~~~~~~~~~~~^^^^^^^^^
  File "C:\Users\it.sm.UG-EMERGENCY\AppData\Local\Programs\Python\Python313\Lib\site-packages\django\template\base.py", line 966, in render_annotated
    return self.render(context)
           ~~~~~~~~~~~^^^^^^^^^
  File "C:\Users\it.sm.UG-EMERGENCY\AppData\Local\Programs\Python\Python313\Lib\site-packages\django\template\defaulttags.py", line 321, in render
    return nodelist.render(context)
           ~~~~~~~~~~~~~~~^^^^^^^^^
  File "C:\Users\it.sm.UG-EMERGENCY\AppData\Local\Programs\Python\Python313\Lib\site-packages\django\template\base.py", line 1005, in render
    return SafeString("".join([node.render_annotated(context) for node in self]))
                               ~~~~~~~~~~~~~~~~~~~~~^^^^^^^^^
  File "C:\Users\it.sm.UG-EMERGENCY\AppData\Local\Programs\Python\Python313\Lib\site-packages\django\template\base.py", line 966, in render_annotated
    return self.render(context)
           ~~~~~~~~~~~^^^^^^^^^
  File "C:\Users\it.sm.UG-EMERGENCY\AppData\Local\Programs\Python\Python313\Lib\site-packages\django\template\defaulttags.py", line 321, in render
    return nodelist.render(context)
           ~~~~~~~~~~~~~~~^^^^^^^^^
  File "C:\Users\it.sm.UG-EMERGENCY\AppData\Local\Programs\Python\Python313\Lib\site-packages\django\template\base.py", line 1005, in render
    return SafeString("".join([node.render_annotated(context) for node in self]))
                               ~~~~~~~~~~~~~~~~~~~~~^^^^^^^^^
  File "C:\Users\it.sm.UG-EMERGENCY\AppData\Local\Programs\Python\Python313\Lib\site-packages\django\template\base.py", line 966, in render_annotated
    return self.render(context)
           ~~~~~~~~~~~^^^^^^^^^
  File "C:\Users\it.sm.UG-EMERGENCY\AppData\Local\Programs\Python\Python313\Lib\site-packages\django\template\base.py", line 1070, in render
    return render_value_in_context(output, context)
  File "C:\Users\it.sm.UG-EMERGENCY\AppData\Local\Programs\Python\Python313\Lib\site-packages\django\template\base.py", line 1047, in render_value_in_context
    value = str(value)
  File "C:\Users\it.sm.UG-EMERGENCY\AppData\Local\Programs\Python\Python313\Lib\site-packages\django\utils\html.py", line 480, in <lambda>
    klass.__str__ = lambda self: mark_safe(klass_str(self))
                                           ~~~~~~~~~^^^^^^
  File "C:\Users\it.sm.UG-EMERGENCY\AppData\Local\Programs\Python\Python313\Lib\site-packages\django\forms\boundfield.py", line 34, in __str__
    return self.as_widget()
           ~~~~~~~~~~~~~~^^
  File "C:\Users\it.sm.UG-EMERGENCY\AppData\Local\Programs\Python\Python313\Lib\site-packages\django\forms\boundfield.py", line 107, in as_widget
    return widget.render(
           ~~~~~~~~~~~~~^
        name=self.html_initial_name if only_initial else self.html_name,
        ^^^^^^^^^^^^^^^^^^^^^^^^^^^^^^^^^^^^^^^^^^^^^^^^^^^^^^^^^^^^^^^^
    ...<2 lines>...
        renderer=self.form.renderer,
        ^^^^^^^^^^^^^^^^^^^^^^^^^^^^
    )
    ^
  File "C:\Users\it.sm.UG-EMERGENCY\AppData\Local\Programs\Python\Python313\Lib\site-packages\django\forms\widgets.py", line 280, in render
    context = self.get_context(name, value, attrs)
  File "C:\Users\it.sm.UG-EMERGENCY\AppData\Local\Programs\Python\Python313\Lib\site-packages\django\contrib\admin\widgets.py", line 320, in get_context
    "rendered_widget": self.widget.render(name, value, attrs),
                       ~~~~~~~~~~~~~~~~~~^^^^^^^^^^^^^^^^^^^^
  File "C:\Users\it.sm.UG-EMERGENCY\AppData\Local\Programs\Python\Python313\Lib\site-packages\django\forms\widgets.py", line 280, in render
    context = self.get_context(name, value, attrs)
  File "C:\Users\it.sm.UG-EMERGENCY\AppData\Local\Programs\Python\Python313\Lib\site-packages\django\forms\widgets.py", line 758, in get_context
    context = super().get_context(name, value, attrs)
  File "C:\Users\it.sm.UG-EMERGENCY\AppData\Local\Programs\Python\Python313\Lib\site-packages\django\forms\widgets.py", line 717, in get_context
    context["widget"]["optgroups"] = self.optgroups(
                                     ~~~~~~~~~~~~~~^
        name, context["widget"]["value"], attrs
        ^^^^^^^^^^^^^^^^^^^^^^^^^^^^^^^^^^^^^^^
    )
    ^
  File "C:\Users\it.sm.UG-EMERGENCY\AppData\Local\Programs\Python\Python313\Lib\site-packages\django\forms\widgets.py", line 657, in optgroups
    for index, (option_value, option_label) in enumerate(self.choices):
                                               ~~~~~~~~~^^^^^^^^^^^^^^
  File "C:\Users\it.sm.UG-EMERGENCY\AppData\Local\Programs\Python\Python313\Lib\site-packages\django\forms\models.py", line 1403, in __iter__
    for obj in queryset:
               ^^^^^^^^
  File "C:\Users\it.sm.UG-EMERGENCY\AppData\Local\Programs\Python\Python313\Lib\site-packages\django\db\models\query.py", line 518, in _iterator
    yield from iterable
  File "C:\Users\it.sm.UG-EMERGENCY\AppData\Local\Programs\Python\Python313\Lib\site-packages\django\db\models\query.py", line 93, in __iter__
    results = compiler.execute_sql(
        chunked_fetch=self.chunked_fetch, chunk_size=self.chunk_size
    )
  File "C:\Users\it.sm.UG-EMERGENCY\AppData\Local\Programs\Python\Python313\Lib\site-packages\django\db\models\sql\compiler.py", line 1562, in execute_sql
    cursor.execute(sql, params)
    ~~~~~~~~~~~~~~^^^^^^^^^^^^^
  File "C:\Users\it.sm.UG-EMERGENCY\AppData\Local\Programs\Python\Python313\Lib\site-packages\django\db\backends\utils.py", line 102, in execute
    return super().execute(sql, params)
           ~~~~~~~~~~~~~~~^^^^^^^^^^^^^
  File "C:\Users\it.sm.UG-EMERGENCY\AppData\Local\Programs\Python\Python313\Lib\site-packages\django\db\backends\utils.py", line 67, in execute
    return self._execute_with_wrappers(
           ~~~~~~~~~~~~~~~~~~~~~~~~~~~^
        sql, params, many=False, executor=self._execute
        ^^^^^^^^^^^^^^^^^^^^^^^^^^^^^^^^^^^^^^^^^^^^^^^
    )
    ^
  File "C:\Users\it.sm.UG-EMERGENCY\AppData\Local\Programs\Python\Python313\Lib\site-packages\django\db\backends\utils.py", line 80, in _execute_with_wrappers
    return executor(sql, params, many, context)
  File "C:\Users\it.sm.UG-EMERGENCY\AppData\Local\Programs\Python\Python313\Lib\site-packages\django\db\backends\utils.py", line 84, in _execute
    with self.db.wrap_database_errors:
         ^^^^^^^^^^^^^^^^^^^^^^^^^^^^
  File "C:\Users\it.sm.UG-EMERGENCY\AppData\Local\Programs\Python\Python313\Lib\site-packages\django\db\utils.py", line 91, in __exit__
    raise dj_exc_value.with_traceback(traceback) from exc_value
  File "C:\Users\it.sm.UG-EMERGENCY\AppData\Local\Programs\Python\Python313\Lib\site-packages\django\db\backends\utils.py", line 89, in _execute
    return self.cursor.execute(sql, params)
           ~~~~~~~~~~~~~~~~~~~^^^^^^^^^^^^^
  File "C:\Users\it.sm.UG-EMERGENCY\AppData\Local\Programs\Python\Python313\Lib\site-packages\django\db\backends\sqlite3\base.py", line 328, in execute
    return super().execute(query, params)
           ~~~~~~~~~~~~~~~^^^^^^^^^^^^^^^
django.db.utils.OperationalError: no such column: academics_programme.level_id
ERROR 2026-05-07 09:16:34,577 basehttp 39532 21108 "GET /admin/academics/course/add/ HTTP/1.1" 500 731051
ERROR 2026-05-07 09:28:35,529 log 27108 44908 Internal Server Error: /academics/study-levels/
Traceback (most recent call last):
  File "C:\Users\it.sm.UG-EMERGENCY\AppData\Local\Programs\Python\Python313\Lib\site-packages\django\core\handlers\exception.py", line 55, in inner
    response = get_response(request)
  File "C:\Users\it.sm.UG-EMERGENCY\AppData\Local\Programs\Python\Python313\Lib\site-packages\django\core\handlers\base.py", line 197, in _get_response
    response = wrapped_callback(request, *callback_args, **callback_kwargs)
  File "C:\Users\it.sm.UG-EMERGENCY\AppData\Local\Programs\Python\Python313\Lib\site-packages\django\contrib\auth\decorators.py", line 23, in _wrapper_view
    return view_func(request, *args, **kwargs)
  File "C:\Users\it.sm.UG-EMERGENCY\Desktop\uni\hospital_meal_system\ums\accounts\decorators.py", line 15, in wrapper
    return view_func(request, *args, **kwargs)
  File "C:\Users\it.sm.UG-EMERGENCY\Desktop\uni\hospital_meal_system\ums\academics\views.py", line 397, in study_level_list
    study_levels = StudyLevel.objects.all().order_by('level_number')
                   ^^^^^^^^^^
NameError: name 'StudyLevel' is not defined. Did you mean: 'StudyLevelForm'?
ERROR 2026-05-07 09:28:35,542 basehttp 27108 44908 "GET /academics/study-levels/ HTTP/1.1" 500 89911
ERROR 2026-05-07 09:28:41,387 log 27108 44908 Internal Server Error: /academics/study-levels/
Traceback (most recent call last):
  File "C:\Users\it.sm.UG-EMERGENCY\AppData\Local\Programs\Python\Python313\Lib\site-packages\django\core\handlers\exception.py", line 55, in inner
    response = get_response(request)
  File "C:\Users\it.sm.UG-EMERGENCY\AppData\Local\Programs\Python\Python313\Lib\site-packages\django\core\handlers\base.py", line 197, in _get_response
    response = wrapped_callback(request, *callback_args, **callback_kwargs)
  File "C:\Users\it.sm.UG-EMERGENCY\AppData\Local\Programs\Python\Python313\Lib\site-packages\django\contrib\auth\decorators.py", line 23, in _wrapper_view
    return view_func(request, *args, **kwargs)
  File "C:\Users\it.sm.UG-EMERGENCY\Desktop\uni\hospital_meal_system\ums\accounts\decorators.py", line 15, in wrapper
    return view_func(request, *args, **kwargs)
  File "C:\Users\it.sm.UG-EMERGENCY\Desktop\uni\hospital_meal_system\ums\academics\views.py", line 397, in study_level_list
    study_levels = StudyLevel.objects.all().order_by('level_number')
                   ^^^^^^^^^^
NameError: name 'StudyLevel' is not defined. Did you mean: 'StudyLevelForm'?
ERROR 2026-05-07 09:28:41,390 basehttp 27108 44908 "GET /academics/study-levels/ HTTP/1.1" 500 90048
ERROR 2026-05-07 09:28:42,166 log 27108 44908 Internal Server Error: /academics/study-levels/
Traceback (most recent call last):
  File "C:\Users\it.sm.UG-EMERGENCY\AppData\Local\Programs\Python\Python313\Lib\site-packages\django\core\handlers\exception.py", line 55, in inner
    response = get_response(request)
  File "C:\Users\it.sm.UG-EMERGENCY\AppData\Local\Programs\Python\Python313\Lib\site-packages\django\core\handlers\base.py", line 197, in _get_response
    response = wrapped_callback(request, *callback_args, **callback_kwargs)
  File "C:\Users\it.sm.UG-EMERGENCY\AppData\Local\Programs\Python\Python313\Lib\site-packages\django\contrib\auth\decorators.py", line 23, in _wrapper_view
    return view_func(request, *args, **kwargs)
  File "C:\Users\it.sm.UG-EMERGENCY\Desktop\uni\hospital_meal_system\ums\accounts\decorators.py", line 15, in wrapper
    return view_func(request, *args, **kwargs)
  File "C:\Users\it.sm.UG-EMERGENCY\Desktop\uni\hospital_meal_system\ums\academics\views.py", line 397, in study_level_list
    study_levels = StudyLevel.objects.all().order_by('level_number')
                   ^^^^^^^^^^
NameError: name 'StudyLevel' is not defined. Did you mean: 'StudyLevelForm'?
ERROR 2026-05-07 09:28:42,171 basehttp 27108 44908 "GET /academics/study-levels/ HTTP/1.1" 500 90048
ERROR 2026-05-07 09:28:48,241 log 27108 44908 Internal Server Error: /academics/study-levels/
Traceback (most recent call last):
  File "C:\Users\it.sm.UG-EMERGENCY\AppData\Local\Programs\Python\Python313\Lib\site-packages\django\core\handlers\exception.py", line 55, in inner
    response = get_response(request)
  File "C:\Users\it.sm.UG-EMERGENCY\AppData\Local\Programs\Python\Python313\Lib\site-packages\django\core\handlers\base.py", line 197, in _get_response
    response = wrapped_callback(request, *callback_args, **callback_kwargs)
  File "C:\Users\it.sm.UG-EMERGENCY\AppData\Local\Programs\Python\Python313\Lib\site-packages\django\contrib\auth\decorators.py", line 23, in _wrapper_view
    return view_func(request, *args, **kwargs)
  File "C:\Users\it.sm.UG-EMERGENCY\Desktop\uni\hospital_meal_system\ums\accounts\decorators.py", line 15, in wrapper
    return view_func(request, *args, **kwargs)
  File "C:\Users\it.sm.UG-EMERGENCY\Desktop\uni\hospital_meal_system\ums\academics\views.py", line 397, in study_level_list
    study_levels = StudyLevel.objects.all().order_by('level_number')
                   ^^^^^^^^^^
NameError: name 'StudyLevel' is not defined. Did you mean: 'StudyLevelForm'?
ERROR 2026-05-07 09:28:48,244 basehttp 27108 44908 "GET /academics/study-levels/ HTTP/1.1" 500 89911
WARNING 2026-05-07 09:34:36,108 log 13840 27696 Not Found: /favicon.ico
WARNING 2026-05-07 09:34:36,112 basehttp 13840 27696 "GET /favicon.ico HTTP/1.1" 404 5629
ERROR 2026-05-07 10:54:51,901 log 43612 38180 Internal Server Error: /academics/courses/
Traceback (most recent call last):
  File "C:\Users\it.sm.UG-EMERGENCY\AppData\Local\Programs\Python\Python313\Lib\site-packages\django\core\handlers\exception.py", line 55, in inner
    response = get_response(request)
  File "C:\Users\it.sm.UG-EMERGENCY\AppData\Local\Programs\Python\Python313\Lib\site-packages\django\core\handlers\base.py", line 197, in _get_response
    response = wrapped_callback(request, *callback_args, **callback_kwargs)
  File "C:\Users\it.sm.UG-EMERGENCY\AppData\Local\Programs\Python\Python313\Lib\site-packages\django\contrib\auth\decorators.py", line 23, in _wrapper_view
    return view_func(request, *args, **kwargs)
  File "C:\Users\it.sm.UG-EMERGENCY\Desktop\uni\hospital_meal_system\ums\academics\views.py", line 526, in course_list
    return render(request, 'academics/course_list.html', {
        'courses': courses,
    ...<4 lines>...
        'study_semesters': study_semesters,
    })
  File "C:\Users\it.sm.UG-EMERGENCY\AppData\Local\Programs\Python\Python313\Lib\site-packages\django\shortcuts.py", line 24, in render
    content = loader.render_to_string(template_name, context, request, using=using)
  File "C:\Users\it.sm.UG-EMERGENCY\AppData\Local\Programs\Python\Python313\Lib\site-packages\django\template\loader.py", line 61, in render_to_string
    template = get_template(template_name, using=using)
  File "C:\Users\it.sm.UG-EMERGENCY\AppData\Local\Programs\Python\Python313\Lib\site-packages\django\template\loader.py", line 15, in get_template
    return engine.get_template(template_name)
           ~~~~~~~~~~~~~~~~~~~^^^^^^^^^^^^^^^
  File "C:\Users\it.sm.UG-EMERGENCY\AppData\Local\Programs\Python\Python313\Lib\site-packages\django\template\backends\django.py", line 33, in get_template
    return Template(self.engine.get_template(template_name), self)
                    ~~~~~~~~~~~~~~~~~~~~~~~~^^^^^^^^^^^^^^^
  File "C:\Users\it.sm.UG-EMERGENCY\AppData\Local\Programs\Python\Python313\Lib\site-packages\django\template\engine.py", line 175, in get_template
    template, origin = self.find_template(template_name)
                       ~~~~~~~~~~~~~~~~~~^^^^^^^^^^^^^^^
  File "C:\Users\it.sm.UG-EMERGENCY\AppData\Local\Programs\Python\Python313\Lib\site-packages\django\template\engine.py", line 157, in find_template
    template = loader.get_template(name, skip=skip)
  File "C:\Users\it.sm.UG-EMERGENCY\AppData\Local\Programs\Python\Python313\Lib\site-packages\django\template\loaders\cached.py", line 57, in get_template
    template = super().get_template(template_name, skip)
  File "C:\Users\it.sm.UG-EMERGENCY\AppData\Local\Programs\Python\Python313\Lib\site-packages\django\template\loaders\base.py", line 28, in get_template
    return Template(
        contents,
    ...<2 lines>...
        self.engine,
    )
  File "C:\Users\it.sm.UG-EMERGENCY\AppData\Local\Programs\Python\Python313\Lib\site-packages\django\template\base.py", line 154, in __init__
    self.nodelist = self.compile_nodelist()
                    ~~~~~~~~~~~~~~~~~~~~~^^
  File "C:\Users\it.sm.UG-EMERGENCY\AppData\Local\Programs\Python\Python313\Lib\site-packages\django\template\base.py", line 200, in compile_nodelist
    return parser.parse()
           ~~~~~~~~~~~~^^
  File "C:\Users\it.sm.UG-EMERGENCY\AppData\Local\Programs\Python\Python313\Lib\site-packages\django\template\base.py", line 513, in parse
    raise self.error(token, e)
  File "C:\Users\it.sm.UG-EMERGENCY\AppData\Local\Programs\Python\Python313\Lib\site-packages\django\template\base.py", line 511, in parse
    compiled_result = compile_func(self, token)
  File "C:\Users\it.sm.UG-EMERGENCY\AppData\Local\Programs\Python\Python313\Lib\site-packages\django\template\loader_tags.py", line 293, in do_extends
    nodelist = parser.parse()
  File "C:\Users\it.sm.UG-EMERGENCY\AppData\Local\Programs\Python\Python313\Lib\site-packages\django\template\base.py", line 513, in parse
    raise self.error(token, e)
  File "C:\Users\it.sm.UG-EMERGENCY\AppData\Local\Programs\Python\Python313\Lib\site-packages\django\template\base.py", line 511, in parse
    compiled_result = compile_func(self, token)
  File "C:\Users\it.sm.UG-EMERGENCY\AppData\Local\Programs\Python\Python313\Lib\site-packages\django\template\loader_tags.py", line 232, in do_block
    nodelist = parser.parse(("endblock",))
  File "C:\Users\it.sm.UG-EMERGENCY\AppData\Local\Programs\Python\Python313\Lib\site-packages\django\template\base.py", line 513, in parse
    raise self.error(token, e)
  File "C:\Users\it.sm.UG-EMERGENCY\AppData\Local\Programs\Python\Python313\Lib\site-packages\django\template\base.py", line 511, in parse
    compiled_result = compile_func(self, token)
  File "C:\Users\it.sm.UG-EMERGENCY\AppData\Local\Programs\Python\Python313\Lib\site-packages\django\template\defaulttags.py", line 953, in do_if
    nodelist = parser.parse(("elif", "else", "endif"))
  File "C:\Users\it.sm.UG-EMERGENCY\AppData\Local\Programs\Python\Python313\Lib\site-packages\django\template\base.py", line 484, in parse
    raise self.error(token, e)
  File "C:\Users\it.sm.UG-EMERGENCY\AppData\Local\Programs\Python\Python313\Lib\site-packages\django\template\base.py", line 482, in parse
    filter_expression = self.compile_filter(token.contents)
  File "C:\Users\it.sm.UG-EMERGENCY\AppData\Local\Programs\Python\Python313\Lib\site-packages\django\template\base.py", line 600, in compile_filter
    return FilterExpression(token, self)
  File "C:\Users\it.sm.UG-EMERGENCY\AppData\Local\Programs\Python\Python313\Lib\site-packages\django\template\base.py", line 698, in __init__
    filter_func = parser.find_filter(filter_name)
  File "C:\Users\it.sm.UG-EMERGENCY\AppData\Local\Programs\Python\Python313\Lib\site-packages\django\template\base.py", line 606, in find_filter
    raise TemplateSyntaxError("Invalid filter: '%s'" % filter_name)
django.template.exceptions.TemplateSyntaxError: Invalid filter: 'add_class'
ERROR 2026-05-07 10:54:51,920 basehttp 43612 38180 "GET /academics/courses/ HTTP/1.1" 500 250511
WARNING 2026-05-07 11:17:12,822 log 43612 27392 Not Found: /favicon.ico
WARNING 2026-05-07 11:17:12,823 basehttp 43612 27392 "GET /favicon.ico HTTP/1.1" 404 5629
ERROR 2026-05-07 11:20:54,975 log 22452 41432 Internal Server Error: /academics/courses/create/
Traceback (most recent call last):
  File "C:\Users\it.sm.UG-EMERGENCY\AppData\Local\Programs\Python\Python313\Lib\site-packages\django\core\handlers\exception.py", line 55, in inner
    response = get_response(request)
  File "C:\Users\it.sm.UG-EMERGENCY\AppData\Local\Programs\Python\Python313\Lib\site-packages\django\core\handlers\base.py", line 197, in _get_response
    response = wrapped_callback(request, *callback_args, **callback_kwargs)
  File "C:\Users\it.sm.UG-EMERGENCY\AppData\Local\Programs\Python\Python313\Lib\site-packages\django\contrib\auth\decorators.py", line 23, in _wrapper_view
    return view_func(request, *args, **kwargs)
  File "C:\Users\it.sm.UG-EMERGENCY\Desktop\uni\hospital_meal_system\ums\accounts\decorators.py", line 15, in wrapper
    return view_func(request, *args, **kwargs)
  File "C:\Users\it.sm.UG-EMERGENCY\Desktop\uni\hospital_meal_system\ums\academics\views.py", line 597, in course_create
    course.programmes.add(programme)
    ^^^^^^^^^^^^^^^^^
AttributeError: 'Course' object has no attribute 'programmes'. Did you mean: 'programme'?
ERROR 2026-05-07 11:20:54,979 basehttp 22452 41432 "POST /academics/courses/create/ HTTP/1.1" 500 94775
ERROR 2026-05-07 11:48:37,692 log 40568 11780 Internal Server Error: /academics/add-existing-course/
Traceback (most recent call last):
  File "C:\Users\it.sm.UG-EMERGENCY\AppData\Local\Programs\Python\Python313\Lib\site-packages\django\db\backends\utils.py", line 89, in _execute
    return self.cursor.execute(sql, params)
           ~~~~~~~~~~~~~~~~~~~^^^^^^^^^^^^^
  File "C:\Users\it.sm.UG-EMERGENCY\AppData\Local\Programs\Python\Python313\Lib\site-packages\django\db\backends\sqlite3\base.py", line 328, in execute
    return super().execute(query, params)
           ~~~~~~~~~~~~~~~^^^^^^^^^^^^^^^
sqlite3.IntegrityError: NOT NULL constraint failed: academics_courseallocation.lecturer_id

The above exception was the direct cause of the following exception:

Traceback (most recent call last):
  File "C:\Users\it.sm.UG-EMERGENCY\AppData\Local\Programs\Python\Python313\Lib\site-packages\django\core\handlers\exception.py", line 55, in inner
    response = get_response(request)
  File "C:\Users\it.sm.UG-EMERGENCY\AppData\Local\Programs\Python\Python313\Lib\site-packages\django\core\handlers\base.py", line 197, in _get_response
    response = wrapped_callback(request, *callback_args, **callback_kwargs)
  File "C:\Users\it.sm.UG-EMERGENCY\AppData\Local\Programs\Python\Python313\Lib\site-packages\django\contrib\auth\decorators.py", line 23, in _wrapper_view
    return view_func(request, *args, **kwargs)
  File "C:\Users\it.sm.UG-EMERGENCY\Desktop\uni\hospital_meal_system\ums\accounts\decorators.py", line 15, in wrapper
    return view_func(request, *args, **kwargs)
  File "C:\Users\it.sm.UG-EMERGENCY\Desktop\uni\hospital_meal_system\ums\academics\views.py", line 705, in add_existing_course_to_programme
    CourseAllocation.objects.create(
    ~~~~~~~~~~~~~~~~~~~~~~~~~~~~~~~^
        course=course,
        ^^^^^^^^^^^^^^
        semester=study_semester,
        ^^^^^^^^^^^^^^^^^^^^^^^^
        # lecturer could be assigned later
        ^^^^^^^^^^^^^^^^^^^^^^^^^^^^^^^^^^
    )
    ^
  File "C:\Users\it.sm.UG-EMERGENCY\AppData\Local\Programs\Python\Python313\Lib\site-packages\django\db\models\manager.py", line 87, in manager_method
    return getattr(self.get_queryset(), name)(*args, **kwargs)
           ~~~~~~~~~~~~~~~~~~~~~~~~~~~~~~~~~~^^^^^^^^^^^^^^^^^
  File "C:\Users\it.sm.UG-EMERGENCY\AppData\Local\Programs\Python\Python313\Lib\site-packages\django\db\models\query.py", line 660, in create
    obj.save(force_insert=True, using=self.db)
    ~~~~~~~~^^^^^^^^^^^^^^^^^^^^^^^^^^^^^^^^^^
  File "C:\Users\it.sm.UG-EMERGENCY\AppData\Local\Programs\Python\Python313\Lib\site-packages\django\db\models\base.py", line 814, in save
    self.save_base(
    ~~~~~~~~~~~~~~^
        using=using,
        ^^^^^^^^^^^^
    ...<2 lines>...
        update_fields=update_fields,
        ^^^^^^^^^^^^^^^^^^^^^^^^^^^^
    )
    ^
  File "C:\Users\it.sm.UG-EMERGENCY\AppData\Local\Programs\Python\Python313\Lib\site-packages\django\db\models\base.py", line 877, in save_base
    updated = self._save_table(
        raw,
    ...<4 lines>...
        update_fields,
    )
  File "C:\Users\it.sm.UG-EMERGENCY\AppData\Local\Programs\Python\Python313\Lib\site-packages\django\db\models\base.py", line 1020, in _save_table
    results = self._do_insert(
        cls._base_manager, using, fields, returning_fields, raw
    )
  File "C:\Users\it.sm.UG-EMERGENCY\AppData\Local\Programs\Python\Python313\Lib\site-packages\django\db\models\base.py", line 1061, in _do_insert
    return manager._insert(
           ~~~~~~~~~~~~~~~^
        [self],
        ^^^^^^^
    ...<3 lines>...
        raw=raw,
        ^^^^^^^^
    )
    ^
  File "C:\Users\it.sm.UG-EMERGENCY\AppData\Local\Programs\Python\Python313\Lib\site-packages\django\db\models\manager.py", line 87, in manager_method
    return getattr(self.get_queryset(), name)(*args, **kwargs)
           ~~~~~~~~~~~~~~~~~~~~~~~~~~~~~~~~~~^^^^^^^^^^^^^^^^^
  File "C:\Users\it.sm.UG-EMERGENCY\AppData\Local\Programs\Python\Python313\Lib\site-packages\django\db\models\query.py", line 1810, in _insert
    return query.get_compiler(using=using).execute_sql(returning_fields)
           ~~~~~~~~~~~~~~~~~~~~~~~~~~~~~~~~~~~~~~~~~~~^^^^^^^^^^^^^^^^^^
  File "C:\Users\it.sm.UG-EMERGENCY\AppData\Local\Programs\Python\Python313\Lib\site-packages\django\db\models\sql\compiler.py", line 1822, in execute_sql
    cursor.execute(sql, params)
    ~~~~~~~~~~~~~~^^^^^^^^^^^^^
  File "C:\Users\it.sm.UG-EMERGENCY\AppData\Local\Programs\Python\Python313\Lib\site-packages\django\db\backends\utils.py", line 102, in execute
    return super().execute(sql, params)
           ~~~~~~~~~~~~~~~^^^^^^^^^^^^^
  File "C:\Users\it.sm.UG-EMERGENCY\AppData\Local\Programs\Python\Python313\Lib\site-packages\django\db\backends\utils.py", line 67, in execute
    return self._execute_with_wrappers(
           ~~~~~~~~~~~~~~~~~~~~~~~~~~~^
        sql, params, many=False, executor=self._execute
        ^^^^^^^^^^^^^^^^^^^^^^^^^^^^^^^^^^^^^^^^^^^^^^^
    )
    ^
  File "C:\Users\it.sm.UG-EMERGENCY\AppData\Local\Programs\Python\Python313\Lib\site-packages\django\db\backends\utils.py", line 80, in _execute_with_wrappers
    return executor(sql, params, many, context)
  File "C:\Users\it.sm.UG-EMERGENCY\AppData\Local\Programs\Python\Python313\Lib\site-packages\django\db\backends\utils.py", line 84, in _execute
    with self.db.wrap_database_errors:
         ^^^^^^^^^^^^^^^^^^^^^^^^^^^^
  File "C:\Users\it.sm.UG-EMERGENCY\AppData\Local\Programs\Python\Python313\Lib\site-packages\django\db\utils.py", line 91, in __exit__
    raise dj_exc_value.with_traceback(traceback) from exc_value
  File "C:\Users\it.sm.UG-EMERGENCY\AppData\Local\Programs\Python\Python313\Lib\site-packages\django\db\backends\utils.py", line 89, in _execute
    return self.cursor.execute(sql, params)
           ~~~~~~~~~~~~~~~~~~~^^^^^^^^^^^^^
  File "C:\Users\it.sm.UG-EMERGENCY\AppData\Local\Programs\Python\Python313\Lib\site-packages\django\db\backends\sqlite3\base.py", line 328, in execute
    return super().execute(query, params)
           ~~~~~~~~~~~~~~~^^^^^^^^^^^^^^^
django.db.utils.IntegrityError: NOT NULL constraint failed: academics_courseallocation.lecturer_id
ERROR 2026-05-07 11:48:37,703 basehttp 40568 11780 "POST /academics/add-existing-course/ HTTP/1.1" 500 185072
WARNING 2026-05-07 11:52:59,007 log 44656 14472 Not Found: /favicon.ico
WARNING 2026-05-07 11:52:59,008 basehttp 44656 14472 "GET /favicon.ico HTTP/1.1" 404 5629
ERROR 2026-05-07 11:55:17,089 log 26608 16356 Internal Server Error: /academics/programmes/3/courses/
Traceback (most recent call last):
  File "C:\Users\it.sm.UG-EMERGENCY\AppData\Local\Programs\Python\Python313\Lib\site-packages\django\template\base.py", line 505, in parse
    compile_func = self.tags[command]
                   ~~~~~~~~~^^^^^^^^^
KeyError: 'endif'

During handling of the above exception, another exception occurred:

Traceback (most recent call last):
  File "C:\Users\it.sm.UG-EMERGENCY\AppData\Local\Programs\Python\Python313\Lib\site-packages\django\core\handlers\exception.py", line 55, in inner
    response = get_response(request)
  File "C:\Users\it.sm.UG-EMERGENCY\AppData\Local\Programs\Python\Python313\Lib\site-packages\django\core\handlers\base.py", line 197, in _get_response
    response = wrapped_callback(request, *callback_args, **callback_kwargs)
  File "C:\Users\it.sm.UG-EMERGENCY\AppData\Local\Programs\Python\Python313\Lib\site-packages\django\contrib\auth\decorators.py", line 23, in _wrapper_view
    return view_func(request, *args, **kwargs)
  File "C:\Users\it.sm.UG-EMERGENCY\Desktop\uni\hospital_meal_system\ums\accounts\decorators.py", line 15, in wrapper
    return view_func(request, *args, **kwargs)
  File "C:\Users\it.sm.UG-EMERGENCY\Desktop\uni\hospital_meal_system\ums\academics\views.py", line 380, in programme_courses
    return render(request, 'academics/programme_courses.html', {
        'programme': programme,
    ...<4 lines>...
        'all_courses': all_courses,
    })
  File "C:\Users\it.sm.UG-EMERGENCY\AppData\Local\Programs\Python\Python313\Lib\site-packages\django\shortcuts.py", line 24, in render
    content = loader.render_to_string(template_name, context, request, using=using)
  File "C:\Users\it.sm.UG-EMERGENCY\AppData\Local\Programs\Python\Python313\Lib\site-packages\django\template\loader.py", line 61, in render_to_string
    template = get_template(template_name, using=using)
  File "C:\Users\it.sm.UG-EMERGENCY\AppData\Local\Programs\Python\Python313\Lib\site-packages\django\template\loader.py", line 15, in get_template
    return engine.get_template(template_name)
           ~~~~~~~~~~~~~~~~~~~^^^^^^^^^^^^^^^
  File "C:\Users\it.sm.UG-EMERGENCY\AppData\Local\Programs\Python\Python313\Lib\site-packages\django\template\backends\django.py", line 33, in get_template
    return Template(self.engine.get_template(template_name), self)
                    ~~~~~~~~~~~~~~~~~~~~~~~~^^^^^^^^^^^^^^^
  File "C:\Users\it.sm.UG-EMERGENCY\AppData\Local\Programs\Python\Python313\Lib\site-packages\django\template\engine.py", line 175, in get_template
    template, origin = self.find_template(template_name)
                       ~~~~~~~~~~~~~~~~~~^^^^^^^^^^^^^^^
  File "C:\Users\it.sm.UG-EMERGENCY\AppData\Local\Programs\Python\Python313\Lib\site-packages\django\template\engine.py", line 157, in find_template
    template = loader.get_template(name, skip=skip)
  File "C:\Users\it.sm.UG-EMERGENCY\AppData\Local\Programs\Python\Python313\Lib\site-packages\django\template\loaders\cached.py", line 57, in get_template
    template = super().get_template(template_name, skip)
  File "C:\Users\it.sm.UG-EMERGENCY\AppData\Local\Programs\Python\Python313\Lib\site-packages\django\template\loaders\base.py", line 28, in get_template
    return Template(
        contents,
    ...<2 lines>...
        self.engine,
    )
  File "C:\Users\it.sm.UG-EMERGENCY\AppData\Local\Programs\Python\Python313\Lib\site-packages\django\template\base.py", line 154, in __init__
    self.nodelist = self.compile_nodelist()
                    ~~~~~~~~~~~~~~~~~~~~~^^
  File "C:\Users\it.sm.UG-EMERGENCY\AppData\Local\Programs\Python\Python313\Lib\site-packages\django\template\base.py", line 200, in compile_nodelist
    return parser.parse()
           ~~~~~~~~~~~~^^
  File "C:\Users\it.sm.UG-EMERGENCY\AppData\Local\Programs\Python\Python313\Lib\site-packages\django\template\base.py", line 513, in parse
    raise self.error(token, e)
  File "C:\Users\it.sm.UG-EMERGENCY\AppData\Local\Programs\Python\Python313\Lib\site-packages\django\template\base.py", line 511, in parse
    compiled_result = compile_func(self, token)
  File "C:\Users\it.sm.UG-EMERGENCY\AppData\Local\Programs\Python\Python313\Lib\site-packages\django\template\loader_tags.py", line 293, in do_extends
    nodelist = parser.parse()
  File "C:\Users\it.sm.UG-EMERGENCY\AppData\Local\Programs\Python\Python313\Lib\site-packages\django\template\base.py", line 507, in parse
    self.invalid_block_tag(token, command, parse_until)
    ~~~~~~~~~~~~~~~~~~~~~~^^^^^^^^^^^^^^^^^^^^^^^^^^^^^
  File "C:\Users\it.sm.UG-EMERGENCY\AppData\Local\Programs\Python\Python313\Lib\site-packages\django\template\base.py", line 568, in invalid_block_tag
    raise self.error(
    ...<3 lines>...
    )
django.template.exceptions.TemplateSyntaxError: Invalid block tag on line 575: 'endif'. Did you forget to register or load this tag?
ERROR 2026-05-07 11:55:17,102 basehttp 26608 16356 "GET /academics/programmes/3/courses/ HTTP/1.1" 500 206625
ERROR 2026-05-07 11:56:02,809 log 26608 16356 Internal Server Error: /academics/programmes/3/courses/
Traceback (most recent call last):
  File "C:\Users\it.sm.UG-EMERGENCY\AppData\Local\Programs\Python\Python313\Lib\site-packages\django\template\base.py", line 505, in parse
    compile_func = self.tags[command]
                   ~~~~~~~~~^^^^^^^^^
KeyError: 'endblock'

During handling of the above exception, another exception occurred:

Traceback (most recent call last):
  File "C:\Users\it.sm.UG-EMERGENCY\AppData\Local\Programs\Python\Python313\Lib\site-packages\django\core\handlers\exception.py", line 55, in inner
    response = get_response(request)
  File "C:\Users\it.sm.UG-EMERGENCY\AppData\Local\Programs\Python\Python313\Lib\site-packages\django\core\handlers\base.py", line 197, in _get_response
    response = wrapped_callback(request, *callback_args, **callback_kwargs)
  File "C:\Users\it.sm.UG-EMERGENCY\AppData\Local\Programs\Python\Python313\Lib\site-packages\django\contrib\auth\decorators.py", line 23, in _wrapper_view
    return view_func(request, *args, **kwargs)
  File "C:\Users\it.sm.UG-EMERGENCY\Desktop\uni\hospital_meal_system\ums\accounts\decorators.py", line 15, in wrapper
    return view_func(request, *args, **kwargs)
  File "C:\Users\it.sm.UG-EMERGENCY\Desktop\uni\hospital_meal_system\ums\academics\views.py", line 380, in programme_courses
    return render(request, 'academics/programme_courses.html', {
        'programme': programme,
    ...<4 lines>...
        'all_courses': all_courses,
    })
  File "C:\Users\it.sm.UG-EMERGENCY\AppData\Local\Programs\Python\Python313\Lib\site-packages\django\shortcuts.py", line 24, in render
    content = loader.render_to_string(template_name, context, request, using=using)
  File "C:\Users\it.sm.UG-EMERGENCY\AppData\Local\Programs\Python\Python313\Lib\site-packages\django\template\loader.py", line 61, in render_to_string
    template = get_template(template_name, using=using)
  File "C:\Users\it.sm.UG-EMERGENCY\AppData\Local\Programs\Python\Python313\Lib\site-packages\django\template\loader.py", line 15, in get_template
    return engine.get_template(template_name)
           ~~~~~~~~~~~~~~~~~~~^^^^^^^^^^^^^^^
  File "C:\Users\it.sm.UG-EMERGENCY\AppData\Local\Programs\Python\Python313\Lib\site-packages\django\template\backends\django.py", line 33, in get_template
    return Template(self.engine.get_template(template_name), self)
                    ~~~~~~~~~~~~~~~~~~~~~~~~^^^^^^^^^^^^^^^
  File "C:\Users\it.sm.UG-EMERGENCY\AppData\Local\Programs\Python\Python313\Lib\site-packages\django\template\engine.py", line 175, in get_template
    template, origin = self.find_template(template_name)
                       ~~~~~~~~~~~~~~~~~~^^^^^^^^^^^^^^^
  File "C:\Users\it.sm.UG-EMERGENCY\AppData\Local\Programs\Python\Python313\Lib\site-packages\django\template\engine.py", line 157, in find_template
    template = loader.get_template(name, skip=skip)
  File "C:\Users\it.sm.UG-EMERGENCY\AppData\Local\Programs\Python\Python313\Lib\site-packages\django\template\loaders\cached.py", line 57, in get_template
    template = super().get_template(template_name, skip)
  File "C:\Users\it.sm.UG-EMERGENCY\AppData\Local\Programs\Python\Python313\Lib\site-packages\django\template\loaders\base.py", line 28, in get_template
    return Template(
        contents,
    ...<2 lines>...
        self.engine,
    )
  File "C:\Users\it.sm.UG-EMERGENCY\AppData\Local\Programs\Python\Python313\Lib\site-packages\django\template\base.py", line 154, in __init__
    self.nodelist = self.compile_nodelist()
                    ~~~~~~~~~~~~~~~~~~~~~^^
  File "C:\Users\it.sm.UG-EMERGENCY\AppData\Local\Programs\Python\Python313\Lib\site-packages\django\template\base.py", line 200, in compile_nodelist
    return parser.parse()
           ~~~~~~~~~~~~^^
  File "C:\Users\it.sm.UG-EMERGENCY\AppData\Local\Programs\Python\Python313\Lib\site-packages\django\template\base.py", line 513, in parse
    raise self.error(token, e)
  File "C:\Users\it.sm.UG-EMERGENCY\AppData\Local\Programs\Python\Python313\Lib\site-packages\django\template\base.py", line 511, in parse
    compiled_result = compile_func(self, token)
  File "C:\Users\it.sm.UG-EMERGENCY\AppData\Local\Programs\Python\Python313\Lib\site-packages\django\template\loader_tags.py", line 293, in do_extends
    nodelist = parser.parse()
  File "C:\Users\it.sm.UG-EMERGENCY\AppData\Local\Programs\Python\Python313\Lib\site-packages\django\template\base.py", line 507, in parse
    self.invalid_block_tag(token, command, parse_until)
    ~~~~~~~~~~~~~~~~~~~~~~^^^^^^^^^^^^^^^^^^^^^^^^^^^^^
  File "C:\Users\it.sm.UG-EMERGENCY\AppData\Local\Programs\Python\Python313\Lib\site-packages\django\template\base.py", line 568, in invalid_block_tag
    raise self.error(
    ...<3 lines>...
    )
django.template.exceptions.TemplateSyntaxError: Invalid block tag on line 575: 'endblock'. Did you forget to register or load this tag?
ERROR 2026-05-07 11:56:02,812 basehttp 26608 16356 "GET /academics/programmes/3/courses/ HTTP/1.1" 500 205997
ERROR 2026-05-07 11:56:07,720 log 26608 16356 Internal Server Error: /academics/programmes/3/courses/
Traceback (most recent call last):
  File "C:\Users\it.sm.UG-EMERGENCY\AppData\Local\Programs\Python\Python313\Lib\site-packages\django\template\base.py", line 505, in parse
    compile_func = self.tags[command]
                   ~~~~~~~~~^^^^^^^^^
KeyError: 'endblock'

During handling of the above exception, another exception occurred:

Traceback (most recent call last):
  File "C:\Users\it.sm.UG-EMERGENCY\AppData\Local\Programs\Python\Python313\Lib\site-packages\django\core\handlers\exception.py", line 55, in inner
    response = get_response(request)
  File "C:\Users\it.sm.UG-EMERGENCY\AppData\Local\Programs\Python\Python313\Lib\site-packages\django\core\handlers\base.py", line 197, in _get_response
    response = wrapped_callback(request, *callback_args, **callback_kwargs)
  File "C:\Users\it.sm.UG-EMERGENCY\AppData\Local\Programs\Python\Python313\Lib\site-packages\django\contrib\auth\decorators.py", line 23, in _wrapper_view
    return view_func(request, *args, **kwargs)
  File "C:\Users\it.sm.UG-EMERGENCY\Desktop\uni\hospital_meal_system\ums\accounts\decorators.py", line 15, in wrapper
    return view_func(request, *args, **kwargs)
  File "C:\Users\it.sm.UG-EMERGENCY\Desktop\uni\hospital_meal_system\ums\academics\views.py", line 380, in programme_courses
    return render(request, 'academics/programme_courses.html', {
        'programme': programme,
    ...<4 lines>...
        'all_courses': all_courses,
    })
  File "C:\Users\it.sm.UG-EMERGENCY\AppData\Local\Programs\Python\Python313\Lib\site-packages\django\shortcuts.py", line 24, in render
    content = loader.render_to_string(template_name, context, request, using=using)
  File "C:\Users\it.sm.UG-EMERGENCY\AppData\Local\Programs\Python\Python313\Lib\site-packages\django\template\loader.py", line 61, in render_to_string
    template = get_template(template_name, using=using)
  File "C:\Users\it.sm.UG-EMERGENCY\AppData\Local\Programs\Python\Python313\Lib\site-packages\django\template\loader.py", line 15, in get_template
    return engine.get_template(template_name)
           ~~~~~~~~~~~~~~~~~~~^^^^^^^^^^^^^^^
  File "C:\Users\it.sm.UG-EMERGENCY\AppData\Local\Programs\Python\Python313\Lib\site-packages\django\template\backends\django.py", line 33, in get_template
    return Template(self.engine.get_template(template_name), self)
                    ~~~~~~~~~~~~~~~~~~~~~~~~^^^^^^^^^^^^^^^
  File "C:\Users\it.sm.UG-EMERGENCY\AppData\Local\Programs\Python\Python313\Lib\site-packages\django\template\engine.py", line 175, in get_template
    template, origin = self.find_template(template_name)
                       ~~~~~~~~~~~~~~~~~~^^^^^^^^^^^^^^^
  File "C:\Users\it.sm.UG-EMERGENCY\AppData\Local\Programs\Python\Python313\Lib\site-packages\django\template\engine.py", line 157, in find_template
    template = loader.get_template(name, skip=skip)
  File "C:\Users\it.sm.UG-EMERGENCY\AppData\Local\Programs\Python\Python313\Lib\site-packages\django\template\loaders\cached.py", line 57, in get_template
    template = super().get_template(template_name, skip)
  File "C:\Users\it.sm.UG-EMERGENCY\AppData\Local\Programs\Python\Python313\Lib\site-packages\django\template\loaders\base.py", line 28, in get_template
    return Template(
        contents,
    ...<2 lines>...
        self.engine,
    )
  File "C:\Users\it.sm.UG-EMERGENCY\AppData\Local\Programs\Python\Python313\Lib\site-packages\django\template\base.py", line 154, in __init__
    self.nodelist = self.compile_nodelist()
                    ~~~~~~~~~~~~~~~~~~~~~^^
  File "C:\Users\it.sm.UG-EMERGENCY\AppData\Local\Programs\Python\Python313\Lib\site-packages\django\template\base.py", line 200, in compile_nodelist
    return parser.parse()
           ~~~~~~~~~~~~^^
  File "C:\Users\it.sm.UG-EMERGENCY\AppData\Local\Programs\Python\Python313\Lib\site-packages\django\template\base.py", line 513, in parse
    raise self.error(token, e)
  File "C:\Users\it.sm.UG-EMERGENCY\AppData\Local\Programs\Python\Python313\Lib\site-packages\django\template\base.py", line 511, in parse
    compiled_result = compile_func(self, token)
  File "C:\Users\it.sm.UG-EMERGENCY\AppData\Local\Programs\Python\Python313\Lib\site-packages\django\template\loader_tags.py", line 293, in do_extends
    nodelist = parser.parse()
  File "C:\Users\it.sm.UG-EMERGENCY\AppData\Local\Programs\Python\Python313\Lib\site-packages\django\template\base.py", line 507, in parse
    self.invalid_block_tag(token, command, parse_until)
    ~~~~~~~~~~~~~~~~~~~~~~^^^^^^^^^^^^^^^^^^^^^^^^^^^^^
  File "C:\Users\it.sm.UG-EMERGENCY\AppData\Local\Programs\Python\Python313\Lib\site-packages\django\template\base.py", line 568, in invalid_block_tag
    raise self.error(
    ...<3 lines>...
    )
django.template.exceptions.TemplateSyntaxError: Invalid block tag on line 575: 'endblock'. Did you forget to register or load this tag?
ERROR 2026-05-07 11:56:07,723 basehttp 26608 16356 "GET /academics/programmes/3/courses/ HTTP/1.1" 500 205997
ERROR 2026-05-07 12:35:04,091 log 42680 41396 Internal Server Error: /academics/programmes/3/
Traceback (most recent call last):
  File "C:\Users\it.sm.UG-EMERGENCY\AppData\Local\Programs\Python\Python313\Lib\site-packages\django\core\handlers\exception.py", line 55, in inner
    response = get_response(request)
  File "C:\Users\it.sm.UG-EMERGENCY\AppData\Local\Programs\Python\Python313\Lib\site-packages\django\core\handlers\base.py", line 197, in _get_response
    response = wrapped_callback(request, *callback_args, **callback_kwargs)
  File "C:\Users\it.sm.UG-EMERGENCY\AppData\Local\Programs\Python\Python313\Lib\site-packages\django\contrib\auth\decorators.py", line 23, in _wrapper_view
    return view_func(request, *args, **kwargs)
  File "C:\Users\it.sm.UG-EMERGENCY\Desktop\uni\hospital_meal_system\ums\academics\views.py", line 69, in programme_detail
    from students.models import Student, StudentProgramme
ImportError: cannot import name 'StudentProgramme' from 'students.models' (C:\Users\it.sm.UG-EMERGENCY\Desktop\uni\hospital_meal_system\ums\students\models.py)
ERROR 2026-05-07 12:35:04,094 basehttp 42680 41396 "GET /academics/programmes/3/ HTTP/1.1" 500 86710
ERROR 2026-05-07 12:35:36,808 log 12208 23004 Internal Server Error: /academics/programmes/3/
Traceback (most recent call last):
  File "C:\Users\it.sm.UG-EMERGENCY\AppData\Local\Programs\Python\Python313\Lib\site-packages\django\core\handlers\exception.py", line 55, in inner
    response = get_response(request)
  File "C:\Users\it.sm.UG-EMERGENCY\AppData\Local\Programs\Python\Python313\Lib\site-packages\django\core\handlers\base.py", line 197, in _get_response
    response = wrapped_callback(request, *callback_args, **callback_kwargs)
  File "C:\Users\it.sm.UG-EMERGENCY\AppData\Local\Programs\Python\Python313\Lib\site-packages\django\contrib\auth\decorators.py", line 23, in _wrapper_view
    return view_func(request, *args, **kwargs)
  File "C:\Users\it.sm.UG-EMERGENCY\Desktop\uni\hospital_meal_system\ums\academics\views.py", line 81, in programme_detail
    current_year = StudyYear.objects.filter(is_current=True).first()
                   ~~~~~~~~~~~~~~~~~~~~~~~~^^^^^^^^^^^^^^^^^
  File "C:\Users\it.sm.UG-EMERGENCY\AppData\Local\Programs\Python\Python313\Lib\site-packages\django\db\models\manager.py", line 87, in manager_method
    return getattr(self.get_queryset(), name)(*args, **kwargs)
           ~~~~~~~~~~~~~~~~~~~~~~~~~~~~~~~~~~^^^^^^^^^^^^^^^^^
  File "C:\Users\it.sm.UG-EMERGENCY\AppData\Local\Programs\Python\Python313\Lib\site-packages\django\db\models\query.py", line 1438, in filter
    return self._filter_or_exclude(False, args, kwargs)
           ~~~~~~~~~~~~~~~~~~~~~~~^^^^^^^^^^^^^^^^^^^^^
  File "C:\Users\it.sm.UG-EMERGENCY\AppData\Local\Programs\Python\Python313\Lib\site-packages\django\db\models\query.py", line 1456, in _filter_or_exclude
    clone._filter_or_exclude_inplace(negate, args, kwargs)
    ~~~~~~~~~~~~~~~~~~~~~~~~~~~~~~~~^^^^^^^^^^^^^^^^^^^^^^
  File "C:\Users\it.sm.UG-EMERGENCY\AppData\Local\Programs\Python\Python313\Lib\site-packages\django\db\models\query.py", line 1466, in _filter_or_exclude_inplace
    self._query.add_q(Q(*args, **kwargs))
    ~~~~~~~~~~~~~~~~~^^^^^^^^^^^^^^^^^^^^
  File "C:\Users\it.sm.UG-EMERGENCY\AppData\Local\Programs\Python\Python313\Lib\site-packages\django\db\models\sql\query.py", line 1548, in add_q
    clause, _ = self._add_q(q_object, self.used_aliases)
                ~~~~~~~~~~~^^^^^^^^^^^^^^^^^^^^^^^^^^^^^
  File "C:\Users\it.sm.UG-EMERGENCY\AppData\Local\Programs\Python\Python313\Lib\site-packages\django\db\models\sql\query.py", line 1579, in _add_q
    child_clause, needed_inner = self.build_filter(
                                 ~~~~~~~~~~~~~~~~~^
        child,
        ^^^^^^
    ...<6 lines>...
        summarize=summarize,
        ^^^^^^^^^^^^^^^^^^^^
    )
    ^
  File "C:\Users\it.sm.UG-EMERGENCY\AppData\Local\Programs\Python\Python313\Lib\site-packages\django\db\models\sql\query.py", line 1429, in build_filter
    lookups, parts, reffed_expression = self.solve_lookup_type(arg, summarize)
                                        ~~~~~~~~~~~~~~~~~~~~~~^^^^^^^^^^^^^^^^
  File "C:\Users\it.sm.UG-EMERGENCY\AppData\Local\Programs\Python\Python313\Lib\site-packages\django\db\models\sql\query.py", line 1239, in solve_lookup_type
    _, field, _, lookup_parts = self.names_to_path(lookup_splitted, self.get_meta())
                                ~~~~~~~~~~~~~~~~~~^^^^^^^^^^^^^^^^^^^^^^^^^^^^^^^^^^
  File "C:\Users\it.sm.UG-EMERGENCY\AppData\Local\Programs\Python\Python313\Lib\site-packages\django\db\models\sql\query.py", line 1733, in names_to_path
    raise FieldError(
    ...<2 lines>...
    )
django.core.exceptions.FieldError: Cannot resolve keyword 'is_current' into field. Choices are: code, created_at, id, level, name, students, year_enrollments
ERROR 2026-05-07 12:35:36,814 basehttp 12208 23004 "GET /academics/programmes/3/ HTTP/1.1" 500 132933
ERROR 2026-05-07 12:35:44,205 log 12208 23004 Internal Server Error: /academics/programmes/3/
Traceback (most recent call last):
  File "C:\Users\it.sm.UG-EMERGENCY\AppData\Local\Programs\Python\Python313\Lib\site-packages\django\core\handlers\exception.py", line 55, in inner
    response = get_response(request)
  File "C:\Users\it.sm.UG-EMERGENCY\AppData\Local\Programs\Python\Python313\Lib\site-packages\django\core\handlers\base.py", line 197, in _get_response
    response = wrapped_callback(request, *callback_args, **callback_kwargs)
  File "C:\Users\it.sm.UG-EMERGENCY\AppData\Local\Programs\Python\Python313\Lib\site-packages\django\contrib\auth\decorators.py", line 23, in _wrapper_view
    return view_func(request, *args, **kwargs)
  File "C:\Users\it.sm.UG-EMERGENCY\Desktop\uni\hospital_meal_system\ums\academics\views.py", line 81, in programme_detail
    current_year = StudyYear.objects.filter(is_current=True).first()
                   ~~~~~~~~~~~~~~~~~~~~~~~~^^^^^^^^^^^^^^^^^
  File "C:\Users\it.sm.UG-EMERGENCY\AppData\Local\Programs\Python\Python313\Lib\site-packages\django\db\models\manager.py", line 87, in manager_method
    return getattr(self.get_queryset(), name)(*args, **kwargs)
           ~~~~~~~~~~~~~~~~~~~~~~~~~~~~~~~~~~^^^^^^^^^^^^^^^^^
  File "C:\Users\it.sm.UG-EMERGENCY\AppData\Local\Programs\Python\Python313\Lib\site-packages\django\db\models\query.py", line 1438, in filter
    return self._filter_or_exclude(False, args, kwargs)
           ~~~~~~~~~~~~~~~~~~~~~~~^^^^^^^^^^^^^^^^^^^^^
  File "C:\Users\it.sm.UG-EMERGENCY\AppData\Local\Programs\Python\Python313\Lib\site-packages\django\db\models\query.py", line 1456, in _filter_or_exclude
    clone._filter_or_exclude_inplace(negate, args, kwargs)
    ~~~~~~~~~~~~~~~~~~~~~~~~~~~~~~~~^^^^^^^^^^^^^^^^^^^^^^
  File "C:\Users\it.sm.UG-EMERGENCY\AppData\Local\Programs\Python\Python313\Lib\site-packages\django\db\models\query.py", line 1466, in _filter_or_exclude_inplace
    self._query.add_q(Q(*args, **kwargs))
    ~~~~~~~~~~~~~~~~~^^^^^^^^^^^^^^^^^^^^
  File "C:\Users\it.sm.UG-EMERGENCY\AppData\Local\Programs\Python\Python313\Lib\site-packages\django\db\models\sql\query.py", line 1548, in add_q
    clause, _ = self._add_q(q_object, self.used_aliases)
                ~~~~~~~~~~~^^^^^^^^^^^^^^^^^^^^^^^^^^^^^
  File "C:\Users\it.sm.UG-EMERGENCY\AppData\Local\Programs\Python\Python313\Lib\site-packages\django\db\models\sql\query.py", line 1579, in _add_q
    child_clause, needed_inner = self.build_filter(
                                 ~~~~~~~~~~~~~~~~~^
        child,
        ^^^^^^
    ...<6 lines>...
        summarize=summarize,
        ^^^^^^^^^^^^^^^^^^^^
    )
    ^
  File "C:\Users\it.sm.UG-EMERGENCY\AppData\Local\Programs\Python\Python313\Lib\site-packages\django\db\models\sql\query.py", line 1429, in build_filter
    lookups, parts, reffed_expression = self.solve_lookup_type(arg, summarize)
                                        ~~~~~~~~~~~~~~~~~~~~~~^^^^^^^^^^^^^^^^
  File "C:\Users\it.sm.UG-EMERGENCY\AppData\Local\Programs\Python\Python313\Lib\site-packages\django\db\models\sql\query.py", line 1239, in solve_lookup_type
    _, field, _, lookup_parts = self.names_to_path(lookup_splitted, self.get_meta())
                                ~~~~~~~~~~~~~~~~~~^^^^^^^^^^^^^^^^^^^^^^^^^^^^^^^^^^
  File "C:\Users\it.sm.UG-EMERGENCY\AppData\Local\Programs\Python\Python313\Lib\site-packages\django\db\models\sql\query.py", line 1733, in names_to_path
    raise FieldError(
    ...<2 lines>...
    )
django.core.exceptions.FieldError: Cannot resolve keyword 'is_current' into field. Choices are: code, created_at, id, level, name, students, year_enrollments
ERROR 2026-05-07 12:35:44,209 basehttp 12208 23004 "GET /academics/programmes/3/ HTTP/1.1" 500 133070
ERROR 2026-05-07 12:35:51,838 log 12208 23004 Internal Server Error: /academics/programmes/3/
Traceback (most recent call last):
  File "C:\Users\it.sm.UG-EMERGENCY\AppData\Local\Programs\Python\Python313\Lib\site-packages\django\core\handlers\exception.py", line 55, in inner
    response = get_response(request)
  File "C:\Users\it.sm.UG-EMERGENCY\AppData\Local\Programs\Python\Python313\Lib\site-packages\django\core\handlers\base.py", line 197, in _get_response
    response = wrapped_callback(request, *callback_args, **callback_kwargs)
  File "C:\Users\it.sm.UG-EMERGENCY\AppData\Local\Programs\Python\Python313\Lib\site-packages\django\contrib\auth\decorators.py", line 23, in _wrapper_view
    return view_func(request, *args, **kwargs)
  File "C:\Users\it.sm.UG-EMERGENCY\Desktop\uni\hospital_meal_system\ums\academics\views.py", line 81, in programme_detail
    current_year = StudyYear.objects.filter(is_current=True).first()
                   ~~~~~~~~~~~~~~~~~~~~~~~~^^^^^^^^^^^^^^^^^
  File "C:\Users\it.sm.UG-EMERGENCY\AppData\Local\Programs\Python\Python313\Lib\site-packages\django\db\models\manager.py", line 87, in manager_method
    return getattr(self.get_queryset(), name)(*args, **kwargs)
           ~~~~~~~~~~~~~~~~~~~~~~~~~~~~~~~~~~^^^^^^^^^^^^^^^^^
  File "C:\Users\it.sm.UG-EMERGENCY\AppData\Local\Programs\Python\Python313\Lib\site-packages\django\db\models\query.py", line 1438, in filter
    return self._filter_or_exclude(False, args, kwargs)
           ~~~~~~~~~~~~~~~~~~~~~~~^^^^^^^^^^^^^^^^^^^^^
  File "C:\Users\it.sm.UG-EMERGENCY\AppData\Local\Programs\Python\Python313\Lib\site-packages\django\db\models\query.py", line 1456, in _filter_or_exclude
    clone._filter_or_exclude_inplace(negate, args, kwargs)
    ~~~~~~~~~~~~~~~~~~~~~~~~~~~~~~~~^^^^^^^^^^^^^^^^^^^^^^
  File "C:\Users\it.sm.UG-EMERGENCY\AppData\Local\Programs\Python\Python313\Lib\site-packages\django\db\models\query.py", line 1466, in _filter_or_exclude_inplace
    self._query.add_q(Q(*args, **kwargs))
    ~~~~~~~~~~~~~~~~~^^^^^^^^^^^^^^^^^^^^
  File "C:\Users\it.sm.UG-EMERGENCY\AppData\Local\Programs\Python\Python313\Lib\site-packages\django\db\models\sql\query.py", line 1548, in add_q
    clause, _ = self._add_q(q_object, self.used_aliases)
                ~~~~~~~~~~~^^^^^^^^^^^^^^^^^^^^^^^^^^^^^
  File "C:\Users\it.sm.UG-EMERGENCY\AppData\Local\Programs\Python\Python313\Lib\site-packages\django\db\models\sql\query.py", line 1579, in _add_q
    child_clause, needed_inner = self.build_filter(
                                 ~~~~~~~~~~~~~~~~~^
        child,
        ^^^^^^
    ...<6 lines>...
        summarize=summarize,
        ^^^^^^^^^^^^^^^^^^^^
    )
    ^
  File "C:\Users\it.sm.UG-EMERGENCY\AppData\Local\Programs\Python\Python313\Lib\site-packages\django\db\models\sql\query.py", line 1429, in build_filter
    lookups, parts, reffed_expression = self.solve_lookup_type(arg, summarize)
                                        ~~~~~~~~~~~~~~~~~~~~~~^^^^^^^^^^^^^^^^
  File "C:\Users\it.sm.UG-EMERGENCY\AppData\Local\Programs\Python\Python313\Lib\site-packages\django\db\models\sql\query.py", line 1239, in solve_lookup_type
    _, field, _, lookup_parts = self.names_to_path(lookup_splitted, self.get_meta())
                                ~~~~~~~~~~~~~~~~~~^^^^^^^^^^^^^^^^^^^^^^^^^^^^^^^^^^
  File "C:\Users\it.sm.UG-EMERGENCY\AppData\Local\Programs\Python\Python313\Lib\site-packages\django\db\models\sql\query.py", line 1733, in names_to_path
    raise FieldError(
    ...<2 lines>...
    )
django.core.exceptions.FieldError: Cannot resolve keyword 'is_current' into field. Choices are: code, created_at, id, level, name, students, year_enrollments
ERROR 2026-05-07 12:35:51,841 basehttp 12208 23004 "GET /academics/programmes/3/ HTTP/1.1" 500 133070
ERROR 2026-05-07 12:36:27,658 log 24824 19600 Internal Server Error: /academics/programmes/3/
Traceback (most recent call last):
  File "C:\Users\it.sm.UG-EMERGENCY\AppData\Local\Programs\Python\Python313\Lib\site-packages\django\core\handlers\exception.py", line 55, in inner
    response = get_response(request)
  File "C:\Users\it.sm.UG-EMERGENCY\AppData\Local\Programs\Python\Python313\Lib\site-packages\django\core\handlers\base.py", line 197, in _get_response
    response = wrapped_callback(request, *callback_args, **callback_kwargs)
  File "C:\Users\it.sm.UG-EMERGENCY\AppData\Local\Programs\Python\Python313\Lib\site-packages\django\contrib\auth\decorators.py", line 23, in _wrapper_view
    return view_func(request, *args, **kwargs)
  File "C:\Users\it.sm.UG-EMERGENCY\Desktop\uni\hospital_meal_system\ums\academics\views.py", line 85, in programme_detail
    programme_years = StudyYear.objects.filter(
                      ~~~~~~~~~~~~~~~~~~~~~~~~^
        student__programme=programme
        ^^^^^^^^^^^^^^^^^^^^^^^^^^^^
    ).distinct().order_by('level')
    ^
  File "C:\Users\it.sm.UG-EMERGENCY\AppData\Local\Programs\Python\Python313\Lib\site-packages\django\db\models\manager.py", line 87, in manager_method
    return getattr(self.get_queryset(), name)(*args, **kwargs)
           ~~~~~~~~~~~~~~~~~~~~~~~~~~~~~~~~~~^^^^^^^^^^^^^^^^^
  File "C:\Users\it.sm.UG-EMERGENCY\AppData\Local\Programs\Python\Python313\Lib\site-packages\django\db\models\query.py", line 1438, in filter
    return self._filter_or_exclude(False, args, kwargs)
           ~~~~~~~~~~~~~~~~~~~~~~~^^^^^^^^^^^^^^^^^^^^^
  File "C:\Users\it.sm.UG-EMERGENCY\AppData\Local\Programs\Python\Python313\Lib\site-packages\django\db\models\query.py", line 1456, in _filter_or_exclude
    clone._filter_or_exclude_inplace(negate, args, kwargs)
    ~~~~~~~~~~~~~~~~~~~~~~~~~~~~~~~~^^^^^^^^^^^^^^^^^^^^^^
  File "C:\Users\it.sm.UG-EMERGENCY\AppData\Local\Programs\Python\Python313\Lib\site-packages\django\db\models\query.py", line 1466, in _filter_or_exclude_inplace
    self._query.add_q(Q(*args, **kwargs))
    ~~~~~~~~~~~~~~~~~^^^^^^^^^^^^^^^^^^^^
  File "C:\Users\it.sm.UG-EMERGENCY\AppData\Local\Programs\Python\Python313\Lib\site-packages\django\db\models\sql\query.py", line 1548, in add_q
    clause, _ = self._add_q(q_object, self.used_aliases)
                ~~~~~~~~~~~^^^^^^^^^^^^^^^^^^^^^^^^^^^^^
  File "C:\Users\it.sm.UG-EMERGENCY\AppData\Local\Programs\Python\Python313\Lib\site-packages\django\db\models\sql\query.py", line 1579, in _add_q
    child_clause, needed_inner = self.build_filter(
                                 ~~~~~~~~~~~~~~~~~^
        child,
        ^^^^^^
    ...<6 lines>...
        summarize=summarize,
        ^^^^^^^^^^^^^^^^^^^^
    )
    ^
  File "C:\Users\it.sm.UG-EMERGENCY\AppData\Local\Programs\Python\Python313\Lib\site-packages\django\db\models\sql\query.py", line 1429, in build_filter
    lookups, parts, reffed_expression = self.solve_lookup_type(arg, summarize)
                                        ~~~~~~~~~~~~~~~~~~~~~~^^^^^^^^^^^^^^^^
  File "C:\Users\it.sm.UG-EMERGENCY\AppData\Local\Programs\Python\Python313\Lib\site-packages\django\db\models\sql\query.py", line 1239, in solve_lookup_type
    _, field, _, lookup_parts = self.names_to_path(lookup_splitted, self.get_meta())
                                ~~~~~~~~~~~~~~~~~~^^^^^^^^^^^^^^^^^^^^^^^^^^^^^^^^^^
  File "C:\Users\it.sm.UG-EMERGENCY\AppData\Local\Programs\Python\Python313\Lib\site-packages\django\db\models\sql\query.py", line 1733, in names_to_path
    raise FieldError(
    ...<2 lines>...
    )
django.core.exceptions.FieldError: Cannot resolve keyword 'student' into field. Choices are: code, created_at, id, level, name, students, year_enrollments
ERROR 2026-05-07 12:36:27,664 basehttp 24824 19600 "GET /academics/programmes/3/ HTTP/1.1" 500 133858
ERROR 2026-05-07 13:33:38,637 log 3460 8368 Internal Server Error: /academics/programmes/3/
Traceback (most recent call last):
  File "C:\Users\it.sm.UG-EMERGENCY\AppData\Local\Programs\Python\Python313\Lib\site-packages\django\core\handlers\exception.py", line 55, in inner
    response = get_response(request)
  File "C:\Users\it.sm.UG-EMERGENCY\AppData\Local\Programs\Python\Python313\Lib\site-packages\django\core\handlers\base.py", line 197, in _get_response
    response = wrapped_callback(request, *callback_args, **callback_kwargs)
  File "C:\Users\it.sm.UG-EMERGENCY\AppData\Local\Programs\Python\Python313\Lib\site-packages\django\contrib\auth\decorators.py", line 23, in _wrapper_view
    return view_func(request, *args, **kwargs)
  File "C:\Users\it.sm.UG-EMERGENCY\Desktop\uni\hospital_meal_system\ums\academics\views.py", line 89, in programme_detail
    intakes = Intake.objects.filter(is_active=True).order_by('-start_date')
              ~~~~~~~~~~~~~~~~~~~~~^^^^^^^^^^^^^^^^
  File "C:\Users\it.sm.UG-EMERGENCY\AppData\Local\Programs\Python\Python313\Lib\site-packages\django\db\models\manager.py", line 87, in manager_method
    return getattr(self.get_queryset(), name)(*args, **kwargs)
           ~~~~~~~~~~~~~~~~~~~~~~~~~~~~~~~~~~^^^^^^^^^^^^^^^^^
  File "C:\Users\it.sm.UG-EMERGENCY\AppData\Local\Programs\Python\Python313\Lib\site-packages\django\db\models\query.py", line 1438, in filter
    return self._filter_or_exclude(False, args, kwargs)
           ~~~~~~~~~~~~~~~~~~~~~~~^^^^^^^^^^^^^^^^^^^^^
  File "C:\Users\it.sm.UG-EMERGENCY\AppData\Local\Programs\Python\Python313\Lib\site-packages\django\db\models\query.py", line 1456, in _filter_or_exclude
    clone._filter_or_exclude_inplace(negate, args, kwargs)
    ~~~~~~~~~~~~~~~~~~~~~~~~~~~~~~~~^^^^^^^^^^^^^^^^^^^^^^
  File "C:\Users\it.sm.UG-EMERGENCY\AppData\Local\Programs\Python\Python313\Lib\site-packages\django\db\models\query.py", line 1466, in _filter_or_exclude_inplace
    self._query.add_q(Q(*args, **kwargs))
    ~~~~~~~~~~~~~~~~~^^^^^^^^^^^^^^^^^^^^
  File "C:\Users\it.sm.UG-EMERGENCY\AppData\Local\Programs\Python\Python313\Lib\site-packages\django\db\models\sql\query.py", line 1548, in add_q
    clause, _ = self._add_q(q_object, self.used_aliases)
                ~~~~~~~~~~~^^^^^^^^^^^^^^^^^^^^^^^^^^^^^
  File "C:\Users\it.sm.UG-EMERGENCY\AppData\Local\Programs\Python\Python313\Lib\site-packages\django\db\models\sql\query.py", line 1579, in _add_q
    child_clause, needed_inner = self.build_filter(
                                 ~~~~~~~~~~~~~~~~~^
        child,
        ^^^^^^
    ...<6 lines>...
        summarize=summarize,
        ^^^^^^^^^^^^^^^^^^^^
    )
    ^
  File "C:\Users\it.sm.UG-EMERGENCY\AppData\Local\Programs\Python\Python313\Lib\site-packages\django\db\models\sql\query.py", line 1429, in build_filter
    lookups, parts, reffed_expression = self.solve_lookup_type(arg, summarize)
                                        ~~~~~~~~~~~~~~~~~~~~~~^^^^^^^^^^^^^^^^
  File "C:\Users\it.sm.UG-EMERGENCY\AppData\Local\Programs\Python\Python313\Lib\site-packages\django\db\models\sql\query.py", line 1239, in solve_lookup_type
    _, field, _, lookup_parts = self.names_to_path(lookup_splitted, self.get_meta())
                                ~~~~~~~~~~~~~~~~~~^^^^^^^^^^^^^^^^^^^^^^^^^^^^^^^^^^
  File "C:\Users\it.sm.UG-EMERGENCY\AppData\Local\Programs\Python\Python313\Lib\site-packages\django\db\models\sql\query.py", line 1733, in names_to_path
    raise FieldError(
    ...<2 lines>...
    )
django.core.exceptions.FieldError: Cannot resolve keyword 'is_active' into field. Choices are: applications, code, created_at, id, name, students
ERROR 2026-05-07 13:33:38,651 basehttp 3460 8368 "GET /academics/programmes/3/ HTTP/1.1" 500 134580
ERROR 2026-05-07 13:34:44,544 log 39500 22680 Internal Server Error: /academics/programmes/3/
Traceback (most recent call last):
  File "C:\Users\it.sm.UG-EMERGENCY\AppData\Local\Programs\Python\Python313\Lib\site-packages\django\core\handlers\exception.py", line 55, in inner
    response = get_response(request)
  File "C:\Users\it.sm.UG-EMERGENCY\AppData\Local\Programs\Python\Python313\Lib\site-packages\django\core\handlers\base.py", line 197, in _get_response
    response = wrapped_callback(request, *callback_args, **callback_kwargs)
  File "C:\Users\it.sm.UG-EMERGENCY\AppData\Local\Programs\Python\Python313\Lib\site-packages\django\contrib\auth\decorators.py", line 23, in _wrapper_view
    return view_func(request, *args, **kwargs)
  File "C:\Users\it.sm.UG-EMERGENCY\Desktop\uni\hospital_meal_system\ums\academics\views.py", line 89, in programme_detail
    intakes = Intake.objects.all().order_by('-start_date')
  File "C:\Users\it.sm.UG-EMERGENCY\AppData\Local\Programs\Python\Python313\Lib\site-packages\django\db\models\query.py", line 1664, in order_by
    obj.query.add_ordering(*field_names)
    ~~~~~~~~~~~~~~~~~~~~~~^^^^^^^^^^^^^^
  File "C:\Users\it.sm.UG-EMERGENCY\AppData\Local\Programs\Python\Python313\Lib\site-packages\django\db\models\sql\query.py", line 2230, in add_ordering
    self.names_to_path(item.split(LOOKUP_SEP), self.model._meta)
    ~~~~~~~~~~~~~~~~~~^^^^^^^^^^^^^^^^^^^^^^^^^^^^^^^^^^^^^^^^^^
  File "C:\Users\it.sm.UG-EMERGENCY\AppData\Local\Programs\Python\Python313\Lib\site-packages\django\db\models\sql\query.py", line 1733, in names_to_path
    raise FieldError(
    ...<2 lines>...
    )
django.core.exceptions.FieldError: Cannot resolve keyword 'start_date' into field. Choices are: applications, code, created_at, id, name, students
ERROR 2026-05-07 13:34:44,550 basehttp 39500 22680 "GET /academics/programmes/3/ HTTP/1.1" 500 104118
ERROR 2026-05-07 13:34:45,337 log 39500 22680 Internal Server Error: /academics/programmes/3/
Traceback (most recent call last):
  File "C:\Users\it.sm.UG-EMERGENCY\AppData\Local\Programs\Python\Python313\Lib\site-packages\django\core\handlers\exception.py", line 55, in inner
    response = get_response(request)
  File "C:\Users\it.sm.UG-EMERGENCY\AppData\Local\Programs\Python\Python313\Lib\site-packages\django\core\handlers\base.py", line 197, in _get_response
    response = wrapped_callback(request, *callback_args, **callback_kwargs)
  File "C:\Users\it.sm.UG-EMERGENCY\AppData\Local\Programs\Python\Python313\Lib\site-packages\django\contrib\auth\decorators.py", line 23, in _wrapper_view
    return view_func(request, *args, **kwargs)
  File "C:\Users\it.sm.UG-EMERGENCY\Desktop\uni\hospital_meal_system\ums\academics\views.py", line 89, in programme_detail
    intakes = Intake.objects.all().order_by('-start_date')
  File "C:\Users\it.sm.UG-EMERGENCY\AppData\Local\Programs\Python\Python313\Lib\site-packages\django\db\models\query.py", line 1664, in order_by
    obj.query.add_ordering(*field_names)
    ~~~~~~~~~~~~~~~~~~~~~~^^^^^^^^^^^^^^
  File "C:\Users\it.sm.UG-EMERGENCY\AppData\Local\Programs\Python\Python313\Lib\site-packages\django\db\models\sql\query.py", line 2230, in add_ordering
    self.names_to_path(item.split(LOOKUP_SEP), self.model._meta)
    ~~~~~~~~~~~~~~~~~~^^^^^^^^^^^^^^^^^^^^^^^^^^^^^^^^^^^^^^^^^^
  File "C:\Users\it.sm.UG-EMERGENCY\AppData\Local\Programs\Python\Python313\Lib\site-packages\django\db\models\sql\query.py", line 1733, in names_to_path
    raise FieldError(
    ...<2 lines>...
    )
django.core.exceptions.FieldError: Cannot resolve keyword 'start_date' into field. Choices are: applications, code, created_at, id, name, students
ERROR 2026-05-07 13:34:45,342 basehttp 39500 22680 "GET /academics/programmes/3/ HTTP/1.1" 500 104118
WARNING 2026-05-07 16:18:21,060 log 29568 40136 Forbidden (Permission denied): /finance/students/1/payments/
Traceback (most recent call last):
  File "C:\Users\it.sm.UG-EMERGENCY\AppData\Local\Programs\Python\Python313\Lib\site-packages\django\core\handlers\exception.py", line 55, in inner
    response = get_response(request)
  File "C:\Users\it.sm.UG-EMERGENCY\AppData\Local\Programs\Python\Python313\Lib\site-packages\django\core\handlers\base.py", line 197, in _get_response
    response = wrapped_callback(request, *callback_args, **callback_kwargs)
  File "C:\Users\it.sm.UG-EMERGENCY\AppData\Local\Programs\Python\Python313\Lib\site-packages\django\contrib\auth\decorators.py", line 23, in _wrapper_view
    return view_func(request, *args, **kwargs)
  File "C:\Users\it.sm.UG-EMERGENCY\Desktop\uni\hospital_meal_system\ums\accounts\decorators.py", line 17, in wrapper
    raise PermissionDenied
django.core.exceptions.PermissionDenied
WARNING 2026-05-07 16:18:21,081 basehttp 29568 40136 "GET /finance/students/1/payments/ HTTP/1.1" 403 135
WARNING 2026-05-07 16:24:20,868 log 29568 40136 Forbidden (Permission denied): /reports/financial/
Traceback (most recent call last):
  File "C:\Users\it.sm.UG-EMERGENCY\AppData\Local\Programs\Python\Python313\Lib\site-packages\django\core\handlers\exception.py", line 55, in inner
    response = get_response(request)
  File "C:\Users\it.sm.UG-EMERGENCY\AppData\Local\Programs\Python\Python313\Lib\site-packages\django\core\handlers\base.py", line 197, in _get_response
    response = wrapped_callback(request, *callback_args, **callback_kwargs)
  File "C:\Users\it.sm.UG-EMERGENCY\AppData\Local\Programs\Python\Python313\Lib\site-packages\django\contrib\auth\decorators.py", line 23, in _wrapper_view
    return view_func(request, *args, **kwargs)
  File "C:\Users\it.sm.UG-EMERGENCY\Desktop\uni\hospital_meal_system\ums\accounts\decorators.py", line 17, in wrapper
    raise PermissionDenied
django.core.exceptions.PermissionDenied
WARNING 2026-05-07 16:24:20,870 basehttp 29568 40136 "GET /reports/financial/ HTTP/1.1" 403 135
WARNING 2026-05-07 16:24:24,725 log 29568 40136 Forbidden (Permission denied): /reports/export/students/
Traceback (most recent call last):
  File "C:\Users\it.sm.UG-EMERGENCY\AppData\Local\Programs\Python\Python313\Lib\site-packages\django\core\handlers\exception.py", line 55, in inner
    response = get_response(request)
  File "C:\Users\it.sm.UG-EMERGENCY\AppData\Local\Programs\Python\Python313\Lib\site-packages\django\core\handlers\base.py", line 197, in _get_response
    response = wrapped_callback(request, *callback_args, **callback_kwargs)
  File "C:\Users\it.sm.UG-EMERGENCY\AppData\Local\Programs\Python\Python313\Lib\site-packages\django\contrib\auth\decorators.py", line 23, in _wrapper_view
    return view_func(request, *args, **kwargs)
  File "C:\Users\it.sm.UG-EMERGENCY\Desktop\uni\hospital_meal_system\ums\accounts\decorators.py", line 17, in wrapper
    raise PermissionDenied
django.core.exceptions.PermissionDenied
WARNING 2026-05-07 16:24:24,727 basehttp 29568 40136 "GET /reports/export/students/ HTTP/1.1" 403 135
WARNING 2026-05-07 19:26:22,070 log 29568 23608 Not Found: /students/my-results/register_course
WARNING 2026-05-07 19:26:22,074 basehttp 29568 23608 "POST /students/my-results/register_course HTTP/1.1" 404 7138
WARNING 2026-05-07 19:28:46,510 basehttp 29568 42120 "GET /static/admin/login.css HTTP/1.1" 404 1908
WARNING 2026-05-07 19:37:11,625 log 29568 17836 Forbidden (CSRF token missing.): /students/register-courses/
WARNING 2026-05-07 19:37:11,637 basehttp 29568 17836 "POST /students/register-courses/ HTTP/1.1" 403 2506
ERROR 2026-05-07 20:16:43,471 log 29568 23904 Internal Server Error: /reports/attendance/
Traceback (most recent call last):
  File "C:\Users\it.sm.UG-EMERGENCY\AppData\Local\Programs\Python\Python313\Lib\site-packages\django\core\handlers\exception.py", line 55, in inner
    response = get_response(request)
  File "C:\Users\it.sm.UG-EMERGENCY\AppData\Local\Programs\Python\Python313\Lib\site-packages\django\core\handlers\base.py", line 197, in _get_response
    response = wrapped_callback(request, *callback_args, **callback_kwargs)
  File "C:\Users\it.sm.UG-EMERGENCY\AppData\Local\Programs\Python\Python313\Lib\site-packages\django\contrib\auth\decorators.py", line 23, in _wrapper_view
    return view_func(request, *args, **kwargs)
  File "C:\Users\it.sm.UG-EMERGENCY\Desktop\uni\hospital_meal_system\ums\accounts\decorators.py", line 13, in wrapper
    return view_func(request, *args, **kwargs)
  File "C:\Users\it.sm.UG-EMERGENCY\Desktop\uni\hospital_meal_system\ums\reports\views.py", line 117, in attendance_report
    allocations = CourseAllocation.objects.filter(
                  ~~~~~~~~~~~~~~~~~~~~~~~~~~~~~~~^
        semester__is_current=True
        ^^^^^^^^^^^^^^^^^^^^^^^^^
    ).select_related('course', 'lecturer')
    ^
  File "C:\Users\it.sm.UG-EMERGENCY\AppData\Local\Programs\Python\Python313\Lib\site-packages\django\db\models\manager.py", line 87, in manager_method
    return getattr(self.get_queryset(), name)(*args, **kwargs)
           ~~~~~~~~~~~~~~~~~~~~~~~~~~~~~~~~~~^^^^^^^^^^^^^^^^^
  File "C:\Users\it.sm.UG-EMERGENCY\AppData\Local\Programs\Python\Python313\Lib\site-packages\django\db\models\query.py", line 1438, in filter
    return self._filter_or_exclude(False, args, kwargs)
           ~~~~~~~~~~~~~~~~~~~~~~~^^^^^^^^^^^^^^^^^^^^^
  File "C:\Users\it.sm.UG-EMERGENCY\AppData\Local\Programs\Python\Python313\Lib\site-packages\django\db\models\query.py", line 1456, in _filter_or_exclude
    clone._filter_or_exclude_inplace(negate, args, kwargs)
    ~~~~~~~~~~~~~~~~~~~~~~~~~~~~~~~~^^^^^^^^^^^^^^^^^^^^^^
  File "C:\Users\it.sm.UG-EMERGENCY\AppData\Local\Programs\Python\Python313\Lib\site-packages\django\db\models\query.py", line 1466, in _filter_or_exclude_inplace
    self._query.add_q(Q(*args, **kwargs))
    ~~~~~~~~~~~~~~~~~^^^^^^^^^^^^^^^^^^^^
  File "C:\Users\it.sm.UG-EMERGENCY\AppData\Local\Programs\Python\Python313\Lib\site-packages\django\db\models\sql\query.py", line 1548, in add_q
    clause, _ = self._add_q(q_object, self.used_aliases)
                ~~~~~~~~~~~^^^^^^^^^^^^^^^^^^^^^^^^^^^^^
  File "C:\Users\it.sm.UG-EMERGENCY\AppData\Local\Programs\Python\Python313\Lib\site-packages\django\db\models\sql\query.py", line 1579, in _add_q
    child_clause, needed_inner = self.build_filter(
                                 ~~~~~~~~~~~~~~~~~^
        child,
        ^^^^^^
    ...<6 lines>...
        summarize=summarize,
        ^^^^^^^^^^^^^^^^^^^^
    )
    ^
  File "C:\Users\it.sm.UG-EMERGENCY\AppData\Local\Programs\Python\Python313\Lib\site-packages\django\db\models\sql\query.py", line 1494, in build_filter
    condition = self.build_lookup(lookups, col, value)
  File "C:\Users\it.sm.UG-EMERGENCY\AppData\Local\Programs\Python\Python313\Lib\site-packages\django\db\models\sql\query.py", line 1315, in build_lookup
    lhs = self.try_transform(lhs, lookup_name)
  File "C:\Users\it.sm.UG-EMERGENCY\AppData\Local\Programs\Python\Python313\Lib\site-packages\django\db\models\sql\query.py", line 1359, in try_transform
    raise FieldError(
    ...<2 lines>...
    )
django.core.exceptions.FieldError: Unsupported lookup 'is_current' for ForeignKey or join on the field not permitted.
ERROR 2026-05-07 20:16:43,503 basehttp 29568 23904 "GET /reports/attendance/ HTTP/1.1" 500 137416
